id,name,name_fr,validFrom
ocd-division/country:ca/ed:10001-2013,Avalon,Avalon,2015-10-19
ocd-division/country:ca/ed:10002-2013,Bonavista—Burin—Trinity,Bonavista—Burin—Trinity,2015-10-19
ocd-division/country:ca/ed:10003-2013,Coast of Bays—Central—Notre Dame,Coast of Bays—Central—Notre Dame,2015-10-19
ocd-division/country:ca/ed:10004-2013,Labrador,Labrador,2015-10-19
ocd-division/country:ca/ed:10005-2013,Long Range Mountains,Long Range Mountains,2015-10-19
ocd-division/country:ca/ed:10006-2013,St. John's East,St. John's-Est,2015-10-19
ocd-division/country:ca/ed:10007-2013,St. John's South—Mount Pearl,St. John's-Sud—Mount Pearl,2015-10-19
ocd-division/country:ca/ed:11001-2013,Cardigan,Cardigan,2015-10-19
ocd-division/country:ca/ed:11002-2013,Charlottetown,Charlottetown,2015-10-19
ocd-division/country:ca/ed:11003-2013,Egmont,Egmont,2015-10-19
ocd-division/country:ca/ed:11004-2013,Malpeque,Malpeque,2015-10-19
ocd-division/country:ca/ed:12001-2013,Cape Breton—Canso,Cape Breton—Canso,2015-10-19
ocd-division/country:ca/ed:12002-2013,Central Nova,Nova-Centre,2015-10-19
ocd-division/country:ca/ed:12003-2013,Cumberland—Colchester,Cumberland—Colchester,2015-10-19
ocd-division/country:ca/ed:12004-2013,Dartmouth—Cole Harbour,Dartmouth—Cole Harbour,2015-10-19
ocd-division/country:ca/ed:12005-2013,Halifax,Halifax,2015-10-19
ocd-division/country:ca/ed:12005-2013,Halifax,Halifax,2015-10-19
ocd-division/country:ca/ed:12006-2013,Halifax West,Halifax-Ouest,2015-10-19
ocd-division/country:ca/ed:12007-2013,Kings—Hants,Kings—Hants,2015-10-19
ocd-division/country:ca/ed:12008-2013,Sackville—Preston—Chezzetcook,Sackville—Preston—Chezzetcook,2015-10-19
ocd-division/country:ca/ed:12009-2013,South Shore—St. Margarets,South Shore—St. Margarets,2015-10-19
ocd-division/country:ca/ed:12010-2013,Sydney—Victoria,Sydney—Victoria,2015-10-19
ocd-division/country:ca/ed:12011-2013,West Nova,Nova-Ouest,2015-10-19
ocd-division/country:ca/ed:13001-2013,Acadie—Bathurst,Acadie—Bathurst,2015-10-19
ocd-division/country:ca/ed:13002-2013,Beauséjour,Beauséjour,2015-10-19
ocd-division/country:ca/ed:13003-2013,Fredericton,Fredericton,2015-10-19
ocd-division/country:ca/ed:13004-2013,Fundy Royal,Fundy Royal,2015-10-19
ocd-division/country:ca/ed:13005-2013,Madawaska—Restigouche,Madawaska—Restigouche,2015-10-19
ocd-division/country:ca/ed:13006-2013,Miramichi—Grand Lake,Miramichi—Grand Lake,2015-10-19
ocd-division/country:ca/ed:13007-2013,Moncton—Riverview—Dieppe,Moncton—Riverview—Dieppe,2015-10-19
ocd-division/country:ca/ed:13008-2013,New Brunswick Southwest,Nouveau-Brunswick-Sud-Ouest,2015-10-19
ocd-division/country:ca/ed:13009-2013,Saint John—Rothesay,Saint John—Rothesay,2015-10-19
ocd-division/country:ca/ed:13010-2013,Tobique—Mactaquac,Tobique—Mactaquac,2015-10-19
ocd-division/country:ca/ed:24001-2013,Abitibi—Baie-James—Nunavik—Eeyou,Abitibi—Baie-James—Nunavik—Eeyou,2015-10-19
ocd-division/country:ca/ed:24002-2013,Abitibi—Témiscamingue,Abitibi—Témiscamingue,2015-10-19
ocd-division/country:ca/ed:24003-2013,Ahuntsic-Cartierville,Ahuntsic-Cartierville,2015-10-19
ocd-division/country:ca/ed:24004-2013,Alfred-Pellan,Alfred-Pellan,2015-10-19
ocd-division/country:ca/ed:24005-2013,Argenteuil—La Petite-Nation,Argenteuil—La Petite-Nation,2015-10-19
ocd-division/country:ca/ed:24006-2013,Avignon—La Mitis—Matane—Matapédia,Avignon—La Mitis—Matane—Matapédia,2015-10-19
ocd-division/country:ca/ed:24007-2013,Beauce,Beauce,2015-10-19
ocd-division/country:ca/ed:24008-2013,Beauport—Limoilou,Beauport—Limoilou,2015-10-19
ocd-division/country:ca/ed:24009-2013,Bécancour—Nicolet—Saurel,Bécancour—Nicolet—Saurel,2015-10-19
ocd-division/country:ca/ed:24010-2013,Bellechasse—Les Etchemins—Lévis,Bellechasse—Les Etchemins—Lévis,2015-10-19
ocd-division/country:ca/ed:24011-2013,Beloeil—Chambly,Beloeil—Chambly,2015-10-19
ocd-division/country:ca/ed:24012-2013,Berthier—Maskinongé,Berthier—Maskinongé,2015-10-19
ocd-division/country:ca/ed:24013-2013,Thérèse-De Blainville,Thérèse-De Blainville,2015-10-19
ocd-division/country:ca/ed:24014-2013,Pierre-Boucher—Les Patriotes—Verchères,Pierre-Boucher—Les Patriotes—Verchères,2015-10-19
ocd-division/country:ca/ed:24015-2013,Bourassa,Bourassa,2015-10-19
ocd-division/country:ca/ed:24016-2013,Brome—Missisquoi,Brome—Missisquoi,2015-10-19
ocd-division/country:ca/ed:24017-2013,Brossard—Saint-Lambert,Brossard—Saint-Lambert,2015-10-19
ocd-division/country:ca/ed:24018-2013,Rimouski-Neigette—Témiscouata—Les Basques,Rimouski-Neigette—Témiscouata—Les Basques,2015-10-19
ocd-division/country:ca/ed:24019-2013,Charlesbourg—Haute-Saint-Charles,Charlesbourg—Haute-Saint-Charles,2015-10-19
ocd-division/country:ca/ed:24020-2013,Beauport—Côte-de-Beaupré—Île d'Orléans—Charlevoix,Beauport—Côte-de-Beaupré—Île d'Orléans—Charlevoix,2015-10-19
ocd-division/country:ca/ed:24021-2013,Châteauguay—Lacolle,Châteauguay—Lacolle,2015-10-19
ocd-division/country:ca/ed:24022-2013,Chicoutimi—Le Fjord,Chicoutimi—Le Fjord,2015-10-19
ocd-division/country:ca/ed:24023-2013,Compton—Stanstead,Compton—Stanstead,2015-10-19
ocd-division/country:ca/ed:24024-2013,Dorval—Lachine—LaSalle,Dorval—Lachine—LaSalle,2015-10-19
ocd-division/country:ca/ed:24025-2013,Drummond,Drummond,2015-10-19
ocd-division/country:ca/ed:24026-2013,Gaspésie—Les Îles-de-la-Madeleine,Gaspésie—Les Îles-de-la-Madeleine,2015-10-19
ocd-division/country:ca/ed:24026-2013,Gaspésie—Les Îles-de-la-Madeleine,Gaspésie—Les Îles-de-la-Madeleine,2015-10-19
ocd-division/country:ca/ed:24027-2013,Gatineau,Gatineau,2015-10-19
ocd-division/country:ca/ed:24028-2013,Hochelaga,Hochelaga,2015-10-19
ocd-division/country:ca/ed:24029-2013,Honoré-Mercier,Honoré-Mercier,2015-10-19
ocd-division/country:ca/ed:24030-2013,Hull—Aylmer,Hull—Aylmer,2015-10-19
ocd-division/country:ca/ed:24031-2013,Joliette,Joliette,2015-10-19
ocd-division/country:ca/ed:24032-2013,Jonquière,Jonquière,2015-10-19
ocd-division/country:ca/ed:24033-2013,La Pointe-de-l'Île,La Pointe-de-l'Île,2015-10-19
ocd-division/country:ca/ed:24034-2013,La Prairie,La Prairie,2015-10-19
ocd-division/country:ca/ed:24035-2013,Lac-Saint-Jean,Lac-Saint-Jean,2015-10-19
ocd-division/country:ca/ed:24036-2013,Lac-Saint-Louis,Lac-Saint-Louis,2015-10-19
ocd-division/country:ca/ed:24037-2013,LaSalle—Émard—Verdun,LaSalle—Émard—Verdun,2015-10-19
ocd-division/country:ca/ed:24038-2013,Laurentides—Labelle,Laurentides—Labelle,2015-10-19
ocd-division/country:ca/ed:24039-2013,Laurier—Sainte-Marie,Laurier—Sainte-Marie,2015-10-19
ocd-division/country:ca/ed:24040-2013,Laval—Les Îles,Laval—Les Îles,2015-10-19
ocd-division/country:ca/ed:24041-2013,Longueuil—Charles-LeMoyne,Longueuil—Charles-Lemoyne,2015-10-19
ocd-division/country:ca/ed:24042-2013,Lévis—Lotbinière,Lévis—Lotbinière,2015-10-19
ocd-division/country:ca/ed:24043-2013,Longueuil—Saint-Hubert,Longueuil—Saint-Hubert,2015-10-19
ocd-division/country:ca/ed:24044-2013,Louis-Hébert,Louis-Hébert,2015-10-19
ocd-division/country:ca/ed:24045-2013,Louis-Saint-Laurent,Louis-Saint-Laurent,2015-10-19
ocd-division/country:ca/ed:24046-2013,Manicouagan,Manicouagan,2015-10-19
ocd-division/country:ca/ed:24046-2013,Manicouagan,Manicouagan,2015-10-19
ocd-division/country:ca/ed:24046-2013,Manicouagan,Manicouagan,2015-10-19
ocd-division/country:ca/ed:24047-2013,Mégantic—L'Érable,Mégantic—L'Érable,2015-10-19
ocd-division/country:ca/ed:24048-2013,Mirabel,Mirabel,2015-10-19
ocd-division/country:ca/ed:24049-2013,Montarville,Montarville,2015-10-19
ocd-division/country:ca/ed:24050-2013,Montcalm,Montcalm,2015-10-19
ocd-division/country:ca/ed:24051-2013,Montmagny—L'Islet—Kamouraska—Rivière-du-Loup,Montmagny—L'Islet—Kamouraska—Rivière-du-Loup,2015-10-19
ocd-division/country:ca/ed:24052-2013,Mount Royal,Mont-Royal,2015-10-19
ocd-division/country:ca/ed:24053-2013,Notre-Dame-de-Grâce—Westmount,Notre-Dame-de-Grâce—Westmount,2015-10-19
ocd-division/country:ca/ed:24054-2013,Outremont,Outremont,2015-10-19
ocd-division/country:ca/ed:24055-2013,Papineau,Papineau,2015-10-19
ocd-division/country:ca/ed:24056-2013,Pierrefonds—Dollard,Pierrefonds—Dollard,2015-10-19
ocd-division/country:ca/ed:24057-2013,Pontiac,Pontiac,2015-10-19
ocd-division/country:ca/ed:24058-2013,Portneuf—Jacques-Cartier,Portneuf—Jacques-Cartier,2015-10-19
ocd-division/country:ca/ed:24059-2013,Québec,Québec,2015-10-19
ocd-division/country:ca/ed:24060-2013,Repentigny,Repentigny,2015-10-19
ocd-division/country:ca/ed:24061-2013,Richmond—Arthabaska,Richmond—Arthabaska,2015-10-19
ocd-division/country:ca/ed:24062-2013,Rivière-des-Mille-Îles,Rivière-des-Mille-Îles,2015-10-19
ocd-division/country:ca/ed:24063-2013,Rivière-du-Nord,Rivière-du-Nord,2015-10-19
ocd-division/country:ca/ed:24064-2013,Rosemont—La Petite-Patrie,Rosemont—La Petite-Patrie,2015-10-19
ocd-division/country:ca/ed:24065-2013,Marc-Aurèle-Fortin,Marc-Aurèle-Fortin,2015-10-19
ocd-division/country:ca/ed:24066-2013,Saint-Hyacinthe—Bagot,Saint-Hyacinthe—Bagot,2015-10-19
ocd-division/country:ca/ed:24067-2013,Saint-Jean,Saint-Jean,2015-10-19
ocd-division/country:ca/ed:24068-2013,Saint-Laurent,Saint-Laurent,2015-10-19
ocd-division/country:ca/ed:24069-2013,Saint-Léonard—Saint-Michel,Saint-Léonard—Saint-Michel,2015-10-19
ocd-division/country:ca/ed:24070-2013,Saint-Maurice—Champlain,Saint-Maurice—Champlain,2015-10-19
ocd-division/country:ca/ed:24071-2013,Salaberry—Suroît,Salaberry—Suroît,2015-10-19
ocd-division/country:ca/ed:24072-2013,Shefford,Shefford,2015-10-19
ocd-division/country:ca/ed:24073-2013,Sherbrooke,Sherbrooke,2015-10-19
ocd-division/country:ca/ed:24074-2013,Vaudreuil—Soulanges,Vaudreuil—Soulanges,2015-10-19
ocd-division/country:ca/ed:24075-2013,Terrebonne,Terrebonne,2015-10-19
ocd-division/country:ca/ed:24076-2013,Trois-Rivières,Trois-Rivières,2015-10-19
ocd-division/country:ca/ed:24077-2013,Ville-Marie—Le Sud-Ouest—Île-des-Soeurs,Ville-Marie—Le Sud-Ouest—Île-des-Sœurs,2015-10-19
ocd-division/country:ca/ed:24078-2013,Vimy,Vimy,2015-10-19
ocd-division/country:ca/ed:35001-2013,Ajax,Ajax,2015-10-19
ocd-division/country:ca/ed:35002-2013,Algoma—Manitoulin—Kapuskasing,Algoma—Manitoulin—Kapuskasing,2015-10-19
ocd-division/country:ca/ed:35003-2013,Aurora—Oak Ridges—Richmond Hill,Aurora—Oak Ridges—Richmond Hill,2015-10-19
ocd-division/country:ca/ed:35004-2013,Barrie—Innisfil,Barrie—Innisfil,2015-10-19
ocd-division/country:ca/ed:35005-2013,Barrie—Springwater—Oro-Medonte,Barrie—Springwater—Oro-Medonte,2015-10-19
ocd-division/country:ca/ed:35006-2013,Bay of Quinte,Baie de Quinte,2015-10-19
ocd-division/country:ca/ed:35007-2013,Beaches—East York,Beaches—East York,2015-10-19
ocd-division/country:ca/ed:35008-2013,Brampton Centre,Brampton-Centre,2015-10-19
ocd-division/country:ca/ed:35009-2013,Brampton East,Brampton-Est,2015-10-19
ocd-division/country:ca/ed:35010-2013,Brampton North,Brampton-Nord,2015-10-19
ocd-division/country:ca/ed:35011-2013,Brampton South,Brampton-Sud,2015-10-19
ocd-division/country:ca/ed:35012-2013,Brampton West,Brampton-Ouest,2015-10-19
ocd-division/country:ca/ed:35013-2013,Brantford—Brant,Brantford—Brant,2015-10-19
ocd-division/country:ca/ed:35014-2013,Bruce—Grey—Owen Sound,Bruce—Grey—Owen Sound,2015-10-19
ocd-division/country:ca/ed:35015-2013,Burlington,Burlington,2015-10-19
ocd-division/country:ca/ed:35016-2013,Cambridge,Cambridge,2015-10-19
ocd-division/country:ca/ed:35017-2013,Chatham-Kent—Leamington,Chatham-Kent—Leamington,2015-10-19
ocd-division/country:ca/ed:35018-2013,Davenport,Davenport,2015-10-19
ocd-division/country:ca/ed:35019-2013,Don Valley East,Don Valley-Est,2015-10-19
ocd-division/country:ca/ed:35020-2013,Don Valley North,Don Valley-Nord,2015-10-19
ocd-division/country:ca/ed:35021-2013,Don Valley West,Don Valley-Ouest,2015-10-19
ocd-division/country:ca/ed:35022-2013,Dufferin—Caledon,Dufferin—Caledon,2015-10-19
ocd-division/country:ca/ed:35023-2013,Durham,Durham,2015-10-19
ocd-division/country:ca/ed:35024-2013,Eglinton—Lawrence,Eglinton—Lawrence,2015-10-19
ocd-division/country:ca/ed:35025-2013,Elgin—Middlesex—London,Elgin—Middlesex—London,2015-10-19
ocd-division/country:ca/ed:35026-2013,Essex,Essex,2015-10-19
ocd-division/country:ca/ed:35027-2013,Etobicoke Centre,Etobicoke-Centre,2015-10-19
ocd-division/country:ca/ed:35028-2013,Etobicoke—Lakeshore,Etobicoke—Lakeshore,2015-10-19
ocd-division/country:ca/ed:35029-2013,Etobicoke North,Etobicoke-Nord,2015-10-19
ocd-division/country:ca/ed:35030-2013,Flamborough—Glanbrook,Flamborough—Glanbrook,2015-10-19
ocd-division/country:ca/ed:35031-2013,Glengarry—Prescott—Russell,Glengarry—Prescott—Russell,2015-10-19
ocd-division/country:ca/ed:35032-2013,Guelph,Guelph,2015-10-19
ocd-division/country:ca/ed:35033-2013,Haldimand—Norfolk,Haldimand—Norfolk,2015-10-19
ocd-division/country:ca/ed:35034-2013,Haliburton—Kawartha Lakes—Brock,Haliburton—Kawartha Lakes—Brock,2015-10-19
ocd-division/country:ca/ed:35035-2013,Hamilton Centre,Hamilton-Centre,2015-10-19
ocd-division/country:ca/ed:35036-2013,Hamilton East—Stoney Creek,Hamilton-Est—Stoney Creek,2015-10-19
ocd-division/country:ca/ed:35037-2013,Hamilton Mountain,Hamilton Mountain,2015-10-19
ocd-division/country:ca/ed:35038-2013,Hamilton West—Ancaster—Dundas,Hamilton-Ouest—Ancaster—Dundas,2015-10-19
ocd-division/country:ca/ed:35039-2013,Hastings—Lennox and Addington,Hastings—Lennox and Addington,2015-10-19
ocd-division/country:ca/ed:35040-2013,Huron—Bruce,Huron—Bruce,2015-10-19
ocd-division/country:ca/ed:35041-2013,Kanata—Carleton,Kanata—Carleton,2015-10-19
ocd-division/country:ca/ed:35042-2013,Kenora,Kenora,2015-10-19
ocd-division/country:ca/ed:35043-2013,King—Vaughan,King—Vaughan,2015-10-19
ocd-division/country:ca/ed:35044-2013,Kingston and the Islands,Kingston et les Îles,2015-10-19
ocd-division/country:ca/ed:35045-2013,Kitchener Centre,Kitchener-Centre,2015-10-19
ocd-division/country:ca/ed:35046-2013,Kitchener—Conestoga,Kitchener—Conestoga,2015-10-19
ocd-division/country:ca/ed:35047-2013,Kitchener South—Hespeler,Kitchener-Sud—Hespeler,2015-10-19
ocd-division/country:ca/ed:35048-2013,Lambton—Kent—Middlesex,Lambton—Kent—Middlesex,2015-10-19
ocd-division/country:ca/ed:35049-2013,Lanark—Frontenac—Kingston,Lanark—Frontenac—Kingston,2015-10-19
ocd-division/country:ca/ed:35050-2013,Leeds—Grenville—Thousand Islands and Rideau Lakes,Leeds—Grenville—Thousand Islands et Rideau Lakes,2015-10-19
ocd-division/country:ca/ed:35051-2013,London—Fanshawe,London—Fanshawe,2015-10-19
ocd-division/country:ca/ed:35052-2013,London North Centre,London-Centre-Nord,2015-10-19
ocd-division/country:ca/ed:35053-2013,London West,London-Ouest,2015-10-19
ocd-division/country:ca/ed:35054-2013,Markham—Stouffville,Markham—Stouffville,2015-10-19
ocd-division/country:ca/ed:35055-2013,Markham—Thornhill,Markham—Thornhill,2015-10-19
ocd-division/country:ca/ed:35056-2013,Markham—Unionville,Markham—Unionville,2015-10-19
ocd-division/country:ca/ed:35057-2013,Milton,Milton,2015-10-19
ocd-division/country:ca/ed:35058-2013,Mississauga Centre,Mississauga-Centre,2015-10-19
ocd-division/country:ca/ed:35059-2013,Mississauga East—Cooksville,Mississauga-Est—Cooksville,2015-10-19
ocd-division/country:ca/ed:35060-2013,Mississauga—Erin Mills,Mississauga—Erin Mills,2015-10-19
ocd-division/country:ca/ed:35061-2013,Mississauga—Lakeshore,Mississauga—Lakeshore,2015-10-19
ocd-division/country:ca/ed:35062-2013,Mississauga—Malton,Mississauga—Malton,2015-10-19
ocd-division/country:ca/ed:35063-2013,Mississauga—Streetsville,Mississauga—Streetsville,2015-10-19
ocd-division/country:ca/ed:35064-2013,Nepean,Nepean,2015-10-19
ocd-division/country:ca/ed:35065-2013,Newmarket—Aurora,Newmarket—Aurora,2015-10-19
ocd-division/country:ca/ed:35066-2013,Niagara Centre,Niagara-Centre,2015-10-19
ocd-division/country:ca/ed:35067-2013,Niagara Falls,Niagara Falls,2015-10-19
ocd-division/country:ca/ed:35068-2013,Niagara West,Niagara-Ouest,2015-10-19
ocd-division/country:ca/ed:35069-2013,Nickel Belt,Nickel Belt,2015-10-19
ocd-division/country:ca/ed:35070-2013,Nipissing—Timiskaming,Nipissing—Timiskaming,2015-10-19
ocd-division/country:ca/ed:35071-2013,Northumberland—Peterborough South,Northumberland—Peterborough-Sud,2015-10-19
ocd-division/country:ca/ed:35072-2013,Oakville,Oakville,2015-10-19
ocd-division/country:ca/ed:35073-2013,Oakville North—Burlington,Oakville-Nord—Burlington,2015-10-19
ocd-division/country:ca/ed:35074-2013,Oshawa,Oshawa,2015-10-19
ocd-division/country:ca/ed:35075-2013,Ottawa Centre,Ottawa-Centre,2015-10-19
ocd-division/country:ca/ed:35076-2013,Orléans,Orléans,2015-10-19
ocd-division/country:ca/ed:35077-2013,Ottawa South,Ottawa-Sud,2015-10-19
ocd-division/country:ca/ed:35078-2013,Ottawa—Vanier,Ottawa—Vanier,2015-10-19
ocd-division/country:ca/ed:35079-2013,Ottawa West—Nepean,Ottawa-Ouest—Nepean,2015-10-19
ocd-division/country:ca/ed:35080-2013,Oxford,Oxford,2015-10-19
ocd-division/country:ca/ed:35081-2013,Parkdale—High Park,Parkdale—High Park,2015-10-19
ocd-division/country:ca/ed:35082-2013,Parry Sound—Muskoka,Parry Sound—Muskoka,2015-10-19
ocd-division/country:ca/ed:35083-2013,Perth—Wellington,Perth—Wellington,2015-10-19
ocd-division/country:ca/ed:35084-2013,Peterborough—Kawartha,Peterborough—Kawartha,2015-10-19
ocd-division/country:ca/ed:35085-2013,Pickering—Uxbridge,Pickering—Uxbridge,2015-10-19
ocd-division/country:ca/ed:35086-2013,Renfrew—Nipissing—Pembroke,Renfrew—Nipissing—Pembroke,2015-10-19
ocd-division/country:ca/ed:35087-2013,Richmond Hill,Richmond Hill,2015-10-19
ocd-division/country:ca/ed:35088-2013,Carleton,Carleton,2015-10-19
ocd-division/country:ca/ed:35089-2013,St. Catharines,St. Catharines,2015-10-19
ocd-division/country:ca/ed:35090-2013,Toronto—St. Paul's,Toronto—St. Paul's,2015-10-19
ocd-division/country:ca/ed:35091-2013,Sarnia—Lambton,Sarnia—Lambton,2015-10-19
ocd-division/country:ca/ed:35092-2013,Sault Ste. Marie,Sault Ste. Marie,2015-10-19
ocd-division/country:ca/ed:35093-2013,Scarborough—Agincourt,Scarborough—Agincourt,2015-10-19
ocd-division/country:ca/ed:35094-2013,Scarborough Centre,Scarborough-Centre,2015-10-19
ocd-division/country:ca/ed:35095-2013,Scarborough—Guildwood,Scarborough—Guildwood,2015-10-19
ocd-division/country:ca/ed:35096-2013,Scarborough North,Scarborough-Nord,2015-10-19
ocd-division/country:ca/ed:35097-2013,Scarborough—Rouge Park,Scarborough—Rouge Park,2015-10-19
ocd-division/country:ca/ed:35098-2013,Scarborough Southwest,Scarborough-Sud-Ouest,2015-10-19
ocd-division/country:ca/ed:35099-2013,Simcoe—Grey,Simcoe—Grey,2015-10-19
ocd-division/country:ca/ed:35100-2013,Simcoe North,Simcoe-Nord,2015-10-19
ocd-division/country:ca/ed:35101-2013,Spadina—Fort York,Spadina—Fort York,2015-10-19
ocd-division/country:ca/ed:35102-2013,Stormont—Dundas—South Glengarry,Stormont—Dundas—South Glengarry,2015-10-19
ocd-division/country:ca/ed:35103-2013,Sudbury,Sudbury,2015-10-19
ocd-division/country:ca/ed:35104-2013,Thornhill,Thornhill,2015-10-19
ocd-division/country:ca/ed:35105-2013,Thunder Bay—Rainy River,Thunder Bay—Rainy River,2015-10-19
ocd-division/country:ca/ed:35106-2013,Thunder Bay—Superior North,Thunder Bay—Supérieur-Nord,2015-10-19
ocd-division/country:ca/ed:35107-2013,Timmins—James Bay,Timmins—Baie James,2015-10-19
ocd-division/country:ca/ed:35108-2013,Toronto Centre,Toronto-Centre,2015-10-19
ocd-division/country:ca/ed:35109-2013,Toronto—Danforth,Toronto—Danforth,2015-10-19
ocd-division/country:ca/ed:35110-2013,University—Rosedale,University—Rosedale,2015-10-19
ocd-division/country:ca/ed:35111-2013,Vaughan—Woodbridge,Vaughan—Woodbridge,2015-10-19
ocd-division/country:ca/ed:35112-2013,Waterloo,Waterloo,2015-10-19
ocd-division/country:ca/ed:35113-2013,Wellington—Halton Hills,Wellington—Halton Hills,2015-10-19
ocd-division/country:ca/ed:35114-2013,Whitby,Whitby,2015-10-19
ocd-division/country:ca/ed:35115-2013,Willowdale,Willowdale,2015-10-19
ocd-division/country:ca/ed:35116-2013,Windsor—Tecumseh,Windsor—Tecumseh,2015-10-19
ocd-division/country:ca/ed:35117-2013,Windsor West,Windsor-Ouest,2015-10-19
ocd-division/country:ca/ed:35118-2013,York Centre,York-Centre,2015-10-19
ocd-division/country:ca/ed:35119-2013,York—Simcoe,York—Simcoe,2015-10-19
ocd-division/country:ca/ed:35120-2013,York South—Weston,York-Sud—Weston,2015-10-19
ocd-division/country:ca/ed:35121-2013,Humber River—Black Creek,Humber River—Black Creek,2015-10-19
ocd-division/country:ca/ed:46001-2013,Brandon—Souris,Brandon—Souris,2015-10-19
ocd-division/country:ca/ed:46001-2013,Brandon—Souris,Brandon—Souris,2015-10-19
ocd-division/country:ca/ed:46002-2013,Charleswood—St. James—Assiniboia—Headingley,Charleswood—St. James—Assiniboia—Headingley,2015-10-19
ocd-division/country:ca/ed:46003-2013,Churchill—Keewatinook Aski,Churchill—Keewatinook Aski,2015-10-19
ocd-division/country:ca/ed:46004-2013,Dauphin—Swan River—Neepawa,Dauphin—Swan River—Neepawa,2015-10-19
ocd-division/country:ca/ed:46005-2013,Elmwood—Transcona,Elmwood—Transcona,2015-10-19
ocd-division/country:ca/ed:46006-2013,Kildonan—St. Paul,Kildonan—St. Paul,2015-10-19
ocd-division/country:ca/ed:46007-2013,Portage—Lisgar,Portage—Lisgar,2015-10-19
ocd-division/country:ca/ed:46008-2013,Provencher,Provencher,2015-10-19
ocd-division/country:ca/ed:46009-2013,Saint Boniface—Saint Vital,Saint-Boniface—Saint-Vital,2015-10-19
ocd-division/country:ca/ed:46010-2013,Selkirk—Interlake—Eastman,Selkirk—Interlake—Eastman,2015-10-19
ocd-division/country:ca/ed:46010-2013,Selkirk—Interlake—Eastman,Selkirk—Interlake—Eastman,2015-10-19
ocd-division/country:ca/ed:46010-2013,Selkirk—Interlake—Eastman,Selkirk—Interlake—Eastman,2015-10-19
ocd-division/country:ca/ed:46010-2013,Selkirk—Interlake—Eastman,Selkirk—Interlake—Eastman,2015-10-19
ocd-division/country:ca/ed:46011-2013,Winnipeg Centre,Winnipeg-Centre,2015-10-19
ocd-division/country:ca/ed:46012-2013,Winnipeg North,Winnipeg-Nord,2015-10-19
ocd-division/country:ca/ed:46013-2013,Winnipeg South,Winnipeg-Sud,2015-10-19
ocd-division/country:ca/ed:46014-2013,Winnipeg South Centre,Winnipeg-Centre-Sud,2015-10-19
ocd-division/country:ca/ed:47001-2013,Battlefords—Lloydminster,Battlefords—Lloydminster,2015-10-19
ocd-division/country:ca/ed:47002-2013,Cypress Hills—Grasslands,Cypress Hills—Grasslands,2015-10-19
ocd-division/country:ca/ed:47003-2013,Desnethé—Missinippi—Churchill River,Desnethé—Missinippi—Rivière Churchill,2015-10-19
ocd-division/country:ca/ed:47004-2013,Carlton Trail—Eagle Creek,Sentier Carlton—Eagle Creek,2015-10-19
ocd-division/country:ca/ed:47005-2013,Moose Jaw—Lake Centre—Lanigan,Moose Jaw—Lake Centre—Lanigan,2015-10-19
ocd-division/country:ca/ed:47006-2013,Prince Albert,Prince Albert,2015-10-19
ocd-division/country:ca/ed:47007-2013,Regina—Lewvan,Regina—Lewvan,2015-10-19
ocd-division/country:ca/ed:47008-2013,Regina—Qu'Appelle,Regina—Qu'Appelle,2015-10-19
ocd-division/country:ca/ed:47009-2013,Regina—Wascana,Regina—Wascana,2015-10-19
ocd-division/country:ca/ed:47010-2013,Saskatoon—Grasswood,Saskatoon—Grasswood,2015-10-19
ocd-division/country:ca/ed:47011-2013,Saskatoon—University,Saskatoon—University,2015-10-19
ocd-division/country:ca/ed:47012-2013,Saskatoon West,Saskatoon-Ouest,2015-10-19
ocd-division/country:ca/ed:47013-2013,Souris—Moose Mountain,Souris—Moose Mountain,2015-10-19
ocd-division/country:ca/ed:47014-2013,Yorkton—Melville,Yorkton—Melville,2015-10-19
ocd-division/country:ca/ed:48001-2013,Banff—Airdrie,Banff—Airdrie,2015-10-19
ocd-division/country:ca/ed:48002-2013,Battle River—Crowfoot,Battle River—Crowfoot,2015-10-19
ocd-division/country:ca/ed:48003-2013,Bow River,Bow River,2015-10-19
ocd-division/country:ca/ed:48004-2013,Calgary Centre,Calgary-Centre,2015-10-19
ocd-division/country:ca/ed:48005-2013,Calgary Confederation,Calgary Confederation,2015-10-19
ocd-division/country:ca/ed:48006-2013,Calgary Forest Lawn,Calgary Forest Lawn,2015-10-19
ocd-division/country:ca/ed:48007-2013,Calgary Heritage,Calgary Heritage,2015-10-19
ocd-division/country:ca/ed:48008-2013,Calgary Midnapore,Calgary Midnapore,2015-10-19
ocd-division/country:ca/ed:48009-2013,Calgary Nose Hill,Calgary Nose Hill,2015-10-19
ocd-division/country:ca/ed:48010-2013,Calgary Rocky Ridge,Calgary Rocky Ridge,2015-10-19
ocd-division/country:ca/ed:48011-2013,Calgary Shepard,Calgary Shepard,2015-10-19
ocd-division/country:ca/ed:48012-2013,Calgary Signal Hill,Calgary Signal Hill,2015-10-19
ocd-division/country:ca/ed:48013-2013,Calgary Skyview,Calgary Skyview,2015-10-19
ocd-division/country:ca/ed:48014-2013,Edmonton Centre,Edmonton-Centre,2015-10-19
ocd-division/country:ca/ed:48015-2013,Edmonton Griesbach,Edmonton Griesbach,2015-10-19
ocd-division/country:ca/ed:48016-2013,Edmonton Manning,Edmonton Manning,2015-10-19
ocd-division/country:ca/ed:48017-2013,Edmonton Mill Woods,Edmonton Mill Woods,2015-10-19
ocd-division/country:ca/ed:48018-2013,Edmonton Riverbend,Edmonton Riverbend,2015-10-19
ocd-division/country:ca/ed:48019-2013,Edmonton Strathcona,Edmonton Strathcona,2015-10-19
ocd-division/country:ca/ed:48020-2013,Edmonton West,Edmonton-Ouest,2015-10-19
ocd-division/country:ca/ed:48021-2013,Edmonton—Wetaskiwin,Edmonton—Wetaskiwin,2015-10-19
ocd-division/country:ca/ed:48022-2013,Foothills,Foothills,2015-10-19
ocd-division/country:ca/ed:48023-2013,Fort McMurray—Cold Lake,Fort McMurray—Cold Lake,2015-10-19
ocd-division/country:ca/ed:48024-2013,Grande Prairie—Mackenzie,Grande Prairie—Mackenzie,2015-10-19
ocd-division/country:ca/ed:48025-2013,Lakeland,Lakeland,2015-10-19
ocd-division/country:ca/ed:48026-2013,Lethbridge,Lethbridge,2015-10-19
ocd-division/country:ca/ed:48027-2013,Medicine Hat—Cardston—Warner,Medicine Hat—Cardston—Warner,2015-10-19
ocd-division/country:ca/ed:48028-2013,Peace River—Westlock,Peace River—Westlock,2015-10-19
ocd-division/country:ca/ed:48029-2013,Red Deer—Mountain View,Red Deer—Mountain View,2015-10-19
ocd-division/country:ca/ed:48030-2013,Red Deer—Lacombe,Red Deer—Lacombe,2015-10-19
ocd-division/country:ca/ed:48031-2013,St. Albert—Edmonton,St. Albert—Edmonton,2015-10-19
ocd-division/country:ca/ed:48032-2013,Sherwood Park—Fort Saskatchewan,Sherwood Park—Fort Saskatchewan,2015-10-19
ocd-division/country:ca/ed:48033-2013,Sturgeon River—Parkland,Sturgeon River—Parkland,2015-10-19
ocd-division/country:ca/ed:48034-2013,Yellowhead,Yellowhead,2015-10-19
ocd-division/country:ca/ed:59001-2013,Abbotsford,Abbotsford,2015-10-19
ocd-division/country:ca/ed:59002-2013,Burnaby North—Seymour,Burnaby-Nord—Seymour,2015-10-19
ocd-division/country:ca/ed:59003-2013,Burnaby South,Burnaby-Sud,2015-10-19
ocd-division/country:ca/ed:59004-2013,Cariboo—Prince George,Cariboo—Prince George,2015-10-19
ocd-division/country:ca/ed:59005-2013,Central Okanagan—Similkameen—Nicola,Central Okanagan—Similkameen—Nicola,2015-10-19
ocd-division/country:ca/ed:59006-2013,Chilliwack—Hope,Chilliwack—Hope,2015-10-19
ocd-division/country:ca/ed:59007-2013,Cloverdale—Langley City,Cloverdale—Langley City,2015-10-19
ocd-division/country:ca/ed:59008-2013,Coquitlam—Port Coquitlam,Coquitlam—Port Coquitlam,2015-10-19
ocd-division/country:ca/ed:59009-2013,Courtenay—Alberni,Courtenay—Alberni,2015-10-19
ocd-division/country:ca/ed:59009-2013,Courtenay—Alberni,Courtenay—Alberni,2015-10-19
ocd-division/country:ca/ed:59010-2013,Cowichan—Malahat—Langford,Cowichan—Malahat—Langford,2015-10-19
ocd-division/country:ca/ed:59011-2013,Delta,Delta,2015-10-19
ocd-division/country:ca/ed:59012-2013,Fleetwood—Port Kells,Fleetwood—Port Kells,2015-10-19
ocd-division/country:ca/ed:59013-2013,Kamloops—Thompson—Cariboo,Kamloops—Thompson—Cariboo,2015-10-19
ocd-division/country:ca/ed:59014-2013,Kelowna—Lake Country,Kelowna—Lake Country,2015-10-19
ocd-division/country:ca/ed:59015-2013,Kootenay—Columbia,Kootenay—Columbia,2015-10-19
ocd-division/country:ca/ed:59016-2013,Langley—Aldergrove,Langley—Aldergrove,2015-10-19
ocd-division/country:ca/ed:59017-2013,Mission—Matsqui—Fraser Canyon,Mission—Matsqui—Fraser Canyon,2015-10-19
ocd-division/country:ca/ed:59018-2013,Nanaimo—Ladysmith,Nanaimo—Ladysmith,2015-10-19
ocd-division/country:ca/ed:59019-2013,New Westminster—Burnaby,New Westminster—Burnaby,2015-10-19
ocd-division/country:ca/ed:59020-2013,North Okanagan—Shuswap,North Okanagan—Shuswap,2015-10-19
ocd-division/country:ca/ed:59021-2013,North Vancouver,North Vancouver,2015-10-19
ocd-division/country:ca/ed:59022-2013,Pitt Meadows—Maple Ridge,Pitt Meadows—Maple Ridge,2015-10-19
ocd-division/country:ca/ed:59023-2013,Port Moody—Coquitlam,Port Moody—Coquitlam,2015-10-19
ocd-division/country:ca/ed:59024-2013,Prince George—Peace River—Northern Rockies,Prince George—Peace River—Northern Rockies,2015-10-19
ocd-division/country:ca/ed:59025-2013,Richmond Centre,Richmond-Centre,2015-10-19
ocd-division/country:ca/ed:59026-2013,Esquimalt—Saanich—Sooke,Esquimalt—Saanich—Sooke,2015-10-19
ocd-division/country:ca/ed:59027-2013,Saanich—Gulf Islands,Saanich—Gulf Islands,2015-10-19
ocd-division/country:ca/ed:59028-2013,Skeena—Bulkley Valley,Skeena—Bulkley Valley,2015-10-19
ocd-division/country:ca/ed:59029-2013,South Okanagan—West Kootenay,Okanagan-Sud—Kootenay-Ouest,2015-10-19
ocd-division/country:ca/ed:59030-2013,South Surrey—White Rock,Surrey-Sud—White Rock,2015-10-19
ocd-division/country:ca/ed:59031-2013,Steveston—Richmond East,Steveston—Richmond-Est,2015-10-19
ocd-division/country:ca/ed:59032-2013,Surrey Centre,Surrey-Centre,2015-10-19
ocd-division/country:ca/ed:59033-2013,Surrey—Newton,Surrey—Newton,2015-10-19
ocd-division/country:ca/ed:59034-2013,Vancouver Centre,Vancouver-Centre,2015-10-19
ocd-division/country:ca/ed:59035-2013,Vancouver East,Vancouver-Est,2015-10-19
ocd-division/country:ca/ed:59036-2013,Vancouver Granville,Vancouver Granville,2015-10-19
ocd-division/country:ca/ed:59037-2013,North Island—Powell River,North Island—Powell River,2015-10-19
ocd-division/country:ca/ed:59038-2013,Vancouver Kingsway,Vancouver Kingsway,2015-10-19
ocd-division/country:ca/ed:59039-2013,Vancouver Quadra,Vancouver Quadra,2015-10-19
ocd-division/country:ca/ed:59040-2013,Vancouver South,Vancouver-Sud,2015-10-19
ocd-division/country:ca/ed:59041-2013,Victoria,Victoria,2015-10-19
ocd-division/country:ca/ed:59042-2013,West Vancouver—Sunshine Coast—Sea to Sky Country,West Vancouver—Sunshine Coast—Sea to Sky Country,2015-10-19
ocd-division/country:ca/ed:60001-2013,Yukon,Yukon,2015-10-19
ocd-division/country:ca/ed:61001-2013,Northwest Territories,Territoires du Nord-Ouest,2015-10-19
ocd-division/country:ca/ed:62001-2013,Nunavut,Nunavut,2015-10-19
