id,name,validFrom
ocd-division/country:ca/province:ab/fed:banff-airdrie,Banff—Airdrie,2015-08-02
ocd-division/country:ca/province:ab/fed:battle_river-crowfoot,Battle River—Crowfoot,2015-08-02
ocd-division/country:ca/province:ab/fed:bow_river-2015,Bow River,2015-08-02
ocd-division/country:ca/province:ab/fed:calgary_centre-2004,Calgary Centre,2004-09-01
ocd-division/country:ca/province:ab/fed:calgary_confederation,Calgary Confederation,2015-08-02
ocd-division/country:ca/province:ab/fed:calgary_forest_lawn,Calgary Forest Lawn,2015-08-02
ocd-division/country:ca/province:ab/fed:calgary_heritage,Calgary Heritage,2015-08-02
ocd-division/country:ca/province:ab/fed:calgary_midnapore,Calgary Midnapore,2015-08-02
ocd-division/country:ca/province:ab/fed:calgary_nose_hill,Calgary Nose Hill,2015-08-02
ocd-division/country:ca/province:ab/fed:calgary_rocky_ridge,Calgary Rocky Ridge,2015-08-02
ocd-division/country:ca/province:ab/fed:calgary_shepard,Calgary Shepard,2015-08-02
ocd-division/country:ca/province:ab/fed:calgary_signal_hill,Calgary Signal Hill,2015-08-02
ocd-division/country:ca/province:ab/fed:calgary_skyview,Calgary Skyview,2015-08-02
ocd-division/country:ca/province:ab/fed:edmonton-wetaskiwin,Edmonton—Wetaskiwin,2015-08-02
ocd-division/country:ca/province:ab/fed:edmonton_centre-2004,Edmonton Centre,2004-05-23
ocd-division/country:ca/province:ab/fed:edmonton_griesbach,Edmonton Griesbach,2015-08-02
ocd-division/country:ca/province:ab/fed:edmonton_manning,Edmonton Manning,2015-08-02
ocd-division/country:ca/province:ab/fed:edmonton_mill_woods,Edmonton Mill Woods,2015-08-02
ocd-division/country:ca/province:ab/fed:edmonton_riverbend,Edmonton Riverbend,2015-08-02
ocd-division/country:ca/province:ab/fed:edmonton_strathcona,Edmonton Strathcona,2015-08-02
ocd-division/country:ca/province:ab/fed:edmonton_west-2015,Edmonton West,2015-08-02
ocd-division/country:ca/province:ab/fed:foothills,Foothills,2015-08-02
ocd-division/country:ca/province:ab/fed:fort_mcmurray-cold_lake,Fort McMurray—Cold Lake,2015-08-02
ocd-division/country:ca/province:ab/fed:grande_prairie-mackenzie,Grande Prairie—Mackenzie,2015-08-02
ocd-division/country:ca/province:ab/fed:lakeland-2015,Lakeland,2015-08-02
ocd-division/country:ca/province:ab/fed:lethbridge,Lethbridge,1988-10-01
ocd-division/country:ca/province:ab/fed:medicine_hat-cardston-warner,Medicine Hat—Cardston—Warner,2015-08-02
ocd-division/country:ca/province:ab/fed:peace_river-westlock,Peace River—Westlock,2015-08-02
ocd-division/country:ca/province:ab/fed:red_deer-lacombe,Red Deer—Lacombe,2015-08-02
ocd-division/country:ca/province:ab/fed:red_deer-mountain_view,Red Deer—Mountain View,2015-08-02
ocd-division/country:ca/province:ab/fed:sherwood_park-fort_saskatchewan,Sherwood Park—Fort Saskatchewan,2015-08-02
ocd-division/country:ca/province:ab/fed:st._albert-edmonton,St. Albert—Edmonton,2015-08-02
ocd-division/country:ca/province:ab/fed:sturgeon_river-parkland,Sturgeon River—Parkland,2015-08-02
ocd-division/country:ca/province:ab/fed:yellowhead,Yellowhead,1979-03-26
ocd-division/country:ca/province:bc/fed:abbotsford,Abbotsford,2004-05-23
ocd-division/country:ca/province:bc/fed:burnaby_north-seymour,Burnaby North—Seymour,2015-08-02
ocd-division/country:ca/province:bc/fed:burnaby_south,Burnaby South,2015-08-02
ocd-division/country:ca/province:bc/fed:cariboo-prince_george,Cariboo—Prince George,2004-05-23
ocd-division/country:ca/province:bc/fed:central_okanagan-similkameen-nicola,Central Okanagan—Similkameen—Nicola,2015-08-02
ocd-division/country:ca/province:bc/fed:chilliwack-hope,Chilliwack—Hope,2015-08-02
ocd-division/country:ca/province:bc/fed:cloverdale-langley_city,Cloverdale—Langley City,2015-08-02
ocd-division/country:ca/province:bc/fed:coquitlam-port_coquitlam,Coquitlam—Port Coquitlam,2015-08-02
ocd-division/country:ca/province:bc/fed:courtenay-alberni,Courtenay—Alberni,2015-08-02
ocd-division/country:ca/province:bc/fed:cowichan-malahat-langford,Cowichan—Malahat—Langford,2015-08-02
ocd-division/country:ca/province:bc/fed:delta-2015,Delta,2015-08-02
ocd-division/country:ca/province:bc/fed:esquimalt-saanich-sooke,Esquimalt—Saanich—Sooke,2015-08-02
ocd-division/country:ca/province:bc/fed:fleetwood-port_kells,Fleetwood—Port Kells,2004-05-23
ocd-division/country:ca/province:bc/fed:kamloops-thompson-cariboo,Kamloops—Thompson—Cariboo,2004-09-01
ocd-division/country:ca/province:bc/fed:kelowna-lake_country,Kelowna—Lake Country,2004-09-01
ocd-division/country:ca/province:bc/fed:kootenay-columbia,Kootenay—Columbia,1997-04-27
ocd-division/country:ca/province:bc/fed:langley-aldergrove,Langley—Aldergrove,2015-08-02
ocd-division/country:ca/province:bc/fed:mission-matsqui-fraser_canyon,Mission—Matsqui—Fraser Canyon,2015-08-02
ocd-division/country:ca/province:bc/fed:nanaimo-ladysmith,Nanaimo—Ladysmith,2015-08-02
ocd-division/country:ca/province:bc/fed:new_westminster-burnaby-2015,New Westminster—Burnaby,2015-08-02
ocd-division/country:ca/province:bc/fed:north_island-powell_river-2015,North Island—Powell River,2015-08-02
ocd-division/country:ca/province:bc/fed:north_okanagan-shuswap,North Okanagan—Shuswap,2015-08-02
ocd-division/country:ca/province:bc/fed:north_vancouver,North Vancouver,1988-10-01
ocd-division/country:ca/province:bc/fed:pitt_meadows-maple_ridge,Pitt Meadows—Maple Ridge,2015-08-02
ocd-division/country:ca/province:bc/fed:port_moody-coquitlam,Port Moody—Coquitlam,2015-08-02
ocd-division/country:ca/province:bc/fed:prince_george-peace_river-northern_rockies,Prince George—Peace River—Northern Rockies,2015-08-02
ocd-division/country:ca/province:bc/fed:richmond_centre,Richmond Centre,2015-08-02
ocd-division/country:ca/province:bc/fed:saanich-gulf_islands,Saanich—Gulf Islands,1988-10-01
ocd-division/country:ca/province:bc/fed:skeena-bulkley_valley,Skeena—Bulkley Valley,2004-05-23
ocd-division/country:ca/province:bc/fed:south_okanagan-west_kootenay,South Okanagan—West Kootenay,2015-03-02
ocd-division/country:ca/province:bc/fed:south_surrey-white_rock,South Surrey—White Rock,2015-08-02
ocd-division/country:ca/province:bc/fed:steveston-richmond_east,Steveston—Richmond East,2015-08-02
ocd-division/country:ca/province:bc/fed:surrey-newton,Surrey—Newton,2015-08-02
ocd-division/country:ca/province:bc/fed:surrey_centre,Surrey Centre,2015-08-02
ocd-division/country:ca/province:bc/fed:vancouver_centre,Vancouver Centre,1917-10-06
ocd-division/country:ca/province:bc/fed:vancouver_east,Vancouver East,1935-08-14
ocd-division/country:ca/province:bc/fed:vancouver_granville,Vancouver Granville,2015-08-02
ocd-division/country:ca/province:bc/fed:vancouver_kingsway-1997,Vancouver Kingsway,1997-04-27
ocd-division/country:ca/province:bc/fed:vancouver_quadra,Vancouver Quadra,1949-04-30
ocd-division/country:ca/province:bc/fed:vancouver_south-2004,Vancouver South,2004-05-23
ocd-division/country:ca/province:bc/fed:victoria-1925,Victoria,1925-09-05
ocd-division/country:ca/province:bc/fed:west_vancouver-sunshine_coast-sea_to_sky_country,West Vancouver—Sunshine Coast—Sea to Sky Country,2004-09-01
ocd-division/country:ca/province:mb/fed:brandon-souris,Brandon—Souris,1953-06-13
ocd-division/country:ca/province:mb/fed:charleswood-st._james-assiniboia-headingley,Charleswood—St. James—Assiniboia—Headingley,2015-08-02
ocd-division/country:ca/province:mb/fed:churchill-keewatinook_aski,Churchill—Keewatinook Aski,2015-08-02
ocd-division/country:ca/province:mb/fed:dauphin-swan_river-neepawa,Dauphin—Swan River—Neepawa,2015-08-02
ocd-division/country:ca/province:mb/fed:elmwood-transcona,Elmwood—Transcona,2004-05-23
ocd-division/country:ca/province:mb/fed:kildonan-st._paul,Kildonan—St. Paul,2004-05-23
ocd-division/country:ca/province:mb/fed:portage-lisgar,Portage—Lisgar,1997-04-27
ocd-division/country:ca/province:mb/fed:provencher,Provencher,1871-05-01
ocd-division/country:ca/province:mb/fed:saint_boniface-saint_vital,Saint Boniface—Saint Vital,2015-08-02
ocd-division/country:ca/province:mb/fed:selkirk-interlake-eastman,Selkirk—Interlake—Eastman,2015-08-02
ocd-division/country:ca/province:mb/fed:winnipeg_centre-1997,Winnipeg Centre,1997-04-27
ocd-division/country:ca/province:mb/fed:winnipeg_north,Winnipeg North,2004-05-23
ocd-division/country:ca/province:mb/fed:winnipeg_south-1988,Winnipeg South,1988-10-01
ocd-division/country:ca/province:mb/fed:winnipeg_south_centre-1988,Winnipeg South Centre,1988-10-01
ocd-division/country:ca/province:nb/fed:acadie-bathurst,Acadie—Bathurst,1990-12-19
ocd-division/country:ca/province:nb/fed:beauséjour,Beauséjour,2004-05-23
ocd-division/country:ca/province:nb/fed:fredericton,Fredericton,1997-04-27
ocd-division/country:ca/province:nb/fed:fundy_royal,Fundy Royal,2004-09-01
ocd-division/country:ca/province:nb/fed:madawaska-restigouche,Madawaska—Restigouche,1997-04-27
ocd-division/country:ca/province:nb/fed:miramichi-grand_lake,Miramichi—Grand Lake,2015-08-02
ocd-division/country:ca/province:nb/fed:moncton-riverview-dieppe,Moncton—Riverview—Dieppe,1998-06-18
ocd-division/country:ca/province:nb/fed:new_brunswick_southwest-2004,New Brunswick Southwest,2004-09-01
ocd-division/country:ca/province:nb/fed:saint_john-rothesay,Saint John—Rothesay,2015-08-02
ocd-division/country:ca/province:nb/fed:tobique-mactaquac,Tobique—Mactaquac,1997-04-27
ocd-division/country:ca/province:nl/fed:avalon,Avalon,2004-05-23
ocd-division/country:ca/province:nl/fed:bonavista-burin-trinity,Bonavista—Burin—Trinity,2015-08-02
ocd-division/country:ca/province:nl/fed:coast_of_bays-central-notre_dame,Coast of Bays—Central—Notre Dame,2015-08-02
ocd-division/country:ca/province:nl/fed:labrador,Labrador,1988-10-01
ocd-division/country:ca/province:nl/fed:long_range_mountains,Long Range Mountains,2015-08-02
ocd-division/country:ca/province:nl/fed:st._john~s_east-2004,St. John's East,2004-09-01
ocd-division/country:ca/province:nl/fed:st._john~s_south-mount_pearl,St. John's South—Mount Pearl,2004-09-01
ocd-division/country:ca/province:ns/fed:cape_breton-canso,Cape Breton—Canso,2004-05-23
ocd-division/country:ca/province:ns/fed:central_nova-2004,Central Nova,2004-05-23
ocd-division/country:ca/province:ns/fed:cumberland-colchester-2015,Cumberland—Colchester,2015-08-02
ocd-division/country:ca/province:ns/fed:dartmouth-cole_harbour,Dartmouth—Cole Harbour,2004-05-23
ocd-division/country:ca/province:ns/fed:halifax,Halifax,1867-08-06
ocd-division/country:ca/province:ns/fed:halifax_west,Halifax West,1979-03-26
ocd-division/country:ca/province:ns/fed:kings-hants,Kings—Hants,1997-04-27
ocd-division/country:ca/province:ns/fed:sackville-preston-chezzetcook,Sackville—Preston—Chezzetcook,2015-08-02
ocd-division/country:ca/province:ns/fed:south_shore-st._margarets,South Shore—St. Margarets,2015-08-02
ocd-division/country:ca/province:ns/fed:sydney-victoria,Sydney—Victoria,1997-04-27
ocd-division/country:ca/province:ns/fed:west_nova,West Nova,1997-04-27
ocd-division/country:ca/province:on/fed:ajax,Ajax,2015-08-02
ocd-division/country:ca/province:on/fed:algoma-manitoulin-kapuskasing,Algoma—Manitoulin—Kapuskasing,2004-05-23
ocd-division/country:ca/province:on/fed:aurora-oak_ridges-richmond_hill,Aurora—Oak Ridges—Richmond Hill,2015-08-02
ocd-division/country:ca/province:on/fed:barrie-innisfil,Barrie—Innisfil,2015-08-02
ocd-division/country:ca/province:on/fed:barrie-springwater-oro-medonte,Barrie—Springwater—Oro-Medonte,2015-08-02
ocd-division/country:ca/province:on/fed:bay_of_quinte,Bay of Quinte,2015-08-02
ocd-division/country:ca/province:on/fed:beaches-east_york,Beaches—East York,1997-04-27
ocd-division/country:ca/province:on/fed:brampton_centre-2015,Brampton Centre,2015-08-02
ocd-division/country:ca/province:on/fed:brampton_east,Brampton East,2015-08-02
ocd-division/country:ca/province:on/fed:brampton_north,Brampton North,2015-08-02
ocd-division/country:ca/province:on/fed:brampton_south,Brampton South,2015-08-02
ocd-division/country:ca/province:on/fed:brampton_west,Brampton West,2004-05-23
ocd-division/country:ca/province:on/fed:brantford-brant,Brantford—Brant,2015-08-02
ocd-division/country:ca/province:on/fed:bruce-grey-owen_sound,Bruce—Grey—Owen Sound,2004-09-01
ocd-division/country:ca/province:on/fed:burlington,Burlington,1979-03-26
ocd-division/country:ca/province:on/fed:cambridge,Cambridge,1979-03-26
ocd-division/country:ca/province:on/fed:carleton-2015,Carleton,2015-08-02
ocd-division/country:ca/province:on/fed:chatham-kent-leamington,Chatham-Kent—Leamington,2015-08-02
ocd-division/country:ca/province:on/fed:davenport,Davenport,1935-08-14
ocd-division/country:ca/province:on/fed:don_valley_east,Don Valley East,1979-03-26
ocd-division/country:ca/province:on/fed:don_valley_north-2015,Don Valley North,2015-08-02
ocd-division/country:ca/province:on/fed:don_valley_west,Don Valley West,1979-03-26
ocd-division/country:ca/province:on/fed:dufferin-caledon,Dufferin—Caledon,2004-05-23
ocd-division/country:ca/province:on/fed:durham-2004,Durham,2004-09-01
ocd-division/country:ca/province:on/fed:eglinton-lawrence,Eglinton—Lawrence,1979-03-26
ocd-division/country:ca/province:on/fed:elgin-middlesex-london,Elgin—Middlesex—London,1997-04-27
ocd-division/country:ca/province:on/fed:essex-1997,Essex,1997-04-27
ocd-division/country:ca/province:on/fed:etobicoke-lakeshore,Etobicoke—Lakeshore,1979-03-26
ocd-division/country:ca/province:on/fed:etobicoke_centre,Etobicoke Centre,1979-03-26
ocd-division/country:ca/province:on/fed:etobicoke_north,Etobicoke North,1979-03-26
ocd-division/country:ca/province:on/fed:flamborough-glanbrook,Flamborough—Glanbrook,2015-08-02
ocd-division/country:ca/province:on/fed:glengarry-prescott-russell,Glengarry—Prescott—Russell,1970-06-26
ocd-division/country:ca/province:on/fed:guelph-2004,Guelph,2004-05-23
ocd-division/country:ca/province:on/fed:haldimand-norfolk-2004,Haldimand—Norfolk,2004-05-23
ocd-division/country:ca/province:on/fed:haliburton-kawartha_lakes-brock,Haliburton—Kawartha Lakes—Brock,2004-05-23
ocd-division/country:ca/province:on/fed:hamilton_centre,Hamilton Centre,2004-05-23
ocd-division/country:ca/province:on/fed:hamilton_east-stoney_creek,Hamilton East—Stoney Creek,2004-05-23
ocd-division/country:ca/province:on/fed:hamilton_mountain,Hamilton Mountain,1968-04-23
ocd-division/country:ca/province:on/fed:hamilton_west-ancaster-dundas,Hamilton West—Ancaster—Dundas,2015-08-02
ocd-division/country:ca/province:on/fed:hastings-lennox_and_addington,Hastings—Lennox and Addington,2015-08-02
ocd-division/country:ca/province:on/fed:humber_river-black_creek,Humber River—Black Creek,2015-08-02
ocd-division/country:ca/province:on/fed:huron-bruce,Huron—Bruce,1979-03-26
ocd-division/country:ca/province:on/fed:kanata-carleton,Kanata—Carleton,2015-08-02
ocd-division/country:ca/province:on/fed:kenora,Kenora,2004-05-23
ocd-division/country:ca/province:on/fed:king-vaughan,King—Vaughan,2015-08-02
ocd-division/country:ca/province:on/fed:kingston_and_the_islands,Kingston and the Islands,1968-04-23
ocd-division/country:ca/province:on/fed:kitchener-conestoga,Kitchener—Conestoga,2005-02-24
ocd-division/country:ca/province:on/fed:kitchener_centre,Kitchener Centre,1997-04-27
ocd-division/country:ca/province:on/fed:kitchener_south-hespeler,Kitchener South—Hespeler,2015-08-02
ocd-division/country:ca/province:on/fed:lambton-kent-middlesex,Lambton—Kent—Middlesex,2004-09-01
ocd-division/country:ca/province:on/fed:lanark-frontenac-kingston,Lanark—Frontenac—Kingston,2015-08-02
ocd-division/country:ca/province:on/fed:leeds-grenville-thousand_islands_and_rideau_lakes,Leeds—Grenville—Thousand Islands and Rideau Lakes,2015-08-02
ocd-division/country:ca/province:on/fed:london-fanshawe,London—Fanshawe,1997-04-27
ocd-division/country:ca/province:on/fed:london_north_centre,London North Centre,1997-04-27
ocd-division/country:ca/province:on/fed:london_west,London West,1968-04-23
ocd-division/country:ca/province:on/fed:markham-stouffville,Markham—Stouffville,2015-08-02
ocd-division/country:ca/province:on/fed:markham-thornhill,Markham—Thornhill,2015-08-02
ocd-division/country:ca/province:on/fed:markham-unionville,Markham—Unionville,2004-05-23
ocd-division/country:ca/province:on/fed:milton,Milton,2015-08-02
ocd-division/country:ca/province:on/fed:mississauga-erin_mills,Mississauga—Erin Mills,2015-08-02
ocd-division/country:ca/province:on/fed:mississauga-lakeshore,Mississauga—Lakeshore,2015-08-02
ocd-division/country:ca/province:on/fed:mississauga-malton,Mississauga—Malton,2015-08-02
ocd-division/country:ca/province:on/fed:mississauga-streetsville,Mississauga—Streetsville,2004-05-23
ocd-division/country:ca/province:on/fed:mississauga_centre-2015,Mississauga Centre,2015-08-02
ocd-division/country:ca/province:on/fed:mississauga_east-cooksville,Mississauga East—Cooksville,2015-08-02
ocd-division/country:ca/province:on/fed:nepean-2015,Nepean,2015-08-02
ocd-division/country:ca/province:on/fed:newmarket-aurora,Newmarket—Aurora,2004-05-23
ocd-division/country:ca/province:on/fed:niagara_centre-2015,Niagara Centre,2015-08-02
ocd-division/country:ca/province:on/fed:niagara_falls,Niagara Falls,1953-06-13
ocd-division/country:ca/province:on/fed:niagara_west,Niagara West,2015-08-02
ocd-division/country:ca/province:on/fed:nickel_belt,Nickel Belt,1953-06-13
ocd-division/country:ca/province:on/fed:nipissing-timiskaming,Nipissing—Timiskaming,2004-05-23
ocd-division/country:ca/province:on/fed:northumberland-peterborough_south,Northumberland—Peterborough South,2015-08-02
ocd-division/country:ca/province:on/fed:oakville,Oakville,1997-04-27
ocd-division/country:ca/province:on/fed:oakville_north-burlington,Oakville North—Burlington,2015-08-02
ocd-division/country:ca/province:on/fed:orléans,Orléans,2015-08-02
ocd-division/country:ca/province:on/fed:oshawa,Oshawa,1979-03-26
ocd-division/country:ca/province:on/fed:ottawa-vanier,Ottawa—Vanier,1973-12-12
ocd-division/country:ca/province:on/fed:ottawa_centre,Ottawa Centre,1968-04-23
ocd-division/country:ca/province:on/fed:ottawa_south,Ottawa South,1988-10-01
ocd-division/country:ca/province:on/fed:ottawa_west-nepean,Ottawa West—Nepean,1997-04-27
ocd-division/country:ca/province:on/fed:oxford,Oxford,1935-08-14
ocd-division/country:ca/province:on/fed:parkdale-high_park,Parkdale—High Park,1979-03-26
ocd-division/country:ca/province:on/fed:parry_sound-muskoka,Parry Sound—Muskoka,1949-04-30
ocd-division/country:ca/province:on/fed:perth-wellington,Perth—Wellington,2004-05-23
ocd-division/country:ca/province:on/fed:peterborough-kawartha,Peterborough—Kawartha,2015-08-02
ocd-division/country:ca/province:on/fed:pickering-uxbridge,Pickering—Uxbridge,2015-08-02
ocd-division/country:ca/province:on/fed:renfrew-nipissing-pembroke-1989,Renfrew—Nipissing—Pembroke,1989-12-29
ocd-division/country:ca/province:on/fed:richmond_hill,Richmond Hill,2004-05-23
ocd-division/country:ca/province:on/fed:sarnia-lambton-1981,Sarnia—Lambton,1981-01-17
ocd-division/country:ca/province:on/fed:sault_ste._marie,Sault Ste. Marie,1968-04-23
ocd-division/country:ca/province:on/fed:scarborough-agincourt,Scarborough—Agincourt,1988-10-01
ocd-division/country:ca/province:on/fed:scarborough-guildwood,Scarborough—Guildwood,2004-05-23
ocd-division/country:ca/province:on/fed:scarborough-rouge_park,Scarborough—Rouge Park,2015-08-02
ocd-division/country:ca/province:on/fed:scarborough_centre,Scarborough Centre,1979-03-26
ocd-division/country:ca/province:on/fed:scarborough_north,Scarborough North,2015-08-02
ocd-division/country:ca/province:on/fed:scarborough_southwest,Scarborough Southwest,1997-04-27
ocd-division/country:ca/province:on/fed:simcoe-grey,Simcoe—Grey,1997-04-27
ocd-division/country:ca/province:on/fed:simcoe_north,Simcoe North,1867-08-06
ocd-division/country:ca/province:on/fed:spadina-fort_york,Spadina—Fort York,2015-08-02
ocd-division/country:ca/province:on/fed:st._catharines,St. Catharines,1968-04-23
ocd-division/country:ca/province:on/fed:stormont-dundas-south_glengarry,Stormont—Dundas—South Glengarry,2004-05-23
ocd-division/country:ca/province:on/fed:sudbury,Sudbury,1949-04-30
ocd-division/country:ca/province:on/fed:thornhill,Thornhill,1997-04-27
ocd-division/country:ca/province:on/fed:thunder_bay-rainy_river,Thunder Bay—Rainy River,2004-05-23
ocd-division/country:ca/province:on/fed:thunder_bay-superior_north,Thunder Bay—Superior North,1998-06-18
ocd-division/country:ca/province:on/fed:timmins-james_bay,Timmins—James Bay,1997-04-27
ocd-division/country:ca/province:on/fed:toronto-danforth,Toronto—Danforth,2000-06-29
ocd-division/country:ca/province:on/fed:toronto-st._paul~s,Toronto—St. Paul's,2015-08-02
ocd-division/country:ca/province:on/fed:toronto_centre-2004,Toronto Centre,2004-05-23
ocd-division/country:ca/province:on/fed:university-rosedale,University—Rosedale,2015-08-02
ocd-division/country:ca/province:on/fed:vaughan-woodbridge,Vaughan—Woodbridge,2015-08-02
ocd-division/country:ca/province:on/fed:waterloo-2015,Waterloo,2015-08-02
ocd-division/country:ca/province:on/fed:wellington-halton_hills,Wellington—Halton Hills,2004-05-23
ocd-division/country:ca/province:on/fed:whitby,Whitby,2015-08-02
ocd-division/country:ca/province:on/fed:willowdale,Willowdale,1979-03-26
ocd-division/country:ca/province:on/fed:windsor-tecumseh,Windsor—Tecumseh,2004-05-23
ocd-division/country:ca/province:on/fed:windsor_west,Windsor West,1968-04-23
ocd-division/country:ca/province:on/fed:york-simcoe-2004,York—Simcoe,2004-05-23
ocd-division/country:ca/province:on/fed:york_centre-1953,York Centre,1953-06-13
ocd-division/country:ca/province:on/fed:york_south-weston,York South—Weston,1979-03-26
ocd-division/country:ca/province:pe/fed:cardigan,Cardigan,1968-04-23
ocd-division/country:ca/province:pe/fed:charlottetown,Charlottetown,2004-05-23
ocd-division/country:ca/province:pe/fed:egmont,Egmont,1968-04-23
ocd-division/country:ca/province:pe/fed:malpeque,Malpeque,1968-04-23
ocd-division/country:ca/province:qc/fed:abitibi-baie-james-nunavik-eeyou,Abitibi—Baie-James—Nunavik—Eeyou,2004-09-01
ocd-division/country:ca/province:qc/fed:abitibi-témiscamingue,Abitibi—Témiscamingue,2004-05-23
ocd-division/country:ca/province:qc/fed:ahuntsic-cartierville,Ahuntsic-Cartierville,2015-08-02
ocd-division/country:ca/province:qc/fed:alfred-pellan,Alfred-Pellan,2004-05-23
ocd-division/country:ca/province:qc/fed:argenteuil-la_petite-nation,Argenteuil—La Petite-Nation,2015-08-02
ocd-division/country:ca/province:qc/fed:avignon-la_mitis-matane-matapédia,Avignon—La Mitis—Matane—Matapédia,2015-08-02
ocd-division/country:ca/province:qc/fed:beauce,Beauce,1867-08-06
ocd-division/country:ca/province:qc/fed:beauport-côte-de-beaupré-île_d~orléans-charlevoix,Beauport—Côte-de-Beaupré—Île D’Orléans—Charlevoix,2015-08-02
ocd-division/country:ca/province:qc/fed:beauport-limoilou,Beauport—Limoilou,2004-09-01
ocd-division/country:ca/province:qc/fed:bellechasse-les_etchemins-lévis,Bellechasse—Les Etchemins—Lévis,2015-08-02
ocd-division/country:ca/province:qc/fed:beloeil-chambly,Beloeil—Chambly,2015-08-02
ocd-division/country:ca/province:qc/fed:berthier-maskinongé-2004,Berthier—Maskinongé,2004-05-23
ocd-division/country:ca/province:qc/fed:bourassa,Bourassa,1979-03-26
ocd-division/country:ca/province:qc/fed:brome-missisquoi-1984,Brome—Missisquoi,1984-07-09
ocd-division/country:ca/province:qc/fed:brossard-saint-lambert,Brossard—Saint-Lambert,2015-08-02
ocd-division/country:ca/province:qc/fed:bécancour-nicolet-saurel,Bécancour—Nicolet—Saurel,2015-08-02
ocd-division/country:ca/province:qc/fed:charlesbourg-haute-saint-charles,Charlesbourg—Haute-Saint-Charles,2004-09-01
ocd-division/country:ca/province:qc/fed:chicoutimi-le_fjord,Chicoutimi—Le Fjord,2015-08-02
ocd-division/country:ca/province:qc/fed:châteauguay-lacolle,Châteauguay—Lacolle,2015-08-02
ocd-division/country:ca/province:qc/fed:compton-stanstead,Compton—Stanstead,1997-04-27
ocd-division/country:ca/province:qc/fed:dorval-lachine-lasalle,Dorval—Lachine—LaSalle,2015-08-02
ocd-division/country:ca/province:qc/fed:drummond,Drummond,1968-04-23
ocd-division/country:ca/province:qc/fed:gaspésie-les_îles-de-la-madeleine,Gaspésie—Les Îles-de-la-Madeleine,2015-08-02
ocd-division/country:ca/province:qc/fed:gatineau-1997,Gatineau,1997-04-27
ocd-division/country:ca/province:qc/fed:hochelaga,Hochelaga,2004-05-23
ocd-division/country:ca/province:qc/fed:honoré-mercier,Honoré-Mercier,2004-05-23
ocd-division/country:ca/province:qc/fed:hull-aylmer,Hull—Aylmer,1984-07-09
ocd-division/country:ca/province:qc/fed:joliette-1968,Joliette,1968-04-23
ocd-division/country:ca/province:qc/fed:jonquière-2015,Jonquière,2015-08-02
ocd-division/country:ca/province:qc/fed:la_pointe-de-l~île,La Pointe-de-l'Île,2004-05-23
ocd-division/country:ca/province:qc/fed:la_prairie,La Prairie,2015-08-02
ocd-division/country:ca/province:qc/fed:lac-saint-jean,Lac-Saint-Jean,2015-08-02
ocd-division/country:ca/province:qc/fed:lac-saint-louis,Lac-Saint-Louis,1997-04-27
ocd-division/country:ca/province:qc/fed:lasalle-émard-verdun,LaSalle—Émard—Verdun,2015-08-02
ocd-division/country:ca/province:qc/fed:laurentides-labelle,Laurentides—Labelle,2004-05-23
ocd-division/country:ca/province:qc/fed:laurier-sainte-marie-2004,Laurier—Sainte-Marie,2004-09-01
ocd-division/country:ca/province:qc/fed:laval-les_îles,Laval—Les Îles,2004-05-23
ocd-division/country:ca/province:qc/fed:longueuil-charles-lemoyne,Longueuil—Charles-LeMoyne,2015-08-02
ocd-division/country:ca/province:qc/fed:longueuil-saint-hubert,Longueuil—Saint-Hubert,2015-08-02
ocd-division/country:ca/province:qc/fed:louis-hébert,Louis-Hébert,1968-04-23
ocd-division/country:ca/province:qc/fed:louis-saint-laurent,Louis-Saint-Laurent,2004-05-23
ocd-division/country:ca/province:qc/fed:lévis-lotbinière,Lévis—Lotbinière,2015-08-02
ocd-division/country:ca/province:qc/fed:manicouagan,Manicouagan,1968-04-23
ocd-division/country:ca/province:qc/fed:marc-aurèle-fortin,Marc-Aurèle-Fortin,2015-08-02
ocd-division/country:ca/province:qc/fed:mirabel,Mirabel,2015-08-02
ocd-division/country:ca/province:qc/fed:montarville,Montarville,2015-08-02
ocd-division/country:ca/province:qc/fed:montcalm-2004,Montcalm,2004-05-23
ocd-division/country:ca/province:qc/fed:montmagny-l~islet-kamouraska-rivière-du-loup,Montmagny—L’Islet—Kamouraska—Rivière-du-Loup,2004-09-01
ocd-division/country:ca/province:qc/fed:mount_royal-2015,Mount Royal,2015-08-02
ocd-division/country:ca/province:qc/fed:mégantic-l~érable,Mégantic—L'Érable,2004-05-23
ocd-division/country:ca/province:qc/fed:notre-dame-de-grâce-westmount,Notre-Dame-de-Grâce—Westmount,2015-08-02
ocd-division/country:ca/province:qc/fed:outremont-1968,Outremont,1968-04-23
ocd-division/country:ca/province:qc/fed:papineau-2004,Papineau,2004-05-23
ocd-division/country:ca/province:qc/fed:pierre-boucher-les_patriotes-verchères,Pierre-Boucher—Les Patriotes—Verchères,2015-08-02
ocd-division/country:ca/province:qc/fed:pierrefonds-dollard,Pierrefonds—Dollard,1988-10-01
ocd-division/country:ca/province:qc/fed:pontiac-2004,Pontiac,2004-05-23
ocd-division/country:ca/province:qc/fed:portneuf-jacques-cartier,Portneuf—Jacques-Cartier,2004-09-01
ocd-division/country:ca/province:qc/fed:québec,Québec,1990-12-19
ocd-division/country:ca/province:qc/fed:repentigny,Repentigny,1997-04-27
ocd-division/country:ca/province:qc/fed:richmond-arthabaska,Richmond—Arthabaska,1997-04-27
ocd-division/country:ca/province:qc/fed:rimouski-neigette-témiscouata-les_basques,Rimouski-Neigette—Témiscouata—Les Basques,2015-08-02
ocd-division/country:ca/province:qc/fed:rivière-des-mille-îles,Rivière-des-Mille-Îles,1998-06-18
ocd-division/country:ca/province:qc/fed:rivière-du-nord,Rivière-du-Nord,2004-05-23
ocd-division/country:ca/province:qc/fed:rosemont-la_petite-patrie,Rosemont—La Petite-Patrie,2004-05-23
ocd-division/country:ca/province:qc/fed:saint-hyacinthe-bagot-1981,Saint-Hyacinthe—Bagot,1981-01-17
ocd-division/country:ca/province:qc/fed:saint-jean,Saint-Jean,1968-04-23
ocd-division/country:ca/province:qc/fed:saint-laurent,Saint-Laurent,2015-08-02
ocd-division/country:ca/province:qc/fed:saint-léonard-saint-michel,Saint-Léonard—Saint-Michel,1997-04-27
ocd-division/country:ca/province:qc/fed:saint-maurice-champlain,Saint-Maurice—Champlain,2004-05-23
ocd-division/country:ca/province:qc/fed:salaberry-suroît,Salaberry—Suroît,2015-08-02
ocd-division/country:ca/province:qc/fed:shefford,Shefford,1867-08-06
ocd-division/country:ca/province:qc/fed:sherbrooke,Sherbrooke,1925-09-05
ocd-division/country:ca/province:qc/fed:terrebonne,Terrebonne,2015-08-02
ocd-division/country:ca/province:qc/fed:thérèse-de_blainville,Thérèse-De Blainville,2015-08-02
ocd-division/country:ca/province:qc/fed:trois-rivières,Trois-Rivières,1979-03-26
ocd-division/country:ca/province:qc/fed:vaudreuil-soulanges-2015,Vaudreuil—Soulanges,2015-08-02
ocd-division/country:ca/province:qc/fed:ville-marie-le_sud-ouest-île-des-soeurs,Ville-Marie—Le Sud-Ouest—Île-des-Soeurs,2015-08-02
ocd-division/country:ca/province:qc/fed:vimy,Vimy,2015-08-02
ocd-division/country:ca/province:sk/fed:battlefords-lloydminster,Battlefords—Lloydminster,1997-04-27
ocd-division/country:ca/province:sk/fed:carlton_trail-eagle_creek,Carlton Trail—Eagle Creek,2015-08-02
ocd-division/country:ca/province:sk/fed:cypress_hills-grasslands,Cypress Hills—Grasslands,1997-04-27
ocd-division/country:ca/province:sk/fed:desnethé-missinippi-churchill_river,Desnethé—Missinippi—Churchill River,2004-09-01
ocd-division/country:ca/province:sk/fed:moose_jaw-lake_centre-lanigan,Moose Jaw—Lake Centre—Lanigan,2015-08-02
ocd-division/country:ca/province:sk/fed:prince_albert-1997,Prince Albert,1997-04-27
ocd-division/country:ca/province:sk/fed:regina-lewvan,Regina—Lewvan,2015-08-02
ocd-division/country:ca/province:sk/fed:regina-qu~appelle-1998,Regina—Qu'Appelle,1998-06-18
ocd-division/country:ca/province:sk/fed:regina-wascana-2015,Regina—Wascana,2015-08-02
ocd-division/country:ca/province:sk/fed:saskatoon-grasswood,Saskatoon—Grasswood,2015-08-02
ocd-division/country:ca/province:sk/fed:saskatoon-university,Saskatoon—University,2015-08-02
ocd-division/country:ca/province:sk/fed:saskatoon_west-2015,Saskatoon West,2015-08-02
ocd-division/country:ca/province:sk/fed:souris-moose_mountain,Souris—Moose Mountain,1988-10-01
ocd-division/country:ca/province:sk/fed:yorkton-melville,Yorkton—Melville,1968-04-23
ocd-division/country:ca/territory:nt/fed:northwest_territories-2015,Northwest Territories,2015-08-02
ocd-division/country:ca/territory:nu/fed:nunavut,Nunavut,1999-04-01
ocd-division/country:ca/territory:yt/fed:yukon-1953,Yukon,1953-06-13
