id,name
ocd-division/country:ca/province:qc/ed:579,Abitibi-Est
ocd-division/country:ca/province:qc/ed:573,Abitibi-Ouest
ocd-division/country:ca/province:qc/ed:437,Acadie
ocd-division/country:ca/province:qc/ed:373,Anjou—Louis-Riel
ocd-division/country:ca/province:qc/ed:535,Argenteuil
ocd-division/country:ca/province:qc/ed:323,Arthabaska
ocd-division/country:ca/province:qc/ed:309,Beauce-Nord
ocd-division/country:ca/province:qc/ed:293,Beauce-Sud
ocd-division/country:ca/province:qc/ed:153,Beauharnois
ocd-division/country:ca/province:qc/ed:303,Bellechasse
ocd-division/country:ca/province:qc/ed:353,Berthier
ocd-division/country:ca/province:qc/ed:525,Bertrand
ocd-division/country:ca/province:qc/ed:473,Blainville
ocd-division/country:ca/province:qc/ed:713,Bonaventure
ocd-division/country:ca/province:qc/ed:243,Borduas
ocd-division/country:ca/province:qc/ed:431,Bourassa-Sauvé
ocd-division/country:ca/province:qc/ed:377,Bourget
ocd-division/country:ca/province:qc/ed:129,Brome-Missisquoi
ocd-division/country:ca/province:qc/ed:193,Chambly
ocd-division/country:ca/province:qc/ed:593,Champlain
ocd-division/country:ca/province:qc/ed:559,Chapleau
ocd-division/country:ca/province:qc/ed:619,Charlesbourg
ocd-division/country:ca/province:qc/ed:679,Charlevoix—Côte-de-Beaupré
ocd-division/country:ca/province:qc/ed:173,Châteauguay
ocd-division/country:ca/province:qc/ed:613,Chauveau
ocd-division/country:ca/province:qc/ed:763,Chicoutimi
ocd-division/country:ca/province:qc/ed:441,Chomedey
ocd-division/country:ca/province:qc/ed:659,Chutes-de-la-Chaudière
ocd-division/country:ca/province:qc/ed:683,Côte-du-Sud
ocd-division/country:ca/province:qc/ed:433,Crémazie
ocd-division/country:ca/province:qc/ed:403,D'Arcy-McGee
ocd-division/country:ca/province:qc/ed:483,Deux-Montagnes
ocd-division/country:ca/province:qc/ed:273,Drummond—Bois-Francs
ocd-division/country:ca/province:qc/ed:759,Dubuc
ocd-division/country:ca/province:qc/ed:745,Duplessis
ocd-division/country:ca/province:qc/ed:443,Fabre
ocd-division/country:ca/province:qc/ed:731,Gaspé
ocd-division/country:ca/province:qc/ed:557,Gatineau
ocd-division/country:ca/province:qc/ed:381,Gouin
ocd-division/country:ca/province:qc/ed:133,Granby
ocd-division/country:ca/province:qc/ed:481,Groulx
ocd-division/country:ca/province:qc/ed:387,Hochelaga-Maisonneuve
ocd-division/country:ca/province:qc/ed:561,Hull
ocd-division/country:ca/province:qc/ed:149,Huntingdon
ocd-division/country:ca/province:qc/ed:143,Iberville
ocd-division/country:ca/province:qc/ed:733,Îles-de-la-Madeleine
ocd-division/country:ca/province:qc/ed:409,Jacques-Cartier
ocd-division/country:ca/province:qc/ed:623,Jean-Lesage
ocd-division/country:ca/province:qc/ed:429,Jeanne-Mance—Viger
ocd-division/country:ca/province:qc/ed:643,Jean-Talon
ocd-division/country:ca/province:qc/ed:269,Johnson
ocd-division/country:ca/province:qc/ed:361,Joliette
ocd-division/country:ca/province:qc/ed:773,Jonquière
ocd-division/country:ca/province:qc/ed:545,Labelle
ocd-division/country:ca/province:qc/ed:779,Lac-Saint-Jean
ocd-division/country:ca/province:qc/ed:371,LaFontaine
ocd-division/country:ca/province:qc/ed:603,La Peltrie
ocd-division/country:ca/province:qc/ed:203,La Pinière
ocd-division/country:ca/province:qc/ed:209,Laporte
ocd-division/country:ca/province:qc/ed:183,La Prairie
ocd-division/country:ca/province:qc/ed:363,L'Assomption
ocd-division/country:ca/province:qc/ed:423,Laurier-Dorion
ocd-division/country:ca/province:qc/ed:439,Laval-des-Rapides
ocd-division/country:ca/province:qc/ed:583,Laviolette
ocd-division/country:ca/province:qc/ed:663,Lévis
ocd-division/country:ca/province:qc/ed:289,Lotbinière-Frontenac
ocd-division/country:ca/province:qc/ed:653,Louis-Hébert
ocd-division/country:ca/province:qc/ed:399,Marguerite-Bourgeoys
ocd-division/country:ca/province:qc/ed:213,Marie-Victorin
ocd-division/country:ca/province:qc/ed:407,Marquette
ocd-division/country:ca/province:qc/ed:349,Maskinongé
ocd-division/country:ca/province:qc/ed:465,Masson
ocd-division/country:ca/province:qc/ed:711,Matane-Matapédia
ocd-division/country:ca/province:qc/ed:103,Mégantic
ocd-division/country:ca/province:qc/ed:383,Mercier
ocd-division/country:ca/province:qc/ed:451,Mille-Îles
ocd-division/country:ca/province:qc/ed:495,Mirabel
ocd-division/country:ca/province:qc/ed:233,Montarville
ocd-division/country:ca/province:qc/ed:673,Montmorency
ocd-division/country:ca/province:qc/ed:419,Mont-Royal
ocd-division/country:ca/province:qc/ed:411,Nelligan
ocd-division/country:ca/province:qc/ed:329,Nicolet-Bécancour
ocd-division/country:ca/province:qc/ed:401,Notre-Dame-de-Grâce
ocd-division/country:ca/province:qc/ed:123,Orford
ocd-division/country:ca/province:qc/ed:421,Outremont
ocd-division/country:ca/province:qc/ed:553,Papineau
ocd-division/country:ca/province:qc/ed:369,Pointe-aux-Trembles
ocd-division/country:ca/province:qc/ed:563,Pontiac
ocd-division/country:ca/province:qc/ed:599,Portneuf
ocd-division/country:ca/province:qc/ed:753,René-Lévesque
ocd-division/country:ca/province:qc/ed:367,Repentigny
ocd-division/country:ca/province:qc/ed:253,Richelieu
ocd-division/country:ca/province:qc/ed:283,Richmond
ocd-division/country:ca/province:qc/ed:703,Rimouski
ocd-division/country:ca/province:qc/ed:699,Rivière-du-Loup—Témiscouata
ocd-division/country:ca/province:qc/ed:413,Robert-Baldwin
ocd-division/country:ca/province:qc/ed:783,Roberval
ocd-division/country:ca/province:qc/ed:379,Rosemont
ocd-division/country:ca/province:qc/ed:515,Rousseau
ocd-division/country:ca/province:qc/ed:567,Rouyn-Noranda—Témiscamingue
ocd-division/country:ca/province:qc/ed:111,Saint-François
ocd-division/country:ca/province:qc/ed:393,Saint-Henri—Sainte-Anne
ocd-division/country:ca/province:qc/ed:263,Saint-Hyacinthe
ocd-division/country:ca/province:qc/ed:189,Saint-Jean
ocd-division/country:ca/province:qc/ed:505,Saint-Jérôme
ocd-division/country:ca/province:qc/ed:417,Saint-Laurent
ocd-division/country:ca/province:qc/ed:389,Sainte-Marie—Saint-Jacques
ocd-division/country:ca/province:qc/ed:343,Saint-Maurice
ocd-division/country:ca/province:qc/ed:447,Sainte-Rose
ocd-division/country:ca/province:qc/ed:177,Sanguinet
ocd-division/country:ca/province:qc/ed:113,Sherbrooke
ocd-division/country:ca/province:qc/ed:163,Soulanges
ocd-division/country:ca/province:qc/ed:223,Taillon
ocd-division/country:ca/province:qc/ed:633,Taschereau
ocd-division/country:ca/province:qc/ed:453,Terrebonne
ocd-division/country:ca/province:qc/ed:333,Trois-Rivières
ocd-division/country:ca/province:qc/ed:793,Ungava
ocd-division/country:ca/province:qc/ed:229,Vachon
ocd-division/country:ca/province:qc/ed:639,Vanier-Les Rivières
ocd-division/country:ca/province:qc/ed:169,Vaudreuil
ocd-division/country:ca/province:qc/ed:249,Verchères
ocd-division/country:ca/province:qc/ed:397,Verdun
ocd-division/country:ca/province:qc/ed:427,Viau
ocd-division/country:ca/province:qc/ed:449,Vimont
ocd-division/country:ca/province:qc/ed:391,Westmount—Saint-Louis
