ocd-division/country:us/state:ca/county:alameda,06001
ocd-division/country:us/state:ca/county:alpine,06003
ocd-division/country:us/state:ca/county:amador,06005
ocd-division/country:us/state:ca/county:butte,06007
ocd-division/country:us/state:ca/county:calaveras,06009
ocd-division/country:us/state:ca/county:colusa,06011
ocd-division/country:us/state:ca/county:contra_costa,06013
ocd-division/country:us/state:ca/county:del_norte,06015
ocd-division/country:us/state:ca/county:el_dorado,06017
ocd-division/country:us/state:ca/county:fresno,06019
ocd-division/country:us/state:ca/county:glenn,06021
ocd-division/country:us/state:ca/county:humboldt,06023
ocd-division/country:us/state:ca/county:imperial,06025
ocd-division/country:us/state:ca/county:inyo,06027
ocd-division/country:us/state:ca/county:kern,06029
ocd-division/country:us/state:ca/county:kings,06031
ocd-division/country:us/state:ca/county:lake,06033
ocd-division/country:us/state:ca/county:lassen,06035
ocd-division/country:us/state:ca/county:los_angeles,06037
ocd-division/country:us/state:ca/county:madera,06039
ocd-division/country:us/state:ca/county:marin,06041
ocd-division/country:us/state:ca/county:mariposa,06043
ocd-division/country:us/state:ca/county:mendocino,06045
ocd-division/country:us/state:ca/county:merced,06047
ocd-division/country:us/state:ca/county:modoc,06049
ocd-division/country:us/state:ca/county:mono,06051
ocd-division/country:us/state:ca/county:monterey,06053
ocd-division/country:us/state:ca/county:napa,06055
ocd-division/country:us/state:ca/county:nevada,06057
ocd-division/country:us/state:ca/county:orange,06059
ocd-division/country:us/state:ca/county:placer,06061
ocd-division/country:us/state:ca/county:plumas,06063
ocd-division/country:us/state:ca/county:riverside,06065
ocd-division/country:us/state:ca/county:sacramento,06067
ocd-division/country:us/state:ca/county:san_benito,06069
ocd-division/country:us/state:ca/county:san_bernardino,06071
ocd-division/country:us/state:ca/county:san_diego,06073
ocd-division/country:us/state:ca/county:san_francisco,06075
ocd-division/country:us/state:ca/county:san_joaquin,06077
ocd-division/country:us/state:ca/county:san_luis_obispo,06079
ocd-division/country:us/state:ca/county:san_mateo,06081
ocd-division/country:us/state:ca/county:santa_barbara,06083
ocd-division/country:us/state:ca/county:santa_clara,06085
ocd-division/country:us/state:ca/county:santa_cruz,06087
ocd-division/country:us/state:ca/county:shasta,06089
ocd-division/country:us/state:ca/county:sierra,06091
ocd-division/country:us/state:ca/county:siskiyou,06093
ocd-division/country:us/state:ca/county:solano,06095
ocd-division/country:us/state:ca/county:sonoma,06097
ocd-division/country:us/state:ca/county:stanislaus,06099
ocd-division/country:us/state:ca/county:sutter,06101
ocd-division/country:us/state:ca/county:tehama,06103
ocd-division/country:us/state:ca/county:trinity,06105
ocd-division/country:us/state:ca/county:tulare,06107
ocd-division/country:us/state:ca/county:tuolumne,06109
ocd-division/country:us/state:ca/county:ventura,06111
ocd-division/country:us/state:ca/county:yolo,06113
ocd-division/country:us/state:ca/county:yuba,06115
ocd-division/country:us/state:ca/place:adelanto,0600296
ocd-division/country:us/state:ca/place:agoura_hills,0600394
ocd-division/country:us/state:ca/place:alameda,0600562
ocd-division/country:us/state:ca/place:albany,0600674
ocd-division/country:us/state:ca/place:alhambra,0600884
ocd-division/country:us/state:ca/place:aliso_viejo,0600947
ocd-division/country:us/state:ca/place:alturas,0601444
ocd-division/country:us/state:ca/place:amador_city,0601514
ocd-division/country:us/state:ca/place:american_canyon,0601640
ocd-division/country:us/state:ca/place:anaheim,0602000
ocd-division/country:us/state:ca/place:anderson,0602042
ocd-division/country:us/state:ca/place:angels,0602112
ocd-division/country:us/state:ca/place:antioch,0602252
ocd-division/country:us/state:ca/place:apple_valley,0602364
ocd-division/country:us/state:ca/place:arcadia,0602462
ocd-division/country:us/state:ca/place:arcata,0602476
ocd-division/country:us/state:ca/place:arroyo_grande,0602868
ocd-division/country:us/state:ca/place:artesia,0602896
ocd-division/country:us/state:ca/place:arvin,0602924
ocd-division/country:us/state:ca/place:atascadero,0603064
ocd-division/country:us/state:ca/place:atherton,0603092
ocd-division/country:us/state:ca/place:atwater,0603162
ocd-division/country:us/state:ca/place:auburn,0603204
ocd-division/country:us/state:ca/place:avalon,0603274
ocd-division/country:us/state:ca/place:avenal,0603302
ocd-division/country:us/state:ca/place:azusa,0603386
ocd-division/country:us/state:ca/place:bakersfield,0603526
ocd-division/country:us/state:ca/place:baldwin_park,0603666
ocd-division/country:us/state:ca/place:banning,0603820
ocd-division/country:us/state:ca/place:barstow,0604030
ocd-division/country:us/state:ca/place:beaumont,0604758
ocd-division/country:us/state:ca/place:bell,0604870
ocd-division/country:us/state:ca/place:bell_gardens,0604996
ocd-division/country:us/state:ca/place:bellflower,0604982
ocd-division/country:us/state:ca/place:belmont,0605108
ocd-division/country:us/state:ca/place:belvedere,0605164
ocd-division/country:us/state:ca/place:benicia,0605290
ocd-division/country:us/state:ca/place:berkeley,0606000
ocd-division/country:us/state:ca/place:beverly_hills,0606308
ocd-division/country:us/state:ca/place:big_bear_lake,0606434
ocd-division/country:us/state:ca/place:biggs,0606560
ocd-division/country:us/state:ca/place:bishop,0606798
ocd-division/country:us/state:ca/place:blue_lake,0607162
ocd-division/country:us/state:ca/place:blythe,0607218
ocd-division/country:us/state:ca/place:bradbury,0607946
ocd-division/country:us/state:ca/place:brawley,0608058
ocd-division/country:us/state:ca/place:brea,0608100
ocd-division/country:us/state:ca/place:brentwood,0608142
ocd-division/country:us/state:ca/place:brisbane,0608310
ocd-division/country:us/state:ca/place:buellton,0608758
ocd-division/country:us/state:ca/place:buena_park,0608786
ocd-division/country:us/state:ca/place:burbank,0608954
ocd-division/country:us/state:ca/place:burlingame,0609066
ocd-division/country:us/state:ca/place:calabasas,0609598
ocd-division/country:us/state:ca/place:calexico,0609710
ocd-division/country:us/state:ca/place:california_city,0609780
ocd-division/country:us/state:ca/place:calimesa,0609864
ocd-division/country:us/state:ca/place:calipatria,0609878
ocd-division/country:us/state:ca/place:calistoga,0609892
ocd-division/country:us/state:ca/place:camarillo,0610046
ocd-division/country:us/state:ca/place:campbell,0610345
ocd-division/country:us/state:ca/place:canyon_lake,0610928
ocd-division/country:us/state:ca/place:capitola,0611040
ocd-division/country:us/state:ca/place:carlsbad,0611194
ocd-division/country:us/state:ca/place:carmel-by-the-sea,0611250
ocd-division/country:us/state:ca/place:carpinteria,0611446
ocd-division/country:us/state:ca/place:carson,0611530
ocd-division/country:us/state:ca/place:cathedral_city,0612048
ocd-division/country:us/state:ca/place:ceres,0612524
ocd-division/country:us/state:ca/place:cerritos,0612552
ocd-division/country:us/state:ca/place:chico,0613014
ocd-division/country:us/state:ca/place:chino,0613210
ocd-division/country:us/state:ca/place:chino_hills,0613214
ocd-division/country:us/state:ca/place:chowchilla,0613294
ocd-division/country:us/state:ca/place:chula_vista,0613392
ocd-division/country:us/state:ca/place:citrus_heights,0613588
ocd-division/country:us/state:ca/place:claremont,0613756
ocd-division/country:us/state:ca/place:clayton,0613882
ocd-division/country:us/state:ca/place:clearlake,0613945
ocd-division/country:us/state:ca/place:cloverdale,0614190
ocd-division/country:us/state:ca/place:clovis,0614218
ocd-division/country:us/state:ca/place:coachella,0614260
ocd-division/country:us/state:ca/place:coalinga,0614274
ocd-division/country:us/state:ca/place:colfax,0614498
ocd-division/country:us/state:ca/place:colma,0614736
ocd-division/country:us/state:ca/place:colton,0614890
ocd-division/country:us/state:ca/place:colusa,0614946
ocd-division/country:us/state:ca/place:commerce,0614974
ocd-division/country:us/state:ca/place:compton,0615044
ocd-division/country:us/state:ca/place:concord,0616000
ocd-division/country:us/state:ca/place:corcoran,0616224
ocd-division/country:us/state:ca/place:corning,0616322
ocd-division/country:us/state:ca/place:corona,0616350
ocd-division/country:us/state:ca/place:coronado,0616378
ocd-division/country:us/state:ca/place:corte_madera,0616462
ocd-division/country:us/state:ca/place:costa_mesa,0616532
ocd-division/country:us/state:ca/place:cotati,0616560
ocd-division/country:us/state:ca/place:covina,0616742
ocd-division/country:us/state:ca/place:crescent_city,0617022
ocd-division/country:us/state:ca/place:cudahy,0617498
ocd-division/country:us/state:ca/place:culver_city,0617568
ocd-division/country:us/state:ca/place:cupertino,0617610
ocd-division/country:us/state:ca/place:cypress,0617750
ocd-division/country:us/state:ca/place:daly_city,0617918
ocd-division/country:us/state:ca/place:dana_point,0617946
ocd-division/country:us/state:ca/place:danville,0617988
ocd-division/country:us/state:ca/place:davis,0618100
ocd-division/country:us/state:ca/place:del_mar,0618506
ocd-division/country:us/state:ca/place:del_rey_oaks,0618688
ocd-division/country:us/state:ca/place:delano,0618394
ocd-division/country:us/state:ca/place:desert_hot_springs,0618996
ocd-division/country:us/state:ca/place:diamond_bar,0619192
ocd-division/country:us/state:ca/place:dinuba,0619318
ocd-division/country:us/state:ca/place:dixon,0619402
ocd-division/country:us/state:ca/place:dorris,0619584
ocd-division/country:us/state:ca/place:dos_palos,0619612
ocd-division/country:us/state:ca/place:downey,0619766
ocd-division/country:us/state:ca/place:duarte,0619990
ocd-division/country:us/state:ca/place:dublin,0620018
ocd-division/country:us/state:ca/place:dunsmuir,0620242
ocd-division/country:us/state:ca/place:east_palo_alto,0620956
ocd-division/country:us/state:ca/place:el_cajon,0621712
ocd-division/country:us/state:ca/place:el_centro,0621782
ocd-division/country:us/state:ca/place:el_cerrito,0621796
ocd-division/country:us/state:ca/place:el_monte,0622230
ocd-division/country:us/state:ca/place:el_paso_de_robles_~paso_robles~,0622300
ocd-division/country:us/state:ca/place:el_segundo,0622412
ocd-division/country:us/state:ca/place:elk_grove,0622020
ocd-division/country:us/state:ca/place:emeryville,0622594
ocd-division/country:us/state:ca/place:encinitas,0622678
ocd-division/country:us/state:ca/place:escalon,0622790
ocd-division/country:us/state:ca/place:escondido,0622804
ocd-division/country:us/state:ca/place:etna,0622972
ocd-division/country:us/state:ca/place:eureka,0623042
ocd-division/country:us/state:ca/place:exeter,0623126
ocd-division/country:us/state:ca/place:fairfax,0623168
ocd-division/country:us/state:ca/place:fairfield,0623182
ocd-division/country:us/state:ca/place:farmersville,0623616
ocd-division/country:us/state:ca/place:ferndale,0623910
ocd-division/country:us/state:ca/place:fillmore,0624092
ocd-division/country:us/state:ca/place:firebaugh,0624134
ocd-division/country:us/state:ca/place:folsom,0624638
ocd-division/country:us/state:ca/place:fontana,0624680
ocd-division/country:us/state:ca/place:fort_bragg,0625058
ocd-division/country:us/state:ca/place:fort_jones,0625128
ocd-division/country:us/state:ca/place:fortuna,0625296
ocd-division/country:us/state:ca/place:foster_city,0625338
ocd-division/country:us/state:ca/place:fountain_valley,0625380
ocd-division/country:us/state:ca/place:fowler,0625436
ocd-division/country:us/state:ca/place:fremont,0626000
ocd-division/country:us/state:ca/place:fresno,0627000
ocd-division/country:us/state:ca/place:fullerton,0628000
ocd-division/country:us/state:ca/place:galt,0628112
ocd-division/country:us/state:ca/place:garden_grove,0629000
ocd-division/country:us/state:ca/place:gardena,0628168
ocd-division/country:us/state:ca/place:gilroy,0629504
ocd-division/country:us/state:ca/place:glendale,0630000
ocd-division/country:us/state:ca/place:glendora,0630014
ocd-division/country:us/state:ca/place:goleta,0630378
ocd-division/country:us/state:ca/place:gonzales,0630392
ocd-division/country:us/state:ca/place:grand_terrace,0630658
ocd-division/country:us/state:ca/place:grass_valley,0630798
ocd-division/country:us/state:ca/place:greenfield,0630994
ocd-division/country:us/state:ca/place:gridley,0631260
ocd-division/country:us/state:ca/place:grover_beach,0631393
ocd-division/country:us/state:ca/place:guadalupe,0631414
ocd-division/country:us/state:ca/place:gustine,0631568
ocd-division/country:us/state:ca/place:half_moon_bay,0631708
ocd-division/country:us/state:ca/place:hanford,0631960
ocd-division/country:us/state:ca/place:hawaiian_gardens,0632506
ocd-division/country:us/state:ca/place:hawthorne,0632548
ocd-division/country:us/state:ca/place:hayward,0633000
ocd-division/country:us/state:ca/place:healdsburg,0633056
ocd-division/country:us/state:ca/place:hemet,0633182
ocd-division/country:us/state:ca/place:hercules,0633308
ocd-division/country:us/state:ca/place:hermosa_beach,0633364
ocd-division/country:us/state:ca/place:hesperia,0633434
ocd-division/country:us/state:ca/place:hidden_hills,0633518
ocd-division/country:us/state:ca/place:highland,0633588
ocd-division/country:us/state:ca/place:hillsborough,0633798
ocd-division/country:us/state:ca/place:hollister,0634120
ocd-division/country:us/state:ca/place:holtville,0634246
ocd-division/country:us/state:ca/place:hughson,0634904
ocd-division/country:us/state:ca/place:huntington_beach,0636000
ocd-division/country:us/state:ca/place:huntington_park,0636056
ocd-division/country:us/state:ca/place:huron,0636084
ocd-division/country:us/state:ca/place:imperial,0636280
ocd-division/country:us/state:ca/place:imperial_beach,0636294
ocd-division/country:us/state:ca/place:indian_wells,0636434
ocd-division/country:us/state:ca/place:indio,0636448
ocd-division/country:us/state:ca/place:industry,0636490
ocd-division/country:us/state:ca/place:inglewood,0636546
ocd-division/country:us/state:ca/place:ione,0636672
ocd-division/country:us/state:ca/place:irvine,0636770
ocd-division/country:us/state:ca/place:irwindale,0636826
ocd-division/country:us/state:ca/place:isleton,0636882
ocd-division/country:us/state:ca/place:jackson,0636980
ocd-division/country:us/state:ca/place:kerman,0638226
ocd-division/country:us/state:ca/place:king_city,0638520
ocd-division/country:us/state:ca/place:kingsburg,0638562
ocd-division/country:us/state:ca/place:la_cañada_flintridge,0639003
ocd-division/country:us/state:ca/place:la_habra,0639290
ocd-division/country:us/state:ca/place:la_habra_heights,0639304
ocd-division/country:us/state:ca/place:la_mesa,0640004
ocd-division/country:us/state:ca/place:la_mirada,0640032
ocd-division/country:us/state:ca/place:la_palma,0640256
ocd-division/country:us/state:ca/place:la_puente,0640340
ocd-division/country:us/state:ca/place:la_quinta,0640354
ocd-division/country:us/state:ca/place:la_verne,0640830
ocd-division/country:us/state:ca/place:lafayette,0639122
ocd-division/country:us/state:ca/place:laguna_beach,0639178
ocd-division/country:us/state:ca/place:laguna_hills,0639220
ocd-division/country:us/state:ca/place:laguna_niguel,0639248
ocd-division/country:us/state:ca/place:laguna_woods,0639259
ocd-division/country:us/state:ca/place:lake_elsinore,0639486
ocd-division/country:us/state:ca/place:lake_forest,0639496
ocd-division/country:us/state:ca/place:lakeport,0639710
ocd-division/country:us/state:ca/place:lakewood,0639892
ocd-division/country:us/state:ca/place:lancaster,0640130
ocd-division/country:us/state:ca/place:larkspur,0640438
ocd-division/country:us/state:ca/place:lathrop,0640704
ocd-division/country:us/state:ca/place:lawndale,0640886
ocd-division/country:us/state:ca/place:lemon_grove,0641124
ocd-division/country:us/state:ca/place:lemoore,0641152
ocd-division/country:us/state:ca/place:lincoln,0641474
ocd-division/country:us/state:ca/place:lindsay,0641712
ocd-division/country:us/state:ca/place:live_oak,0641936
ocd-division/country:us/state:ca/place:livermore,0641992
ocd-division/country:us/state:ca/place:livingston,0642006
ocd-division/country:us/state:ca/place:lodi,0642202
ocd-division/country:us/state:ca/place:loma_linda,0642370
ocd-division/country:us/state:ca/place:lomita,0642468
ocd-division/country:us/state:ca/place:lompoc,0642524
ocd-division/country:us/state:ca/place:long_beach,0643000
ocd-division/country:us/state:ca/place:loomis,0643140
ocd-division/country:us/state:ca/place:los_alamitos,0643224
ocd-division/country:us/state:ca/place:los_altos,0643280
ocd-division/country:us/state:ca/place:los_altos_hills,0643294
ocd-division/country:us/state:ca/place:los_angeles,0644000
ocd-division/country:us/state:ca/place:los_banos,0644028
ocd-division/country:us/state:ca/place:los_gatos,0644112
ocd-division/country:us/state:ca/place:loyalton,0644364
ocd-division/country:us/state:ca/place:lynwood,0644574
ocd-division/country:us/state:ca/place:madera,0645022
ocd-division/country:us/state:ca/place:malibu,0645246
ocd-division/country:us/state:ca/place:mammoth_lakes,0645358
ocd-division/country:us/state:ca/place:manhattan_beach,0645400
ocd-division/country:us/state:ca/place:manteca,0645484
ocd-division/country:us/state:ca/place:maricopa,0645736
ocd-division/country:us/state:ca/place:marina,0645778
ocd-division/country:us/state:ca/place:martinez,0646114
ocd-division/country:us/state:ca/place:marysville,0646170
ocd-division/country:us/state:ca/place:maywood,0646492
ocd-division/country:us/state:ca/place:mcfarland,0644826
ocd-division/country:us/state:ca/place:mendota,0646828
ocd-division/country:us/state:ca/place:menifee,0646842
ocd-division/country:us/state:ca/place:menlo_park,0646870
ocd-division/country:us/state:ca/place:merced,0646898
ocd-division/country:us/state:ca/place:mill_valley,0647710
ocd-division/country:us/state:ca/place:millbrae,0647486
ocd-division/country:us/state:ca/place:milpitas,0647766
ocd-division/country:us/state:ca/place:mission_viejo,0648256
ocd-division/country:us/state:ca/place:modesto,0648354
ocd-division/country:us/state:ca/place:monrovia,0648648
ocd-division/country:us/state:ca/place:montague,0648690
ocd-division/country:us/state:ca/place:montclair,0648788
ocd-division/country:us/state:ca/place:monte_sereno,0648956
ocd-division/country:us/state:ca/place:montebello,0648816
ocd-division/country:us/state:ca/place:monterey,0648872
ocd-division/country:us/state:ca/place:monterey_park,0648914
ocd-division/country:us/state:ca/place:moorpark,0649138
ocd-division/country:us/state:ca/place:moraga,0649187
ocd-division/country:us/state:ca/place:moreno_valley,0649270
ocd-division/country:us/state:ca/place:morgan_hill,0649278
ocd-division/country:us/state:ca/place:morro_bay,0649362
ocd-division/country:us/state:ca/place:mount_shasta,0649852
ocd-division/country:us/state:ca/place:mountain_view,0649670
ocd-division/country:us/state:ca/place:murrieta,0650076
ocd-division/country:us/state:ca/place:napa,0650258
ocd-division/country:us/state:ca/place:national_city,0650398
ocd-division/country:us/state:ca/place:needles,0650734
ocd-division/country:us/state:ca/place:nevada_city,0650874
ocd-division/country:us/state:ca/place:newark,0650916
ocd-division/country:us/state:ca/place:newman,0651140
ocd-division/country:us/state:ca/place:newport_beach,0651182
ocd-division/country:us/state:ca/place:norco,0651560
ocd-division/country:us/state:ca/place:norwalk,0652526
ocd-division/country:us/state:ca/place:novato,0652582
ocd-division/country:us/state:ca/place:oakdale,0652694
ocd-division/country:us/state:ca/place:oakland,0653000
ocd-division/country:us/state:ca/place:oakley,0653070
ocd-division/country:us/state:ca/place:oceanside,0653322
ocd-division/country:us/state:ca/place:ojai,0653476
ocd-division/country:us/state:ca/place:ontario,0653896
ocd-division/country:us/state:ca/place:orange,0653980
ocd-division/country:us/state:ca/place:orange_cove,0654008
ocd-division/country:us/state:ca/place:orinda,0654232
ocd-division/country:us/state:ca/place:orland,0654274
ocd-division/country:us/state:ca/place:oroville,0654386
ocd-division/country:us/state:ca/place:oxnard,0654652
ocd-division/country:us/state:ca/place:pacific_grove,0654848
ocd-division/country:us/state:ca/place:pacifica,0654806
ocd-division/country:us/state:ca/place:palm_desert,0655184
ocd-division/country:us/state:ca/place:palm_springs,0655254
ocd-division/country:us/state:ca/place:palmdale,0655156
ocd-division/country:us/state:ca/place:palo_alto,0655282
ocd-division/country:us/state:ca/place:palos_verdes_estates,0655380
ocd-division/country:us/state:ca/place:paradise,0655520
ocd-division/country:us/state:ca/place:paramount,0655618
ocd-division/country:us/state:ca/place:parlier,0655856
ocd-division/country:us/state:ca/place:pasadena,0656000
ocd-division/country:us/state:ca/place:patterson,0656112
ocd-division/country:us/state:ca/place:perris,0656700
ocd-division/country:us/state:ca/place:petaluma,0656784
ocd-division/country:us/state:ca/place:pico_rivera,0656924
ocd-division/country:us/state:ca/place:piedmont,0656938
ocd-division/country:us/state:ca/place:pinole,0657288
ocd-division/country:us/state:ca/place:pismo_beach,0657414
ocd-division/country:us/state:ca/place:pittsburg,0657456
ocd-division/country:us/state:ca/place:placentia,0657526
ocd-division/country:us/state:ca/place:placerville,0657540
ocd-division/country:us/state:ca/place:pleasant_hill,0657764
ocd-division/country:us/state:ca/place:pleasanton,0657792
ocd-division/country:us/state:ca/place:plymouth,0657834
ocd-division/country:us/state:ca/place:point_arena,0657876
ocd-division/country:us/state:ca/place:pomona,0658072
ocd-division/country:us/state:ca/place:port_hueneme,0658296
ocd-division/country:us/state:ca/place:porterville,0658240
ocd-division/country:us/state:ca/place:portola,0658352
ocd-division/country:us/state:ca/place:portola_valley,0658380
ocd-division/country:us/state:ca/place:poway,0658520
ocd-division/country:us/state:ca/place:rancho_cordova,0659444
ocd-division/country:us/state:ca/place:rancho_cucamonga,0659451
ocd-division/country:us/state:ca/place:rancho_mirage,0659500
ocd-division/country:us/state:ca/place:rancho_palos_verdes,0659514
ocd-division/country:us/state:ca/place:rancho_santa_margarita,0659587
ocd-division/country:us/state:ca/place:red_bluff,0659892
ocd-division/country:us/state:ca/place:redding,0659920
ocd-division/country:us/state:ca/place:redlands,0659962
ocd-division/country:us/state:ca/place:redondo_beach,0660018
ocd-division/country:us/state:ca/place:redwood_city,0660102
ocd-division/country:us/state:ca/place:reedley,0660242
ocd-division/country:us/state:ca/place:rialto,0660466
ocd-division/country:us/state:ca/place:richmond,0660620
ocd-division/country:us/state:ca/place:ridgecrest,0660704
ocd-division/country:us/state:ca/place:rio_dell,0660900
ocd-division/country:us/state:ca/place:rio_vista,0660984
ocd-division/country:us/state:ca/place:ripon,0661026
ocd-division/country:us/state:ca/place:riverbank,0661068
ocd-division/country:us/state:ca/place:riverside,0662000
ocd-division/country:us/state:ca/place:rocklin,0662364
ocd-division/country:us/state:ca/place:rohnert_park,0662546
ocd-division/country:us/state:ca/place:rolling_hills,0662602
ocd-division/country:us/state:ca/place:rolling_hills_estates,0662644
ocd-division/country:us/state:ca/place:rosemead,0662896
ocd-division/country:us/state:ca/place:roseville,0662938
ocd-division/country:us/state:ca/place:ross,0662980
ocd-division/country:us/state:ca/place:sacramento,0664000
ocd-division/country:us/state:ca/place:salinas,0664224
ocd-division/country:us/state:ca/place:san_anselmo,0664434
ocd-division/country:us/state:ca/place:san_bernardino,0665000
ocd-division/country:us/state:ca/place:san_bruno,0665028
ocd-division/country:us/state:ca/place:san_buenaventura_~ventura~,0665042
ocd-division/country:us/state:ca/place:san_carlos,0665070
ocd-division/country:us/state:ca/place:san_clemente,0665084
ocd-division/country:us/state:ca/place:san_diego,0666000
ocd-division/country:us/state:ca/place:san_dimas,0666070
ocd-division/country:us/state:ca/place:san_fernando,0666140
ocd-division/country:us/state:ca/place:san_gabriel,0667042
ocd-division/country:us/state:ca/place:san_jacinto,0667112
ocd-division/country:us/state:ca/place:san_joaquin,0667126
ocd-division/country:us/state:ca/place:san_jose,0668000
ocd-division/country:us/state:ca/place:san_juan_bautista,0668014
ocd-division/country:us/state:ca/place:san_juan_capistrano,0668028
ocd-division/country:us/state:ca/place:san_leandro,0668084
ocd-division/country:us/state:ca/place:san_luis_obispo,0668154
ocd-division/country:us/state:ca/place:san_marcos,0668196
ocd-division/country:us/state:ca/place:san_marino,0668224
ocd-division/country:us/state:ca/place:san_mateo,0668252
ocd-division/country:us/state:ca/place:san_pablo,0668294
ocd-division/country:us/state:ca/place:san_rafael,0668364
ocd-division/country:us/state:ca/place:san_ramon,0668378
ocd-division/country:us/state:ca/place:sand_city,0665112
ocd-division/country:us/state:ca/place:sanger,0667056
ocd-division/country:us/state:ca/place:santa_ana,0669000
ocd-division/country:us/state:ca/place:santa_barbara,0669070
ocd-division/country:us/state:ca/place:santa_clara,0669084
ocd-division/country:us/state:ca/place:santa_clarita,0669088
ocd-division/country:us/state:ca/place:santa_cruz,0669112
ocd-division/country:us/state:ca/place:santa_fe_springs,0669154
ocd-division/country:us/state:ca/place:santa_maria,0669196
ocd-division/country:us/state:ca/place:santa_monica,0670000
ocd-division/country:us/state:ca/place:santa_paula,0670042
ocd-division/country:us/state:ca/place:santa_rosa,0670098
ocd-division/country:us/state:ca/place:santee,0670224
ocd-division/country:us/state:ca/place:saratoga,0670280
ocd-division/country:us/state:ca/place:sausalito,0670364
ocd-division/country:us/state:ca/place:scotts_valley,0670588
ocd-division/country:us/state:ca/place:seal_beach,0670686
ocd-division/country:us/state:ca/place:seaside,0670742
ocd-division/country:us/state:ca/place:sebastopol,0670770
ocd-division/country:us/state:ca/place:selma,0670882
ocd-division/country:us/state:ca/place:shafter,0671106
ocd-division/country:us/state:ca/place:shasta_lake,0671225
ocd-division/country:us/state:ca/place:sierra_madre,0671806
ocd-division/country:us/state:ca/place:signal_hill,0671876
ocd-division/country:us/state:ca/place:simi_valley,0672016
ocd-division/country:us/state:ca/place:solana_beach,0672506
ocd-division/country:us/state:ca/place:soledad,0672520
ocd-division/country:us/state:ca/place:solvang,0672576
ocd-division/country:us/state:ca/place:sonoma,0672646
ocd-division/country:us/state:ca/place:sonora,0672674
ocd-division/country:us/state:ca/place:south_el_monte,0672996
ocd-division/country:us/state:ca/place:south_gate,0673080
ocd-division/country:us/state:ca/place:south_lake_tahoe,0673108
ocd-division/country:us/state:ca/place:south_pasadena,0673220
ocd-division/country:us/state:ca/place:south_san_francisco,0673262
ocd-division/country:us/state:ca/place:st_helena,0664140
ocd-division/country:us/state:ca/place:stanton,0673962
ocd-division/country:us/state:ca/place:stockton,0675000
ocd-division/country:us/state:ca/place:suisun_city,0675630
ocd-division/country:us/state:ca/place:sunnyvale,0677000
ocd-division/country:us/state:ca/place:susanville,0677364
ocd-division/country:us/state:ca/place:sutter_creek,0677392
ocd-division/country:us/state:ca/place:taft,0677574
ocd-division/country:us/state:ca/place:tehachapi,0678092
ocd-division/country:us/state:ca/place:tehama,0678106
ocd-division/country:us/state:ca/place:temecula,0678120
ocd-division/country:us/state:ca/place:temple_city,0678148
ocd-division/country:us/state:ca/place:thousand_oaks,0678582
ocd-division/country:us/state:ca/place:tiburon,0678666
ocd-division/country:us/state:ca/place:torrance,0680000
ocd-division/country:us/state:ca/place:tracy,0680238
ocd-division/country:us/state:ca/place:trinidad,0680448
ocd-division/country:us/state:ca/place:truckee,0680588
ocd-division/country:us/state:ca/place:tulare,0680644
ocd-division/country:us/state:ca/place:tulelake,0680686
ocd-division/country:us/state:ca/place:turlock,0680812
ocd-division/country:us/state:ca/place:tustin,0680854
ocd-division/country:us/state:ca/place:twentynine_palms,0680994
ocd-division/country:us/state:ca/place:ukiah,0681134
ocd-division/country:us/state:ca/place:union_city,0681204
ocd-division/country:us/state:ca/place:upland,0681344
ocd-division/country:us/state:ca/place:vacaville,0681554
ocd-division/country:us/state:ca/place:vallejo,0681666
ocd-division/country:us/state:ca/place:vernon,0682422
ocd-division/country:us/state:ca/place:victorville,0682590
ocd-division/country:us/state:ca/place:villa_park,0682744
ocd-division/country:us/state:ca/place:visalia,0682954
ocd-division/country:us/state:ca/place:vista,0682996
ocd-division/country:us/state:ca/place:walnut,0683332
ocd-division/country:us/state:ca/place:walnut_creek,0683346
ocd-division/country:us/state:ca/place:wasco,0683542
ocd-division/country:us/state:ca/place:waterford,0683612
ocd-division/country:us/state:ca/place:watsonville,0683668
ocd-division/country:us/state:ca/place:weed,0683850
ocd-division/country:us/state:ca/place:west_covina,0684200
ocd-division/country:us/state:ca/place:west_hollywood,0684410
ocd-division/country:us/state:ca/place:west_sacramento,0684816
ocd-division/country:us/state:ca/place:westlake_village,0684438
ocd-division/country:us/state:ca/place:westminster,0684550
ocd-division/country:us/state:ca/place:westmorland,0684606
ocd-division/country:us/state:ca/place:wheatland,0685012
ocd-division/country:us/state:ca/place:whittier,0685292
ocd-division/country:us/state:ca/place:wildomar,0685446
ocd-division/country:us/state:ca/place:williams,0685586
ocd-division/country:us/state:ca/place:willits,0685600
ocd-division/country:us/state:ca/place:willows,0685684
ocd-division/country:us/state:ca/place:windsor,0685922
ocd-division/country:us/state:ca/place:winters,0686034
ocd-division/country:us/state:ca/place:woodlake,0686300
ocd-division/country:us/state:ca/place:woodland,0686328
ocd-division/country:us/state:ca/place:woodside,0686440
ocd-division/country:us/state:ca/place:yorba_linda,0686832
ocd-division/country:us/state:ca/place:yountville,0686930
ocd-division/country:us/state:ca/place:yreka,0686944
ocd-division/country:us/state:ca/place:yuba_city,0686972
ocd-division/country:us/state:ca/place:yucaipa,0687042
ocd-division/country:us/state:ca/place:yucca_valley,0687056
