id,name
ocd-division/country:gb,United Kingdom
ocd-division/country:gb/country:gb-eng,England
ocd-division/country:gb/country:gb-eng/region:ukc,North East
ocd-division/country:gb/country:gb-eng/region:ukc/cd:berwick-upon-tweed,Berwick-upon-Tweed
ocd-division/country:gb/country:gb-eng/region:ukc/cd:bishop_auckland,Bishop Auckland
ocd-division/country:gb/country:gb-eng/region:ukc/cd:blaydon,Blaydon
ocd-division/country:gb/country:gb-eng/region:ukc/cd:blyth_valley,Blyth Valley
ocd-division/country:gb/country:gb-eng/region:ukc/cd:city_of_durham,City of Durham
ocd-division/country:gb/country:gb-eng/region:ukc/cd:darlington,Darlington
ocd-division/country:gb/country:gb-eng/region:ukc/cd:easington,Easington
ocd-division/country:gb/country:gb-eng/region:ukc/cd:gateshead,Gateshead
ocd-division/country:gb/country:gb-eng/region:ukc/cd:hartlepool,Hartlepool
ocd-division/country:gb/country:gb-eng/region:ukc/cd:hexham,Hexham
ocd-division/country:gb/country:gb-eng/region:ukc/cd:houghton_and_sunderland_south,Houghton and Sunderland South
ocd-division/country:gb/country:gb-eng/region:ukc/cd:jarrow,Jarrow
ocd-division/country:gb/country:gb-eng/region:ukc/cd:middlesbrough,Middlesbrough
ocd-division/country:gb/country:gb-eng/region:ukc/cd:middlesbrough_south_and_east_cleveland,Middlesbrough South and East Cleveland
ocd-division/country:gb/country:gb-eng/region:ukc/cd:newcastle_upon_tyne_central,Newcastle upon Tyne Central
ocd-division/country:gb/country:gb-eng/region:ukc/cd:newcastle_upon_tyne_east,Newcastle upon Tyne East
ocd-division/country:gb/country:gb-eng/region:ukc/cd:newcastle_upon_tyne_north,Newcastle upon Tyne North
ocd-division/country:gb/country:gb-eng/region:ukc/cd:north_durham,North Durham
ocd-division/country:gb/country:gb-eng/region:ukc/cd:north_tyneside,North Tyneside
ocd-division/country:gb/country:gb-eng/region:ukc/cd:north_west_durham,North West Durham
ocd-division/country:gb/country:gb-eng/region:ukc/cd:redcar,Redcar
ocd-division/country:gb/country:gb-eng/region:ukc/cd:sedgefield,Sedgefield
ocd-division/country:gb/country:gb-eng/region:ukc/cd:south_shields,South Shields
ocd-division/country:gb/country:gb-eng/region:ukc/cd:stockton_north,Stockton North
ocd-division/country:gb/country:gb-eng/region:ukc/cd:stockton_south,Stockton South
ocd-division/country:gb/country:gb-eng/region:ukc/cd:sunderland_central,Sunderland Central
ocd-division/country:gb/country:gb-eng/region:ukc/cd:tynemouth,Tynemouth
ocd-division/country:gb/country:gb-eng/region:ukc/cd:wansbeck,Wansbeck
ocd-division/country:gb/country:gb-eng/region:ukc/cd:washington_and_sunderland_west,Washington and Sunderland West
ocd-division/country:gb/country:gb-eng/region:ukd,North West
ocd-division/country:gb/country:gb-eng/region:ukd/cd:altrincham_and_sale_west,Altrincham and Sale West
ocd-division/country:gb/country:gb-eng/region:ukd/cd:ashton-under-lyne,Ashton-under-Lyne
ocd-division/country:gb/country:gb-eng/region:ukd/cd:barrow_and_furness,Barrow and Furness
ocd-division/country:gb/country:gb-eng/region:ukd/cd:birkenhead,Birkenhead
ocd-division/country:gb/country:gb-eng/region:ukd/cd:blackburn,Blackburn
ocd-division/country:gb/country:gb-eng/region:ukd/cd:blackley_and_broughton,Blackley and Broughton
ocd-division/country:gb/country:gb-eng/region:ukd/cd:blackpool_north_and_cleveleys,Blackpool North and Cleveleys
ocd-division/country:gb/country:gb-eng/region:ukd/cd:blackpool_south,Blackpool South
ocd-division/country:gb/country:gb-eng/region:ukd/cd:bolton_north_east,Bolton North East
ocd-division/country:gb/country:gb-eng/region:ukd/cd:bolton_south_east,Bolton South East
ocd-division/country:gb/country:gb-eng/region:ukd/cd:bolton_west,Bolton West
ocd-division/country:gb/country:gb-eng/region:ukd/cd:bootle,Bootle
ocd-division/country:gb/country:gb-eng/region:ukd/cd:burnley,Burnley
ocd-division/country:gb/country:gb-eng/region:ukd/cd:bury_north,Bury North
ocd-division/country:gb/country:gb-eng/region:ukd/cd:bury_south,Bury South
ocd-division/country:gb/country:gb-eng/region:ukd/cd:carlisle,Carlisle
ocd-division/country:gb/country:gb-eng/region:ukd/cd:cheadle,Cheadle
ocd-division/country:gb/country:gb-eng/region:ukd/cd:chorley,Chorley
ocd-division/country:gb/country:gb-eng/region:ukd/cd:city_of_chester,City of Chester
ocd-division/country:gb/country:gb-eng/region:ukd/cd:congleton,Congleton
ocd-division/country:gb/country:gb-eng/region:ukd/cd:copeland,Copeland
ocd-division/country:gb/country:gb-eng/region:ukd/cd:crewe_and_nantwich,Crewe and Nantwich
ocd-division/country:gb/country:gb-eng/region:ukd/cd:denton_and_reddish,Denton and Reddish
ocd-division/country:gb/country:gb-eng/region:ukd/cd:eddisbury,Eddisbury
ocd-division/country:gb/country:gb-eng/region:ukd/cd:ellesmere_port_and_neston,Ellesmere Port and Neston
ocd-division/country:gb/country:gb-eng/region:ukd/cd:fylde,Fylde
ocd-division/country:gb/country:gb-eng/region:ukd/cd:garston_and_halewood,Garston and Halewood
ocd-division/country:gb/country:gb-eng/region:ukd/cd:halton,Halton
ocd-division/country:gb/country:gb-eng/region:ukd/cd:hazel_grove,Hazel Grove
ocd-division/country:gb/country:gb-eng/region:ukd/cd:heywood_and_middleton,Heywood and Middleton
ocd-division/country:gb/country:gb-eng/region:ukd/cd:hyndburn,Hyndburn
ocd-division/country:gb/country:gb-eng/region:ukd/cd:knowsley,Knowsley
ocd-division/country:gb/country:gb-eng/region:ukd/cd:lancaster_and_fleetwood,Lancaster and Fleetwood
ocd-division/country:gb/country:gb-eng/region:ukd/cd:leigh,Leigh
ocd-division/country:gb/country:gb-eng/region:ukd/cd:liverpool_riverside,Liverpool - Riverside
ocd-division/country:gb/country:gb-eng/region:ukd/cd:liverpool_walton,Liverpool - Walton
ocd-division/country:gb/country:gb-eng/region:ukd/cd:liverpool_wavertree,Liverpool - Wavertree
ocd-division/country:gb/country:gb-eng/region:ukd/cd:liverpool_west_derby,Liverpool - West Derby
ocd-division/country:gb/country:gb-eng/region:ukd/cd:macclesfield,Macclesfield
ocd-division/country:gb/country:gb-eng/region:ukd/cd:makerfield,Makerfield
ocd-division/country:gb/country:gb-eng/region:ukd/cd:manchester_central,Manchester Central
ocd-division/country:gb/country:gb-eng/region:ukd/cd:manchester_gorton,Manchester - Gorton
ocd-division/country:gb/country:gb-eng/region:ukd/cd:manchester_withington,Manchester - Withington
ocd-division/country:gb/country:gb-eng/region:ukd/cd:morecambe_and_lunesdale,Morecambe and Lunesdale
ocd-division/country:gb/country:gb-eng/region:ukd/cd:oldham_east_and_saddleworth,Oldham East and Saddleworth
ocd-division/country:gb/country:gb-eng/region:ukd/cd:oldham_west_and_royton,Oldham West and Royton
ocd-division/country:gb/country:gb-eng/region:ukd/cd:pendle,Pendle
ocd-division/country:gb/country:gb-eng/region:ukd/cd:penrith_and_the_border,Penrith and The Border
ocd-division/country:gb/country:gb-eng/region:ukd/cd:preston,Preston
ocd-division/country:gb/country:gb-eng/region:ukd/cd:ribble_valley,Ribble Valley
ocd-division/country:gb/country:gb-eng/region:ukd/cd:rochdale,Rochdale
ocd-division/country:gb/country:gb-eng/region:ukd/cd:rossendale_and_darwen,Rossendale and Darwen
ocd-division/country:gb/country:gb-eng/region:ukd/cd:salford_and_eccles,Salford and Eccles
ocd-division/country:gb/country:gb-eng/region:ukd/cd:sefton_central,Sefton Central
ocd-division/country:gb/country:gb-eng/region:ukd/cd:south_ribble,South Ribble
ocd-division/country:gb/country:gb-eng/region:ukd/cd:southport,Southport
ocd-division/country:gb/country:gb-eng/region:ukd/cd:st_helens_north,St Helens North
ocd-division/country:gb/country:gb-eng/region:ukd/cd:st_helens_south_and_whiston,St Helens South and Whiston
ocd-division/country:gb/country:gb-eng/region:ukd/cd:stalybridge_and_hyde,Stalybridge and Hyde
ocd-division/country:gb/country:gb-eng/region:ukd/cd:stockport,Stockport
ocd-division/country:gb/country:gb-eng/region:ukd/cd:stretford_and_urmston,Stretford and Urmston
ocd-division/country:gb/country:gb-eng/region:ukd/cd:tatton,Tatton
ocd-division/country:gb/country:gb-eng/region:ukd/cd:wallasey,Wallasey
ocd-division/country:gb/country:gb-eng/region:ukd/cd:warrington_north,Warrington North
ocd-division/country:gb/country:gb-eng/region:ukd/cd:warrington_south,Warrington South
ocd-division/country:gb/country:gb-eng/region:ukd/cd:weaver_vale,Weaver Vale
ocd-division/country:gb/country:gb-eng/region:ukd/cd:west_lancashire,West Lancashire
ocd-division/country:gb/country:gb-eng/region:ukd/cd:westmorland_and_lonsdale,Westmorland and Lonsdale
ocd-division/country:gb/country:gb-eng/region:ukd/cd:wigan,Wigan
ocd-division/country:gb/country:gb-eng/region:ukd/cd:wirral_south,Wirral South
ocd-division/country:gb/country:gb-eng/region:ukd/cd:wirral_west,Wirral West
ocd-division/country:gb/country:gb-eng/region:ukd/cd:workington,Workington
ocd-division/country:gb/country:gb-eng/region:ukd/cd:worsley_and_eccles_south,Worsley and Eccles South
ocd-division/country:gb/country:gb-eng/region:ukd/cd:wyre_and_preston_north,Wyre and Preston North
ocd-division/country:gb/country:gb-eng/region:ukd/cd:wythenshawe_and_sale_east,Wythenshawe and Sale East
ocd-division/country:gb/country:gb-eng/region:uke,Yorkshire and the Humber
ocd-division/country:gb/country:gb-eng/region:uke/cd:barnsley_central,Barnsley Central
ocd-division/country:gb/country:gb-eng/region:uke/cd:barnsley_east,Barnsley East
ocd-division/country:gb/country:gb-eng/region:uke/cd:batley_and_spen,Batley and Spen
ocd-division/country:gb/country:gb-eng/region:uke/cd:beverley_and_holderness,Beverley and Holderness
ocd-division/country:gb/country:gb-eng/region:uke/cd:bradford_east,Bradford East
ocd-division/country:gb/country:gb-eng/region:uke/cd:bradford_south,Bradford South
ocd-division/country:gb/country:gb-eng/region:uke/cd:bradford_west,Bradford West
ocd-division/country:gb/country:gb-eng/region:uke/cd:brigg_and_goole,Brigg and Goole
ocd-division/country:gb/country:gb-eng/region:uke/cd:calder_valley,Calder Valley
ocd-division/country:gb/country:gb-eng/region:uke/cd:cleethorpes,Cleethorpes
ocd-division/country:gb/country:gb-eng/region:uke/cd:colne_valley,Colne Valley
ocd-division/country:gb/country:gb-eng/region:uke/cd:dewsbury,Dewsbury
ocd-division/country:gb/country:gb-eng/region:uke/cd:don_valley,Don Valley
ocd-division/country:gb/country:gb-eng/region:uke/cd:doncaster_central,Doncaster Central
ocd-division/country:gb/country:gb-eng/region:uke/cd:doncaster_north,Doncaster North
ocd-division/country:gb/country:gb-eng/region:uke/cd:east_yorkshire,East Yorkshire
ocd-division/country:gb/country:gb-eng/region:uke/cd:elmet_and_rothwell,Elmet and Rothwell
ocd-division/country:gb/country:gb-eng/region:uke/cd:great_grimsby,Great Grimsby
ocd-division/country:gb/country:gb-eng/region:uke/cd:halifax,Halifax
ocd-division/country:gb/country:gb-eng/region:uke/cd:haltemprice_and_howden,Haltemprice and Howden
ocd-division/country:gb/country:gb-eng/region:uke/cd:harrogate_and_knaresborough,Harrogate and Knaresborough
ocd-division/country:gb/country:gb-eng/region:uke/cd:hemsworth,Hemsworth
ocd-division/country:gb/country:gb-eng/region:uke/cd:huddersfield,Huddersfield
ocd-division/country:gb/country:gb-eng/region:uke/cd:keighley,Keighley
ocd-division/country:gb/country:gb-eng/region:uke/cd:kingston_upon_hull_east,Kingston upon Hull East
ocd-division/country:gb/country:gb-eng/region:uke/cd:kingston_upon_hull_north,Kingston upon Hull North
ocd-division/country:gb/country:gb-eng/region:uke/cd:kingston_upon_hull_west_and_hessle,Kingston upon Hull West and Hessle
ocd-division/country:gb/country:gb-eng/region:uke/cd:leeds_central,Leeds Central
ocd-division/country:gb/country:gb-eng/region:uke/cd:leeds_east,Leeds East
ocd-division/country:gb/country:gb-eng/region:uke/cd:leeds_north_east,Leeds North East
ocd-division/country:gb/country:gb-eng/region:uke/cd:leeds_north_west,Leeds North West
ocd-division/country:gb/country:gb-eng/region:uke/cd:leeds_west,Leeds West
ocd-division/country:gb/country:gb-eng/region:uke/cd:morley_and_outwood,Morley and Outwood
ocd-division/country:gb/country:gb-eng/region:uke/cd:normanton_pontefract_and_castleford,Normanton - Pontefract and Castleford
ocd-division/country:gb/country:gb-eng/region:uke/cd:penistone_and_stocksbridge,Penistone and Stocksbridge
ocd-division/country:gb/country:gb-eng/region:uke/cd:pudsey,Pudsey
ocd-division/country:gb/country:gb-eng/region:uke/cd:richmond_yorks,Richmond (Yorks)
ocd-division/country:gb/country:gb-eng/region:uke/cd:rother_valley,Rother Valley
ocd-division/country:gb/country:gb-eng/region:uke/cd:rotherham,Rotherham
ocd-division/country:gb/country:gb-eng/region:uke/cd:scarborough_and_whitby,Scarborough and Whitby
ocd-division/country:gb/country:gb-eng/region:uke/cd:scunthorpe,Scunthorpe
ocd-division/country:gb/country:gb-eng/region:uke/cd:selby_and_ainsty,Selby and Ainsty
ocd-division/country:gb/country:gb-eng/region:uke/cd:sheffield_brightside_and_hillsborough,Sheffield - Brightside and Hillsborough
ocd-division/country:gb/country:gb-eng/region:uke/cd:sheffield_central,Sheffield Central
ocd-division/country:gb/country:gb-eng/region:uke/cd:sheffield_hallam,Sheffield - Hallam
ocd-division/country:gb/country:gb-eng/region:uke/cd:sheffield_heeley,Sheffield - Heeley
ocd-division/country:gb/country:gb-eng/region:uke/cd:sheffield_south_east,Sheffield South East
ocd-division/country:gb/country:gb-eng/region:uke/cd:shipley,Shipley
ocd-division/country:gb/country:gb-eng/region:uke/cd:skipton_and_ripon,Skipton and Ripon
ocd-division/country:gb/country:gb-eng/region:uke/cd:thirsk_and_malton,Thirsk and Malton
ocd-division/country:gb/country:gb-eng/region:uke/cd:wakefield,Wakefield
ocd-division/country:gb/country:gb-eng/region:uke/cd:wentworth_and_dearne,Wentworth and Dearne
ocd-division/country:gb/country:gb-eng/region:uke/cd:york_central,York Central
ocd-division/country:gb/country:gb-eng/region:uke/cd:york_outer,York Outer
ocd-division/country:gb/country:gb-eng/region:ukf,East Midlands
ocd-division/country:gb/country:gb-eng/region:ukf/cd:amber_valley,Amber Valley
ocd-division/country:gb/country:gb-eng/region:ukf/cd:ashfield,Ashfield
ocd-division/country:gb/country:gb-eng/region:ukf/cd:bassetlaw,Bassetlaw
ocd-division/country:gb/country:gb-eng/region:ukf/cd:bolsover,Bolsover
ocd-division/country:gb/country:gb-eng/region:ukf/cd:boston_and_skegness,Boston and Skegness
ocd-division/country:gb/country:gb-eng/region:ukf/cd:bosworth,Bosworth
ocd-division/country:gb/country:gb-eng/region:ukf/cd:broxtowe,Broxtowe
ocd-division/country:gb/country:gb-eng/region:ukf/cd:charnwood,Charnwood
ocd-division/country:gb/country:gb-eng/region:ukf/cd:chesterfield,Chesterfield
ocd-division/country:gb/country:gb-eng/region:ukf/cd:corby,Corby
ocd-division/country:gb/country:gb-eng/region:ukf/cd:daventry,Daventry
ocd-division/country:gb/country:gb-eng/region:ukf/cd:derby_north,Derby North
ocd-division/country:gb/country:gb-eng/region:ukf/cd:derby_south,Derby South
ocd-division/country:gb/country:gb-eng/region:ukf/cd:derbyshire_dales,Derbyshire Dales
ocd-division/country:gb/country:gb-eng/region:ukf/cd:erewash,Erewash
ocd-division/country:gb/country:gb-eng/region:ukf/cd:gainsborough,Gainsborough
ocd-division/country:gb/country:gb-eng/region:ukf/cd:gedling,Gedling
ocd-division/country:gb/country:gb-eng/region:ukf/cd:grantham_and_stamford,Grantham and Stamford
ocd-division/country:gb/country:gb-eng/region:ukf/cd:harborough,Harborough
ocd-division/country:gb/country:gb-eng/region:ukf/cd:high_peak,High Peak
ocd-division/country:gb/country:gb-eng/region:ukf/cd:kettering,Kettering
ocd-division/country:gb/country:gb-eng/region:ukf/cd:leicester_east,Leicester East
ocd-division/country:gb/country:gb-eng/region:ukf/cd:leicester_south,Leicester South
ocd-division/country:gb/country:gb-eng/region:ukf/cd:leicester_west,Leicester West
ocd-division/country:gb/country:gb-eng/region:ukf/cd:lincoln,Lincoln
ocd-division/country:gb/country:gb-eng/region:ukf/cd:loughborough,Loughborough
ocd-division/country:gb/country:gb-eng/region:ukf/cd:louth_and_horncastle,Louth and Horncastle
ocd-division/country:gb/country:gb-eng/region:ukf/cd:mansfield,Mansfield
ocd-division/country:gb/country:gb-eng/region:ukf/cd:mid_derbyshire,Mid Derbyshire
ocd-division/country:gb/country:gb-eng/region:ukf/cd:newark,Newark
ocd-division/country:gb/country:gb-eng/region:ukf/cd:north_east_derbyshire,North East Derbyshire
ocd-division/country:gb/country:gb-eng/region:ukf/cd:north_west_leicestershire,North West Leicestershire
ocd-division/country:gb/country:gb-eng/region:ukf/cd:northampton_north,Northampton North
ocd-division/country:gb/country:gb-eng/region:ukf/cd:northampton_south,Northampton South
ocd-division/country:gb/country:gb-eng/region:ukf/cd:nottingham_east,Nottingham East
ocd-division/country:gb/country:gb-eng/region:ukf/cd:nottingham_north,Nottingham North
ocd-division/country:gb/country:gb-eng/region:ukf/cd:nottingham_south,Nottingham South
ocd-division/country:gb/country:gb-eng/region:ukf/cd:rushcliffe,Rushcliffe
ocd-division/country:gb/country:gb-eng/region:ukf/cd:rutland_and_melton,Rutland and Melton
ocd-division/country:gb/country:gb-eng/region:ukf/cd:sherwood,Sherwood
ocd-division/country:gb/country:gb-eng/region:ukf/cd:sleaford_and_north_hykeham,Sleaford and North Hykeham
ocd-division/country:gb/country:gb-eng/region:ukf/cd:south_derbyshire,South Derbyshire
ocd-division/country:gb/country:gb-eng/region:ukf/cd:south_holland_and_the_deepings,South Holland and The Deepings
ocd-division/country:gb/country:gb-eng/region:ukf/cd:south_leicestershire,South Leicestershire
ocd-division/country:gb/country:gb-eng/region:ukf/cd:south_northamptonshire,South Northamptonshire
ocd-division/country:gb/country:gb-eng/region:ukf/cd:wellingborough,Wellingborough
ocd-division/country:gb/country:gb-eng/region:ukg,West Midlands
ocd-division/country:gb/country:gb-eng/region:ukg/cd:aldridge-brownhills,Aldridge-Brownhills
ocd-division/country:gb/country:gb-eng/region:ukg/cd:birmingham_edgbaston,Birmingham - Edgbaston
ocd-division/country:gb/country:gb-eng/region:ukg/cd:birmingham_erdington,Birmingham - Erdington
ocd-division/country:gb/country:gb-eng/region:ukg/cd:birmingham_hall_green,Birmingham - Hall Green
ocd-division/country:gb/country:gb-eng/region:ukg/cd:birmingham_hodge_hill,Birmingham - Hodge Hill
ocd-division/country:gb/country:gb-eng/region:ukg/cd:birmingham_ladywood,Birmingham - Ladywood
ocd-division/country:gb/country:gb-eng/region:ukg/cd:birmingham_northfield,Birmingham - Northfield
ocd-division/country:gb/country:gb-eng/region:ukg/cd:birmingham_perry_barr,Birmingham - Perry Barr
ocd-division/country:gb/country:gb-eng/region:ukg/cd:birmingham_selly_oak,Birmingham - Selly Oak
ocd-division/country:gb/country:gb-eng/region:ukg/cd:birmingham_yardley,Birmingham - Yardley
ocd-division/country:gb/country:gb-eng/region:ukg/cd:bromsgrove,Bromsgrove
ocd-division/country:gb/country:gb-eng/region:ukg/cd:burton,Burton
ocd-division/country:gb/country:gb-eng/region:ukg/cd:cannock_chase,Cannock Chase
ocd-division/country:gb/country:gb-eng/region:ukg/cd:coventry_north_east,Coventry North East
ocd-division/country:gb/country:gb-eng/region:ukg/cd:coventry_north_west,Coventry North West
ocd-division/country:gb/country:gb-eng/region:ukg/cd:coventry_south,Coventry South
ocd-division/country:gb/country:gb-eng/region:ukg/cd:dudley_north,Dudley North
ocd-division/country:gb/country:gb-eng/region:ukg/cd:dudley_south,Dudley South
ocd-division/country:gb/country:gb-eng/region:ukg/cd:halesowen_and_rowley_regis,Halesowen and Rowley Regis
ocd-division/country:gb/country:gb-eng/region:ukg/cd:hereford_and_south_herefordshire,Hereford and South Herefordshire
ocd-division/country:gb/country:gb-eng/region:ukg/cd:kenilworth_and_southam,Kenilworth and Southam
ocd-division/country:gb/country:gb-eng/region:ukg/cd:lichfield,Lichfield
ocd-division/country:gb/country:gb-eng/region:ukg/cd:ludlow,Ludlow
ocd-division/country:gb/country:gb-eng/region:ukg/cd:meriden,Meriden
ocd-division/country:gb/country:gb-eng/region:ukg/cd:mid_worcestershire,Mid Worcestershire
ocd-division/country:gb/country:gb-eng/region:ukg/cd:newcastle-under-lyme,Newcastle-under-Lyme
ocd-division/country:gb/country:gb-eng/region:ukg/cd:north_herefordshire,North Herefordshire
ocd-division/country:gb/country:gb-eng/region:ukg/cd:north_shropshire,North Shropshire
ocd-division/country:gb/country:gb-eng/region:ukg/cd:north_warwickshire,North Warwickshire
ocd-division/country:gb/country:gb-eng/region:ukg/cd:nuneaton,Nuneaton
ocd-division/country:gb/country:gb-eng/region:ukg/cd:redditch,Redditch
ocd-division/country:gb/country:gb-eng/region:ukg/cd:rugby,Rugby
ocd-division/country:gb/country:gb-eng/region:ukg/cd:shrewsbury_and_atcham,Shrewsbury and Atcham
ocd-division/country:gb/country:gb-eng/region:ukg/cd:solihull,Solihull
ocd-division/country:gb/country:gb-eng/region:ukg/cd:south_staffordshire,South Staffordshire
ocd-division/country:gb/country:gb-eng/region:ukg/cd:stafford,Stafford
ocd-division/country:gb/country:gb-eng/region:ukg/cd:staffordshire_moorlands,Staffordshire Moorlands
ocd-division/country:gb/country:gb-eng/region:ukg/cd:stoke-on-trent_central,Stoke-on-Trent Central
ocd-division/country:gb/country:gb-eng/region:ukg/cd:stoke-on-trent_north,Stoke-on-Trent North
ocd-division/country:gb/country:gb-eng/region:ukg/cd:stoke-on-trent_south,Stoke-on-Trent South
ocd-division/country:gb/country:gb-eng/region:ukg/cd:stone,Stone
ocd-division/country:gb/country:gb-eng/region:ukg/cd:stourbridge,Stourbridge
ocd-division/country:gb/country:gb-eng/region:ukg/cd:stratford-on-avon,Stratford-on-Avon
ocd-division/country:gb/country:gb-eng/region:ukg/cd:sutton_coldfield,Sutton Coldfield
ocd-division/country:gb/country:gb-eng/region:ukg/cd:tamworth,Tamworth
ocd-division/country:gb/country:gb-eng/region:ukg/cd:telford,Telford
ocd-division/country:gb/country:gb-eng/region:ukg/cd:the_wrekin,The Wrekin
ocd-division/country:gb/country:gb-eng/region:ukg/cd:walsall_north,Walsall North
ocd-division/country:gb/country:gb-eng/region:ukg/cd:walsall_south,Walsall South
ocd-division/country:gb/country:gb-eng/region:ukg/cd:warley,Warley
ocd-division/country:gb/country:gb-eng/region:ukg/cd:warwick_and_leamington,Warwick and Leamington
ocd-division/country:gb/country:gb-eng/region:ukg/cd:west_bromwich_east,West Bromwich East
ocd-division/country:gb/country:gb-eng/region:ukg/cd:west_bromwich_west,West Bromwich West
ocd-division/country:gb/country:gb-eng/region:ukg/cd:west_worcestershire,West Worcestershire
ocd-division/country:gb/country:gb-eng/region:ukg/cd:wolverhampton_north_east,Wolverhampton North East
ocd-division/country:gb/country:gb-eng/region:ukg/cd:wolverhampton_south_east,Wolverhampton South East
ocd-division/country:gb/country:gb-eng/region:ukg/cd:wolverhampton_south_west,Wolverhampton South West
ocd-division/country:gb/country:gb-eng/region:ukg/cd:worcester,Worcester
ocd-division/country:gb/country:gb-eng/region:ukg/cd:wyre_forest,Wyre Forest
ocd-division/country:gb/country:gb-eng/region:ukh,Eastern
ocd-division/country:gb/country:gb-eng/region:ukh/cd:basildon_and_billericay,Basildon and Billericay
ocd-division/country:gb/country:gb-eng/region:ukh/cd:bedford,Bedford
ocd-division/country:gb/country:gb-eng/region:ukh/cd:braintree,Braintree
ocd-division/country:gb/country:gb-eng/region:ukh/cd:brentwood_and_ongar,Brentwood and Ongar
ocd-division/country:gb/country:gb-eng/region:ukh/cd:broadland,Broadland
ocd-division/country:gb/country:gb-eng/region:ukh/cd:broxbourne,Broxbourne
ocd-division/country:gb/country:gb-eng/region:ukh/cd:bury_st_edmunds,Bury St Edmunds
ocd-division/country:gb/country:gb-eng/region:ukh/cd:cambridge,Cambridge
ocd-division/country:gb/country:gb-eng/region:ukh/cd:castle_point,Castle Point
ocd-division/country:gb/country:gb-eng/region:ukh/cd:central_suffolk_and_north_ipswich,Central Suffolk and North Ipswich
ocd-division/country:gb/country:gb-eng/region:ukh/cd:chelmsford,Chelmsford
ocd-division/country:gb/country:gb-eng/region:ukh/cd:clacton,Clacton
ocd-division/country:gb/country:gb-eng/region:ukh/cd:colchester,Colchester
ocd-division/country:gb/country:gb-eng/region:ukh/cd:epping_forest,Epping Forest
ocd-division/country:gb/country:gb-eng/region:ukh/cd:great_yarmouth,Great Yarmouth
ocd-division/country:gb/country:gb-eng/region:ukh/cd:harlow,Harlow
ocd-division/country:gb/country:gb-eng/region:ukh/cd:harwich_and_north_essex,Harwich and North Essex
ocd-division/country:gb/country:gb-eng/region:ukh/cd:hemel_hempstead,Hemel Hempstead
ocd-division/country:gb/country:gb-eng/region:ukh/cd:hertford_and_stortford,Hertford and Stortford
ocd-division/country:gb/country:gb-eng/region:ukh/cd:hertsmere,Hertsmere
ocd-division/country:gb/country:gb-eng/region:ukh/cd:hitchin_and_harpenden,Hitchin and Harpenden
ocd-division/country:gb/country:gb-eng/region:ukh/cd:huntingdon,Huntingdon
ocd-division/country:gb/country:gb-eng/region:ukh/cd:ipswich,Ipswich
ocd-division/country:gb/country:gb-eng/region:ukh/cd:luton_north,Luton North
ocd-division/country:gb/country:gb-eng/region:ukh/cd:luton_south,Luton South
ocd-division/country:gb/country:gb-eng/region:ukh/cd:maldon,Maldon
ocd-division/country:gb/country:gb-eng/region:ukh/cd:mid_bedfordshire,Mid Bedfordshire
ocd-division/country:gb/country:gb-eng/region:ukh/cd:mid_norfolk,Mid Norfolk
ocd-division/country:gb/country:gb-eng/region:ukh/cd:north_east_bedfordshire,North East Bedfordshire
ocd-division/country:gb/country:gb-eng/region:ukh/cd:north_east_cambridgeshire,North East Cambridgeshire
ocd-division/country:gb/country:gb-eng/region:ukh/cd:north_east_hertfordshire,North East Hertfordshire
ocd-division/country:gb/country:gb-eng/region:ukh/cd:north_norfolk,North Norfolk
ocd-division/country:gb/country:gb-eng/region:ukh/cd:north_west_cambridgeshire,North West Cambridgeshire
ocd-division/country:gb/country:gb-eng/region:ukh/cd:north_west_norfolk,North West Norfolk
ocd-division/country:gb/country:gb-eng/region:ukh/cd:norwich_north,Norwich North
ocd-division/country:gb/country:gb-eng/region:ukh/cd:norwich_south,Norwich South
ocd-division/country:gb/country:gb-eng/region:ukh/cd:peterborough,Peterborough
ocd-division/country:gb/country:gb-eng/region:ukh/cd:rayleigh_and_wickford,Rayleigh and Wickford
ocd-division/country:gb/country:gb-eng/region:ukh/cd:rochford_and_southend_east,Rochford and Southend East
ocd-division/country:gb/country:gb-eng/region:ukh/cd:saffron_walden,Saffron Walden
ocd-division/country:gb/country:gb-eng/region:ukh/cd:south_basildon_and_east_thurrock,South Basildon and East Thurrock
ocd-division/country:gb/country:gb-eng/region:ukh/cd:south_cambridgeshire,South Cambridgeshire
ocd-division/country:gb/country:gb-eng/region:ukh/cd:south_east_cambridgeshire,South East Cambridgeshire
ocd-division/country:gb/country:gb-eng/region:ukh/cd:south_norfolk,South Norfolk
ocd-division/country:gb/country:gb-eng/region:ukh/cd:south_suffolk,South Suffolk
ocd-division/country:gb/country:gb-eng/region:ukh/cd:south_west_bedfordshire,South West Bedfordshire
ocd-division/country:gb/country:gb-eng/region:ukh/cd:south_west_hertfordshire,South West Hertfordshire
ocd-division/country:gb/country:gb-eng/region:ukh/cd:south_west_norfolk,South West Norfolk
ocd-division/country:gb/country:gb-eng/region:ukh/cd:southend_west,Southend West
ocd-division/country:gb/country:gb-eng/region:ukh/cd:st_albans,St Albans
ocd-division/country:gb/country:gb-eng/region:ukh/cd:stevenage,Stevenage
ocd-division/country:gb/country:gb-eng/region:ukh/cd:suffolk_coastal,Suffolk Coastal
ocd-division/country:gb/country:gb-eng/region:ukh/cd:thurrock,Thurrock
ocd-division/country:gb/country:gb-eng/region:ukh/cd:watford,Watford
ocd-division/country:gb/country:gb-eng/region:ukh/cd:waveney,Waveney
ocd-division/country:gb/country:gb-eng/region:ukh/cd:welwyn_hatfield,Welwyn Hatfield
ocd-division/country:gb/country:gb-eng/region:ukh/cd:west_suffolk,West Suffolk
ocd-division/country:gb/country:gb-eng/region:ukh/cd:witham,Witham
ocd-division/country:gb/country:gb-eng/region:uki,Greater London
ocd-division/country:gb/country:gb-eng/region:uki/cd:barking,Barking
ocd-division/country:gb/country:gb-eng/region:uki/cd:battersea,Battersea
ocd-division/country:gb/country:gb-eng/region:uki/cd:beckenham,Beckenham
ocd-division/country:gb/country:gb-eng/region:uki/cd:bermondsey_and_old_southwark,Bermondsey and Old Southwark
ocd-division/country:gb/country:gb-eng/region:uki/cd:bethnal_green_and_bow,Bethnal Green and Bow
ocd-division/country:gb/country:gb-eng/region:uki/cd:bexleyheath_and_crayford,Bexleyheath and Crayford
ocd-division/country:gb/country:gb-eng/region:uki/cd:brent_central,Brent Central
ocd-division/country:gb/country:gb-eng/region:uki/cd:brent_north,Brent North
ocd-division/country:gb/country:gb-eng/region:uki/cd:brentford_and_isleworth,Brentford and Isleworth
ocd-division/country:gb/country:gb-eng/region:uki/cd:bromley_and_chislehurst,Bromley and Chislehurst
ocd-division/country:gb/country:gb-eng/region:uki/cd:camberwell_and_peckham,Camberwell and Peckham
ocd-division/country:gb/country:gb-eng/region:uki/cd:carshalton_and_wallington,Carshalton and Wallington
ocd-division/country:gb/country:gb-eng/region:uki/cd:chelsea_and_fulham,Chelsea and Fulham
ocd-division/country:gb/country:gb-eng/region:uki/cd:chingford_and_woodford_green,Chingford and Woodford Green
ocd-division/country:gb/country:gb-eng/region:uki/cd:chipping_barnet,Chipping Barnet
ocd-division/country:gb/country:gb-eng/region:uki/cd:cities_of_london_and_westminster,Cities of London and Westminster
ocd-division/country:gb/country:gb-eng/region:uki/cd:croydon_central,Croydon Central
ocd-division/country:gb/country:gb-eng/region:uki/cd:croydon_north,Croydon North
ocd-division/country:gb/country:gb-eng/region:uki/cd:croydon_south,Croydon South
ocd-division/country:gb/country:gb-eng/region:uki/cd:dagenham_and_rainham,Dagenham and Rainham
ocd-division/country:gb/country:gb-eng/region:uki/cd:dulwich_and_west_norwood,Dulwich and West Norwood
ocd-division/country:gb/country:gb-eng/region:uki/cd:ealing_central_and_acton,Ealing Central and Acton
ocd-division/country:gb/country:gb-eng/region:uki/cd:ealing_north,Ealing North
ocd-division/country:gb/country:gb-eng/region:uki/cd:ealing_southall,Ealing - Southall
ocd-division/country:gb/country:gb-eng/region:uki/cd:east_ham,East Ham
ocd-division/country:gb/country:gb-eng/region:uki/cd:edmonton,Edmonton
ocd-division/country:gb/country:gb-eng/region:uki/cd:eltham,Eltham
ocd-division/country:gb/country:gb-eng/region:uki/cd:enfield_north,Enfield North
ocd-division/country:gb/country:gb-eng/region:uki/cd:enfield_southgate,Enfield - Southgate
ocd-division/country:gb/country:gb-eng/region:uki/cd:erith_and_thamesmead,Erith and Thamesmead
ocd-division/country:gb/country:gb-eng/region:uki/cd:feltham_and_heston,Feltham and Heston
ocd-division/country:gb/country:gb-eng/region:uki/cd:finchley_and_golders_green,Finchley and Golders Green
ocd-division/country:gb/country:gb-eng/region:uki/cd:greenwich_and_woolwich,Greenwich and Woolwich
ocd-division/country:gb/country:gb-eng/region:uki/cd:hackney_north_and_stoke_newington,Hackney North and Stoke Newington
ocd-division/country:gb/country:gb-eng/region:uki/cd:hackney_south_and_shoreditch,Hackney South and Shoreditch
ocd-division/country:gb/country:gb-eng/region:uki/cd:hammersmith,Hammersmith
ocd-division/country:gb/country:gb-eng/region:uki/cd:hampstead_and_kilburn,Hampstead and Kilburn
ocd-division/country:gb/country:gb-eng/region:uki/cd:harrow_east,Harrow East
ocd-division/country:gb/country:gb-eng/region:uki/cd:harrow_west,Harrow West
ocd-division/country:gb/country:gb-eng/region:uki/cd:hayes_and_harlington,Hayes and Harlington
ocd-division/country:gb/country:gb-eng/region:uki/cd:hendon,Hendon
ocd-division/country:gb/country:gb-eng/region:uki/cd:holborn_and_st_pancras,Holborn and St Pancras
ocd-division/country:gb/country:gb-eng/region:uki/cd:hornchurch_and_upminster,Hornchurch and Upminster
ocd-division/country:gb/country:gb-eng/region:uki/cd:hornsey_and_wood_green,Hornsey and Wood Green
ocd-division/country:gb/country:gb-eng/region:uki/cd:ilford_north,Ilford North
ocd-division/country:gb/country:gb-eng/region:uki/cd:ilford_south,Ilford South
ocd-division/country:gb/country:gb-eng/region:uki/cd:islington_north,Islington North
ocd-division/country:gb/country:gb-eng/region:uki/cd:islington_south_and_finsbury,Islington South and Finsbury
ocd-division/country:gb/country:gb-eng/region:uki/cd:kensington,Kensington
ocd-division/country:gb/country:gb-eng/region:uki/cd:kingston_and_surbiton,Kingston and Surbiton
ocd-division/country:gb/country:gb-eng/region:uki/cd:lewisham_deptford,Lewisham - Deptford
ocd-division/country:gb/country:gb-eng/region:uki/cd:lewisham_east,Lewisham East
ocd-division/country:gb/country:gb-eng/region:uki/cd:lewisham_west_and_penge,Lewisham West and Penge
ocd-division/country:gb/country:gb-eng/region:uki/cd:leyton_and_wanstead,Leyton and Wanstead
ocd-division/country:gb/country:gb-eng/region:uki/cd:mitcham_and_morden,Mitcham and Morden
ocd-division/country:gb/country:gb-eng/region:uki/cd:old_bexley_and_sidcup,Old Bexley and Sidcup
ocd-division/country:gb/country:gb-eng/region:uki/cd:orpington,Orpington
ocd-division/country:gb/country:gb-eng/region:uki/cd:poplar_and_limehouse,Poplar and Limehouse
ocd-division/country:gb/country:gb-eng/region:uki/cd:putney,Putney
ocd-division/country:gb/country:gb-eng/region:uki/cd:richmond_park,Richmond Park
ocd-division/country:gb/country:gb-eng/region:uki/cd:romford,Romford
ocd-division/country:gb/country:gb-eng/region:uki/cd:ruislip_northwood_and_pinner,Ruislip - Northwood and Pinner
ocd-division/country:gb/country:gb-eng/region:uki/cd:streatham,Streatham
ocd-division/country:gb/country:gb-eng/region:uki/cd:sutton_and_cheam,Sutton and Cheam
ocd-division/country:gb/country:gb-eng/region:uki/cd:tooting,Tooting
ocd-division/country:gb/country:gb-eng/region:uki/cd:tottenham,Tottenham
ocd-division/country:gb/country:gb-eng/region:uki/cd:twickenham,Twickenham
ocd-division/country:gb/country:gb-eng/region:uki/cd:uxbridge_and_south_ruislip,Uxbridge and South Ruislip
ocd-division/country:gb/country:gb-eng/region:uki/cd:vauxhall,Vauxhall
ocd-division/country:gb/country:gb-eng/region:uki/cd:walthamstow,Walthamstow
ocd-division/country:gb/country:gb-eng/region:uki/cd:west_ham,West Ham
ocd-division/country:gb/country:gb-eng/region:uki/cd:westminster_north,Westminster North
ocd-division/country:gb/country:gb-eng/region:uki/cd:wimbledon,Wimbledon
ocd-division/country:gb/country:gb-eng/region:ukj,South East
ocd-division/country:gb/country:gb-eng/region:ukj/cd:aldershot,Aldershot
ocd-division/country:gb/country:gb-eng/region:ukj/cd:arundel_and_south_downs,Arundel and South Downs
ocd-division/country:gb/country:gb-eng/region:ukj/cd:ashford,Ashford
ocd-division/country:gb/country:gb-eng/region:ukj/cd:aylesbury,Aylesbury
ocd-division/country:gb/country:gb-eng/region:ukj/cd:banbury,Banbury
ocd-division/country:gb/country:gb-eng/region:ukj/cd:basingstoke,Basingstoke
ocd-division/country:gb/country:gb-eng/region:ukj/cd:beaconsfield,Beaconsfield
ocd-division/country:gb/country:gb-eng/region:ukj/cd:bexhill_and_battle,Bexhill and Battle
ocd-division/country:gb/country:gb-eng/region:ukj/cd:bognor_regis_and_littlehampton,Bognor Regis and Littlehampton
ocd-division/country:gb/country:gb-eng/region:ukj/cd:bracknell,Bracknell
ocd-division/country:gb/country:gb-eng/region:ukj/cd:brighton_kemptown,Brighton - Kemptown
ocd-division/country:gb/country:gb-eng/region:ukj/cd:brighton_pavilion,Brighton - Pavilion
ocd-division/country:gb/country:gb-eng/region:ukj/cd:buckingham,Buckingham
ocd-division/country:gb/country:gb-eng/region:ukj/cd:canterbury,Canterbury
ocd-division/country:gb/country:gb-eng/region:ukj/cd:chatham_and_aylesford,Chatham and Aylesford
ocd-division/country:gb/country:gb-eng/region:ukj/cd:chesham_and_amersham,Chesham and Amersham
ocd-division/country:gb/country:gb-eng/region:ukj/cd:chichester,Chichester
ocd-division/country:gb/country:gb-eng/region:ukj/cd:crawley,Crawley
ocd-division/country:gb/country:gb-eng/region:ukj/cd:dartford,Dartford
ocd-division/country:gb/country:gb-eng/region:ukj/cd:dover,Dover
ocd-division/country:gb/country:gb-eng/region:ukj/cd:east_hampshire,East Hampshire
ocd-division/country:gb/country:gb-eng/region:ukj/cd:east_surrey,East Surrey
ocd-division/country:gb/country:gb-eng/region:ukj/cd:east_worthing_and_shoreham,East Worthing and Shoreham
ocd-division/country:gb/country:gb-eng/region:ukj/cd:eastbourne,Eastbourne
ocd-division/country:gb/country:gb-eng/region:ukj/cd:eastleigh,Eastleigh
ocd-division/country:gb/country:gb-eng/region:ukj/cd:epsom_and_ewell,Epsom and Ewell
ocd-division/country:gb/country:gb-eng/region:ukj/cd:esher_and_walton,Esher and Walton
ocd-division/country:gb/country:gb-eng/region:ukj/cd:fareham,Fareham
ocd-division/country:gb/country:gb-eng/region:ukj/cd:faversham_and_mid_kent,Faversham and Mid Kent
ocd-division/country:gb/country:gb-eng/region:ukj/cd:folkestone_and_hythe,Folkestone and Hythe
ocd-division/country:gb/country:gb-eng/region:ukj/cd:gillingham_and_rainham,Gillingham and Rainham
ocd-division/country:gb/country:gb-eng/region:ukj/cd:gosport,Gosport
ocd-division/country:gb/country:gb-eng/region:ukj/cd:gravesham,Gravesham
ocd-division/country:gb/country:gb-eng/region:ukj/cd:guildford,Guildford
ocd-division/country:gb/country:gb-eng/region:ukj/cd:hastings_and_rye,Hastings and Rye
ocd-division/country:gb/country:gb-eng/region:ukj/cd:havant,Havant
ocd-division/country:gb/country:gb-eng/region:ukj/cd:henley,Henley
ocd-division/country:gb/country:gb-eng/region:ukj/cd:horsham,Horsham
ocd-division/country:gb/country:gb-eng/region:ukj/cd:hove,Hove
ocd-division/country:gb/country:gb-eng/region:ukj/cd:isle_of_wight,Isle of Wight
ocd-division/country:gb/country:gb-eng/region:ukj/cd:lewes,Lewes
ocd-division/country:gb/country:gb-eng/region:ukj/cd:maidenhead,Maidenhead
ocd-division/country:gb/country:gb-eng/region:ukj/cd:maidstone_and_the_weald,Maidstone and The Weald
ocd-division/country:gb/country:gb-eng/region:ukj/cd:meon_valley,Meon Valley
ocd-division/country:gb/country:gb-eng/region:ukj/cd:mid_sussex,Mid Sussex
ocd-division/country:gb/country:gb-eng/region:ukj/cd:milton_keynes_north,Milton Keynes North
ocd-division/country:gb/country:gb-eng/region:ukj/cd:milton_keynes_south,Milton Keynes South
ocd-division/country:gb/country:gb-eng/region:ukj/cd:mole_valley,Mole Valley
ocd-division/country:gb/country:gb-eng/region:ukj/cd:new_forest_east,New Forest East
ocd-division/country:gb/country:gb-eng/region:ukj/cd:new_forest_west,New Forest West
ocd-division/country:gb/country:gb-eng/region:ukj/cd:newbury,Newbury
ocd-division/country:gb/country:gb-eng/region:ukj/cd:north_east_hampshire,North East Hampshire
ocd-division/country:gb/country:gb-eng/region:ukj/cd:north_thanet,North Thanet
ocd-division/country:gb/country:gb-eng/region:ukj/cd:north_west_hampshire,North West Hampshire
ocd-division/country:gb/country:gb-eng/region:ukj/cd:oxford_east,Oxford East
ocd-division/country:gb/country:gb-eng/region:ukj/cd:oxford_west_and_abingdon,Oxford West and Abingdon
ocd-division/country:gb/country:gb-eng/region:ukj/cd:portsmouth_north,Portsmouth North
ocd-division/country:gb/country:gb-eng/region:ukj/cd:portsmouth_south,Portsmouth South
ocd-division/country:gb/country:gb-eng/region:ukj/cd:reading_east,Reading East
ocd-division/country:gb/country:gb-eng/region:ukj/cd:reading_west,Reading West
ocd-division/country:gb/country:gb-eng/region:ukj/cd:reigate,Reigate
ocd-division/country:gb/country:gb-eng/region:ukj/cd:rochester_and_strood,Rochester and Strood
ocd-division/country:gb/country:gb-eng/region:ukj/cd:romsey_and_southampton_north,Romsey and Southampton North
ocd-division/country:gb/country:gb-eng/region:ukj/cd:runnymede_and_weybridge,Runnymede and Weybridge
ocd-division/country:gb/country:gb-eng/region:ukj/cd:sevenoaks,Sevenoaks
ocd-division/country:gb/country:gb-eng/region:ukj/cd:sittingbourne_and_sheppey,Sittingbourne and Sheppey
ocd-division/country:gb/country:gb-eng/region:ukj/cd:slough,Slough
ocd-division/country:gb/country:gb-eng/region:ukj/cd:south_thanet,South Thanet
ocd-division/country:gb/country:gb-eng/region:ukj/cd:south_west_surrey,South West Surrey
ocd-division/country:gb/country:gb-eng/region:ukj/cd:southampton_itchen,Southampton - Itchen
ocd-division/country:gb/country:gb-eng/region:ukj/cd:southampton_test,Southampton - Test
ocd-division/country:gb/country:gb-eng/region:ukj/cd:spelthorne,Spelthorne
ocd-division/country:gb/country:gb-eng/region:ukj/cd:surrey_heath,Surrey Heath
ocd-division/country:gb/country:gb-eng/region:ukj/cd:tonbridge_and_malling,Tonbridge and Malling
ocd-division/country:gb/country:gb-eng/region:ukj/cd:tunbridge_wells,Tunbridge Wells
ocd-division/country:gb/country:gb-eng/region:ukj/cd:wantage,Wantage
ocd-division/country:gb/country:gb-eng/region:ukj/cd:wealden,Wealden
ocd-division/country:gb/country:gb-eng/region:ukj/cd:winchester,Winchester
ocd-division/country:gb/country:gb-eng/region:ukj/cd:windsor,Windsor
ocd-division/country:gb/country:gb-eng/region:ukj/cd:witney,Witney
ocd-division/country:gb/country:gb-eng/region:ukj/cd:woking,Woking
ocd-division/country:gb/country:gb-eng/region:ukj/cd:wokingham,Wokingham
ocd-division/country:gb/country:gb-eng/region:ukj/cd:worthing_west,Worthing West
ocd-division/country:gb/country:gb-eng/region:ukj/cd:wycombe,Wycombe
ocd-division/country:gb/country:gb-eng/region:ukk,South West
ocd-division/country:gb/country:gb-eng/region:ukk/cd:bath,Bath
ocd-division/country:gb/country:gb-eng/region:ukk/cd:bournemouth_east,Bournemouth East
ocd-division/country:gb/country:gb-eng/region:ukk/cd:bournemouth_west,Bournemouth West
ocd-division/country:gb/country:gb-eng/region:ukk/cd:bridgwater_and_west_somerset,Bridgwater and West Somerset
ocd-division/country:gb/country:gb-eng/region:ukk/cd:bristol_east,Bristol East
ocd-division/country:gb/country:gb-eng/region:ukk/cd:bristol_north_west,Bristol North West
ocd-division/country:gb/country:gb-eng/region:ukk/cd:bristol_south,Bristol South
ocd-division/country:gb/country:gb-eng/region:ukk/cd:bristol_west,Bristol West
ocd-division/country:gb/country:gb-eng/region:ukk/cd:camborne_and_redruth,Camborne and Redruth
ocd-division/country:gb/country:gb-eng/region:ukk/cd:central_devon,Central Devon
ocd-division/country:gb/country:gb-eng/region:ukk/cd:cheltenham,Cheltenham
ocd-division/country:gb/country:gb-eng/region:ukk/cd:chippenham,Chippenham
ocd-division/country:gb/country:gb-eng/region:ukk/cd:christchurch,Christchurch
ocd-division/country:gb/country:gb-eng/region:ukk/cd:devizes,Devizes
ocd-division/country:gb/country:gb-eng/region:ukk/cd:east_devon,East Devon
ocd-division/country:gb/country:gb-eng/region:ukk/cd:exeter,Exeter
ocd-division/country:gb/country:gb-eng/region:ukk/cd:filton_and_bradley_stoke,Filton and Bradley Stoke
ocd-division/country:gb/country:gb-eng/region:ukk/cd:forest_of_dean,Forest of Dean
ocd-division/country:gb/country:gb-eng/region:ukk/cd:gloucester,Gloucester
ocd-division/country:gb/country:gb-eng/region:ukk/cd:kingswood,Kingswood
ocd-division/country:gb/country:gb-eng/region:ukk/cd:mid_dorset_and_north_poole,Mid Dorset and North Poole
ocd-division/country:gb/country:gb-eng/region:ukk/cd:newton_abbot,Newton Abbot
ocd-division/country:gb/country:gb-eng/region:ukk/cd:north_cornwall,North Cornwall
ocd-division/country:gb/country:gb-eng/region:ukk/cd:north_devon,North Devon
ocd-division/country:gb/country:gb-eng/region:ukk/cd:north_dorset,North Dorset
ocd-division/country:gb/country:gb-eng/region:ukk/cd:north_east_somerset,North East Somerset
ocd-division/country:gb/country:gb-eng/region:ukk/cd:north_somerset,North Somerset
ocd-division/country:gb/country:gb-eng/region:ukk/cd:north_swindon,North Swindon
ocd-division/country:gb/country:gb-eng/region:ukk/cd:north_wiltshire,North Wiltshire
ocd-division/country:gb/country:gb-eng/region:ukk/cd:plymouth_moor_view,Plymouth - Moor View
ocd-division/country:gb/country:gb-eng/region:ukk/cd:plymouth_sutton_and_devonport,Plymouth - Sutton and Devonport
ocd-division/country:gb/country:gb-eng/region:ukk/cd:poole,Poole
ocd-division/country:gb/country:gb-eng/region:ukk/cd:salisbury,Salisbury
ocd-division/country:gb/country:gb-eng/region:ukk/cd:somerton_and_frome,Somerton and Frome
ocd-division/country:gb/country:gb-eng/region:ukk/cd:south_dorset,South Dorset
ocd-division/country:gb/country:gb-eng/region:ukk/cd:south_east_cornwall,South East Cornwall
ocd-division/country:gb/country:gb-eng/region:ukk/cd:south_swindon,South Swindon
ocd-division/country:gb/country:gb-eng/region:ukk/cd:south_west_devon,South West Devon
ocd-division/country:gb/country:gb-eng/region:ukk/cd:south_west_wiltshire,South West Wiltshire
ocd-division/country:gb/country:gb-eng/region:ukk/cd:st_austell_and_newquay,St Austell and Newquay
ocd-division/country:gb/country:gb-eng/region:ukk/cd:st_ives,St Ives
ocd-division/country:gb/country:gb-eng/region:ukk/cd:stroud,Stroud
ocd-division/country:gb/country:gb-eng/region:ukk/cd:taunton_deane,Taunton Deane
ocd-division/country:gb/country:gb-eng/region:ukk/cd:tewkesbury,Tewkesbury
ocd-division/country:gb/country:gb-eng/region:ukk/cd:the_cotswolds,The Cotswolds
ocd-division/country:gb/country:gb-eng/region:ukk/cd:thornbury_and_yate,Thornbury and Yate
ocd-division/country:gb/country:gb-eng/region:ukk/cd:tiverton_and_honiton,Tiverton and Honiton
ocd-division/country:gb/country:gb-eng/region:ukk/cd:torbay,Torbay
ocd-division/country:gb/country:gb-eng/region:ukk/cd:torridge_and_west_devon,Torridge and West Devon
ocd-division/country:gb/country:gb-eng/region:ukk/cd:totnes,Totnes
ocd-division/country:gb/country:gb-eng/region:ukk/cd:truro_and_falmouth,Truro and Falmouth
ocd-division/country:gb/country:gb-eng/region:ukk/cd:wells,Wells
ocd-division/country:gb/country:gb-eng/region:ukk/cd:west_dorset,West Dorset
ocd-division/country:gb/country:gb-eng/region:ukk/cd:weston-super-mare,Weston-super-Mare
ocd-division/country:gb/country:gb-eng/region:ukk/cd:yeovil,Yeovil
ocd-division/country:gb/country:gb-nir,Northern Ireland
ocd-division/country:gb/country:gb-nir/cd:belfast_east,Belfast East
ocd-division/country:gb/country:gb-nir/cd:belfast_north,Belfast North
ocd-division/country:gb/country:gb-nir/cd:belfast_south,Belfast South
ocd-division/country:gb/country:gb-nir/cd:belfast_west,Belfast West
ocd-division/country:gb/country:gb-nir/cd:east_antrim,East Antrim
ocd-division/country:gb/country:gb-nir/cd:east_londonderry,East Londonderry
ocd-division/country:gb/country:gb-nir/cd:fermanagh_and_south_tyrone,Fermanagh and South Tyrone
ocd-division/country:gb/country:gb-nir/cd:foyle,Foyle
ocd-division/country:gb/country:gb-nir/cd:lagan_valley,Lagan Valley
ocd-division/country:gb/country:gb-nir/cd:mid_ulster,Mid Ulster
ocd-division/country:gb/country:gb-nir/cd:newry_and_armagh,Newry and Armagh
ocd-division/country:gb/country:gb-nir/cd:north_antrim,North Antrim
ocd-division/country:gb/country:gb-nir/cd:north_down,North Down
ocd-division/country:gb/country:gb-nir/cd:south_antrim,South Antrim
ocd-division/country:gb/country:gb-nir/cd:south_down,South Down
ocd-division/country:gb/country:gb-nir/cd:strangford,Strangford
ocd-division/country:gb/country:gb-nir/cd:upper_bann,Upper Bann
ocd-division/country:gb/country:gb-nir/cd:west_tyrone,West Tyrone
ocd-division/country:gb/country:gb-sct,Scotland
ocd-division/country:gb/country:gb-sct/cd:aberdeen_north,Aberdeen North
ocd-division/country:gb/country:gb-sct/cd:aberdeen_south,Aberdeen South
ocd-division/country:gb/country:gb-sct/cd:airdrie_and_shotts,Airdrie and Shotts
ocd-division/country:gb/country:gb-sct/cd:angus,Angus
ocd-division/country:gb/country:gb-sct/cd:argyll_and_bute,Argyll and Bute
ocd-division/country:gb/country:gb-sct/cd:ayr_carrick_and_cumnock,Ayr - Carrick and Cumnock
ocd-division/country:gb/country:gb-sct/cd:banff_and_buchan,Banff and Buchan
ocd-division/country:gb/country:gb-sct/cd:berwickshire_roxburgh_and_selkirk,Berwickshire - Roxburgh and Selkirk
ocd-division/country:gb/country:gb-sct/cd:caithness_sutherland_and_easter_ross,Caithness - Sutherland and Easter Ross
ocd-division/country:gb/country:gb-sct/cd:central_ayrshire,Central Ayrshire
ocd-division/country:gb/country:gb-sct/cd:coatbridge_chryston_and_bellshill,Coatbridge - Chryston and Bellshill
ocd-division/country:gb/country:gb-sct/cd:cumbernauld_kilsyth_and_kirkintilloch_east,Cumbernauld - Kilsyth and Kirkintilloch East
ocd-division/country:gb/country:gb-sct/cd:dumfries_and_galloway,Dumfries and Galloway
ocd-division/country:gb/country:gb-sct/cd:dumfriesshire_clydesdale_and_tweeddale,Dumfriesshire - Clydesdale and Tweeddale
ocd-division/country:gb/country:gb-sct/cd:dundee_east,Dundee East
ocd-division/country:gb/country:gb-sct/cd:dundee_west,Dundee West
ocd-division/country:gb/country:gb-sct/cd:dunfermline_and_west_fife,Dunfermline and West Fife
ocd-division/country:gb/country:gb-sct/cd:east_dunbartonshire,East Dunbartonshire
ocd-division/country:gb/country:gb-sct/cd:east_kilbride_strathaven_and_lesmahagow,East Kilbride - Strathaven and Lesmahagow
ocd-division/country:gb/country:gb-sct/cd:east_lothian,East Lothian
ocd-division/country:gb/country:gb-sct/cd:east_renfrewshire,East Renfrewshire
ocd-division/country:gb/country:gb-sct/cd:edinburgh_east,Edinburgh East
ocd-division/country:gb/country:gb-sct/cd:edinburgh_north_and_leith,Edinburgh North and Leith
ocd-division/country:gb/country:gb-sct/cd:edinburgh_south,Edinburgh South
ocd-division/country:gb/country:gb-sct/cd:edinburgh_south_west,Edinburgh South West
ocd-division/country:gb/country:gb-sct/cd:edinburgh_west,Edinburgh West
ocd-division/country:gb/country:gb-sct/cd:falkirk,Falkirk
ocd-division/country:gb/country:gb-sct/cd:glasgow_central,Glasgow Central
ocd-division/country:gb/country:gb-sct/cd:glasgow_east,Glasgow East
ocd-division/country:gb/country:gb-sct/cd:glasgow_north,Glasgow North
ocd-division/country:gb/country:gb-sct/cd:glasgow_north_east,Glasgow North East
ocd-division/country:gb/country:gb-sct/cd:glasgow_north_west,Glasgow North West
ocd-division/country:gb/country:gb-sct/cd:glasgow_south,Glasgow South
ocd-division/country:gb/country:gb-sct/cd:glasgow_south_west,Glasgow South West
ocd-division/country:gb/country:gb-sct/cd:glenrothes,Glenrothes
ocd-division/country:gb/country:gb-sct/cd:gordon,Gordon
ocd-division/country:gb/country:gb-sct/cd:inverclyde,Inverclyde
ocd-division/country:gb/country:gb-sct/cd:inverness_nairn_badenoch_and_strathspey,Inverness - Nairn - Badenoch and Strathspey
ocd-division/country:gb/country:gb-sct/cd:kilmarnock_and_loudoun,Kilmarnock and Loudoun
ocd-division/country:gb/country:gb-sct/cd:kirkcaldy_and_cowdenbeath,Kirkcaldy and Cowdenbeath
ocd-division/country:gb/country:gb-sct/cd:lanark_and_hamilton_east,Lanark and Hamilton East
ocd-division/country:gb/country:gb-sct/cd:linlithgow_and_east_falkirk,Linlithgow and East Falkirk
ocd-division/country:gb/country:gb-sct/cd:livingston,Livingston
ocd-division/country:gb/country:gb-sct/cd:midlothian,Midlothian
ocd-division/country:gb/country:gb-sct/cd:moray,Moray
ocd-division/country:gb/country:gb-sct/cd:motherwell_and_wishaw,Motherwell and Wishaw
ocd-division/country:gb/country:gb-sct/cd:na_h-eileanan_an_iar,Na h-Eileanan an Iar
ocd-division/country:gb/country:gb-sct/cd:north_ayrshire_and_arran,North Ayrshire and Arran
ocd-division/country:gb/country:gb-sct/cd:north_east_fife,North East Fife
ocd-division/country:gb/country:gb-sct/cd:ochil_and_south_perthshire,Ochil and South Perthshire
ocd-division/country:gb/country:gb-sct/cd:orkney_and_shetland,Orkney and Shetland
ocd-division/country:gb/country:gb-sct/cd:paisley_and_renfrewshire_north,Paisley and Renfrewshire North
ocd-division/country:gb/country:gb-sct/cd:paisley_and_renfrewshire_south,Paisley and Renfrewshire South
ocd-division/country:gb/country:gb-sct/cd:perth_and_north_perthshire,Perth and North Perthshire
ocd-division/country:gb/country:gb-sct/cd:ross_skye_and_lochaber,Ross - Skye and Lochaber
ocd-division/country:gb/country:gb-sct/cd:rutherglen_and_hamilton_west,Rutherglen and Hamilton West
ocd-division/country:gb/country:gb-sct/cd:stirling,Stirling
ocd-division/country:gb/country:gb-sct/cd:west_aberdeenshire_and_kincardine,West Aberdeenshire and Kincardine
ocd-division/country:gb/country:gb-sct/cd:west_dunbartonshire,West Dunbartonshire
ocd-division/country:gb/country:gb-wls,Wales
ocd-division/country:gb/country:gb-wls/cd:aberavon,Aberavon
ocd-division/country:gb/country:gb-wls/cd:aberconwy,Aberconwy
ocd-division/country:gb/country:gb-wls/cd:alyn_and_deeside,Alyn and Deeside
ocd-division/country:gb/country:gb-wls/cd:arfon,Arfon
ocd-division/country:gb/country:gb-wls/cd:blaenau_gwent,Blaenau Gwent
ocd-division/country:gb/country:gb-wls/cd:brecon_and_radnorshire,Brecon and Radnorshire
ocd-division/country:gb/country:gb-wls/cd:bridgend,Bridgend
ocd-division/country:gb/country:gb-wls/cd:caerphilly,Caerphilly
ocd-division/country:gb/country:gb-wls/cd:cardiff_central,Cardiff Central
ocd-division/country:gb/country:gb-wls/cd:cardiff_north,Cardiff North
ocd-division/country:gb/country:gb-wls/cd:cardiff_south_and_penarth,Cardiff South and Penarth
ocd-division/country:gb/country:gb-wls/cd:cardiff_west,Cardiff West
ocd-division/country:gb/country:gb-wls/cd:carmarthen_east_and_dinefwr,Carmarthen East and Dinefwr
ocd-division/country:gb/country:gb-wls/cd:carmarthen_west_and_south_pembrokeshire,Carmarthen West and South Pembrokeshire
ocd-division/country:gb/country:gb-wls/cd:ceredigion,Ceredigion
ocd-division/country:gb/country:gb-wls/cd:clwyd_south,Clwyd South
ocd-division/country:gb/country:gb-wls/cd:clwyd_west,Clwyd West
ocd-division/country:gb/country:gb-wls/cd:cynon_valley,Cynon Valley
ocd-division/country:gb/country:gb-wls/cd:delyn,Delyn
ocd-division/country:gb/country:gb-wls/cd:dwyfor_meirionnydd,Dwyfor Meirionnydd
ocd-division/country:gb/country:gb-wls/cd:gower,Gower
ocd-division/country:gb/country:gb-wls/cd:islwyn,Islwyn
ocd-division/country:gb/country:gb-wls/cd:llanelli,Llanelli
ocd-division/country:gb/country:gb-wls/cd:merthyr_tydfil_and_rhymney,Merthyr Tydfil and Rhymney
ocd-division/country:gb/country:gb-wls/cd:monmouth,Monmouth
ocd-division/country:gb/country:gb-wls/cd:montgomeryshire,Montgomeryshire
ocd-division/country:gb/country:gb-wls/cd:neath,Neath
ocd-division/country:gb/country:gb-wls/cd:newport_east,Newport East
ocd-division/country:gb/country:gb-wls/cd:newport_west,Newport West
ocd-division/country:gb/country:gb-wls/cd:ogmore,Ogmore
ocd-division/country:gb/country:gb-wls/cd:pontypridd,Pontypridd
ocd-division/country:gb/country:gb-wls/cd:preseli_pembrokeshire,Preseli Pembrokeshire
ocd-division/country:gb/country:gb-wls/cd:rhondda,Rhondda
ocd-division/country:gb/country:gb-wls/cd:swansea_east,Swansea East
ocd-division/country:gb/country:gb-wls/cd:swansea_west,Swansea West
ocd-division/country:gb/country:gb-wls/cd:torfaen,Torfaen
ocd-division/country:gb/country:gb-wls/cd:vale_of_clwyd,Vale of Clwyd
ocd-division/country:gb/country:gb-wls/cd:vale_of_glamorgan,Vale of Glamorgan
ocd-division/country:gb/country:gb-wls/cd:wrexham,Wrexham
ocd-division/country:gb/country:gb-wls/cd:ynys_mn,Ynys Mn
