id,name
ocd-division/country:fi,Finland
ocd-division/country:fi/kunta:akaa,Akaa
ocd-division/country:fi/kunta:alajärvi,Alajärvi
ocd-division/country:fi/kunta:alavieska,Alavieska
ocd-division/country:fi/kunta:alavus,Alavus
ocd-division/country:fi/kunta:asikkala,Asikkala
ocd-division/country:fi/kunta:askola,Askola
ocd-division/country:fi/kunta:aura,Aura
ocd-division/country:fi/kunta:brändö,Brändö
ocd-division/country:fi/kunta:eckerö,Eckerö
ocd-division/country:fi/kunta:enonkoski,Enonkoski
ocd-division/country:fi/kunta:enontekiö,Enontekiö
ocd-division/country:fi/kunta:espoo,Espoo
ocd-division/country:fi/kunta:eura,Eura
ocd-division/country:fi/kunta:eurajoki,Eurajoki
ocd-division/country:fi/kunta:evijärvi,Evijärvi
ocd-division/country:fi/kunta:finström,Finström
ocd-division/country:fi/kunta:forssa,Forssa
ocd-division/country:fi/kunta:föglö,Föglö
ocd-division/country:fi/kunta:geta,Geta
ocd-division/country:fi/kunta:haapajärvi,Haapajärvi
ocd-division/country:fi/kunta:haapavesi,Haapavesi
ocd-division/country:fi/kunta:hailuoto,Hailuoto
ocd-division/country:fi/kunta:halsua,Halsua
ocd-division/country:fi/kunta:hamina,Hamina
ocd-division/country:fi/kunta:hammarland,Hammarland
ocd-division/country:fi/kunta:hankasalmi,Hankasalmi
ocd-division/country:fi/kunta:hanko,Hanko
ocd-division/country:fi/kunta:harjavalta,Harjavalta
ocd-division/country:fi/kunta:hartola,Hartola
ocd-division/country:fi/kunta:hattula,Hattula
ocd-division/country:fi/kunta:hausjärvi,Hausjärvi
ocd-division/country:fi/kunta:heinola,Heinola
ocd-division/country:fi/kunta:heinävesi,Heinävesi
ocd-division/country:fi/kunta:helsinki,Helsinki
ocd-division/country:fi/kunta:hirvensalmi,Hirvensalmi
ocd-division/country:fi/kunta:hollola,Hollola
ocd-division/country:fi/kunta:honkajoki,Honkajoki
ocd-division/country:fi/kunta:huittinen,Huittinen
ocd-division/country:fi/kunta:humppila,Humppila
ocd-division/country:fi/kunta:hyrynsalmi,Hyrynsalmi
ocd-division/country:fi/kunta:hyvinkää,Hyvinkää
ocd-division/country:fi/kunta:hämeenkoski,Hämeenkoski
ocd-division/country:fi/kunta:hämeenkyrö,Hämeenkyrö
ocd-division/country:fi/kunta:hämeenlinna,Hämeenlinna
ocd-division/country:fi/kunta:ii,Ii
ocd-division/country:fi/kunta:iisalmi,Iisalmi
ocd-division/country:fi/kunta:iitti,Iitti
ocd-division/country:fi/kunta:ikaalinen,Ikaalinen
ocd-division/country:fi/kunta:ilmajoki,Ilmajoki
ocd-division/country:fi/kunta:ilomantsi,Ilomantsi
ocd-division/country:fi/kunta:imatra,Imatra
ocd-division/country:fi/kunta:inari,Inari
ocd-division/country:fi/kunta:inkoo,Inkoo
ocd-division/country:fi/kunta:isojoki,Isojoki
ocd-division/country:fi/kunta:isokyrö,Isokyrö
ocd-division/country:fi/kunta:jalasjärvi,Jalasjärvi
ocd-division/country:fi/kunta:janakkala,Janakkala
ocd-division/country:fi/kunta:joensuu,Joensuu
ocd-division/country:fi/kunta:jokioinen,Jokioinen
ocd-division/country:fi/kunta:jomala,Jomala
ocd-division/country:fi/kunta:joroinen,Joroinen
ocd-division/country:fi/kunta:joutsa,Joutsa
ocd-division/country:fi/kunta:juankoski,Juankoski
ocd-division/country:fi/kunta:juuka,Juuka
ocd-division/country:fi/kunta:juupajoki,Juupajoki
ocd-division/country:fi/kunta:juva,Juva
ocd-division/country:fi/kunta:jyväskylä,Jyväskylä
ocd-division/country:fi/kunta:jämijärvi,Jämijärvi
ocd-division/country:fi/kunta:jämsä,Jämsä
ocd-division/country:fi/kunta:järvenpää,Järvenpää
ocd-division/country:fi/kunta:kaarina,Kaarina
ocd-division/country:fi/kunta:kaavi,Kaavi
ocd-division/country:fi/kunta:kajaani,Kajaani
ocd-division/country:fi/kunta:kalajoki,Kalajoki
ocd-division/country:fi/kunta:kangasala,Kangasala
ocd-division/country:fi/kunta:kangasniemi,Kangasniemi
ocd-division/country:fi/kunta:kankaanpää,Kankaanpää
ocd-division/country:fi/kunta:kannonkoski,Kannonkoski
ocd-division/country:fi/kunta:kannus,Kannus
ocd-division/country:fi/kunta:karijoki,Karijoki
ocd-division/country:fi/kunta:karkkila,Karkkila
ocd-division/country:fi/kunta:karstula,Karstula
ocd-division/country:fi/kunta:karvia,Karvia
ocd-division/country:fi/kunta:kaskinen,Kaskinen
ocd-division/country:fi/kunta:kauhajoki,Kauhajoki
ocd-division/country:fi/kunta:kauhava,Kauhava
ocd-division/country:fi/kunta:kauniainen,Kauniainen
ocd-division/country:fi/kunta:kaustinen,Kaustinen
ocd-division/country:fi/kunta:keitele,Keitele
ocd-division/country:fi/kunta:kemi,Kemi
ocd-division/country:fi/kunta:kemijärvi,Kemijärvi
ocd-division/country:fi/kunta:keminmaa,Keminmaa
ocd-division/country:fi/kunta:kemiönsaari,Kemiönsaari
ocd-division/country:fi/kunta:kempele,Kempele
ocd-division/country:fi/kunta:kerava,Kerava
ocd-division/country:fi/kunta:keuruu,Keuruu
ocd-division/country:fi/kunta:kihniö,Kihniö
ocd-division/country:fi/kunta:kinnula,Kinnula
ocd-division/country:fi/kunta:kirkkonummi,Kirkkonummi
ocd-division/country:fi/kunta:kitee,Kitee
ocd-division/country:fi/kunta:kittilä,Kittilä
ocd-division/country:fi/kunta:kiuruvesi,Kiuruvesi
ocd-division/country:fi/kunta:kivijärvi,Kivijärvi
ocd-division/country:fi/kunta:kokemäki,Kokemäki
ocd-division/country:fi/kunta:kokkola,Kokkola
ocd-division/country:fi/kunta:kolari,Kolari
ocd-division/country:fi/kunta:konnevesi,Konnevesi
ocd-division/country:fi/kunta:kontiolahti,Kontiolahti
ocd-division/country:fi/kunta:korsnäs,Korsnäs
ocd-division/country:fi/kunta:koski_tl,Koski Tl
ocd-division/country:fi/kunta:kotka,Kotka
ocd-division/country:fi/kunta:kouvola,Kouvola
ocd-division/country:fi/kunta:kristiinankaupunki,Kristiinankaupunki
ocd-division/country:fi/kunta:kruunupyy,Kruunupyy
ocd-division/country:fi/kunta:kuhmo,Kuhmo
ocd-division/country:fi/kunta:kuhmoinen,Kuhmoinen
ocd-division/country:fi/kunta:kumlinge,Kumlinge
ocd-division/country:fi/kunta:kuopio,Kuopio
ocd-division/country:fi/kunta:kuortane,Kuortane
ocd-division/country:fi/kunta:kurikka,Kurikka
ocd-division/country:fi/kunta:kustavi,Kustavi
ocd-division/country:fi/kunta:kuusamo,Kuusamo
ocd-division/country:fi/kunta:kyyjärvi,Kyyjärvi
ocd-division/country:fi/kunta:kärkölä,Kärkölä
ocd-division/country:fi/kunta:kärsämäki,Kärsämäki
ocd-division/country:fi/kunta:kökar,Kökar
ocd-division/country:fi/kunta:köyliö,Köyliö
ocd-division/country:fi/kunta:lahti,Lahti
ocd-division/country:fi/kunta:laihia,Laihia
ocd-division/country:fi/kunta:laitila,Laitila
ocd-division/country:fi/kunta:lapinjärvi,Lapinjärvi
ocd-division/country:fi/kunta:lapinlahti,Lapinlahti
ocd-division/country:fi/kunta:lappajärvi,Lappajärvi
ocd-division/country:fi/kunta:lappeenranta,Lappeenranta
ocd-division/country:fi/kunta:lapua,Lapua
ocd-division/country:fi/kunta:laukaa,Laukaa
ocd-division/country:fi/kunta:lavia,Lavia
ocd-division/country:fi/kunta:lemi,Lemi
ocd-division/country:fi/kunta:lemland,Lemland
ocd-division/country:fi/kunta:lempäälä,Lempäälä
ocd-division/country:fi/kunta:leppävirta,Leppävirta
ocd-division/country:fi/kunta:lestijärvi,Lestijärvi
ocd-division/country:fi/kunta:lieksa,Lieksa
ocd-division/country:fi/kunta:lieto,Lieto
ocd-division/country:fi/kunta:liminka,Liminka
ocd-division/country:fi/kunta:liperi,Liperi
ocd-division/country:fi/kunta:lohja,Lohja
ocd-division/country:fi/kunta:loimaa,Loimaa
ocd-division/country:fi/kunta:loppi,Loppi
ocd-division/country:fi/kunta:loviisa,Loviisa
ocd-division/country:fi/kunta:luhanka,Luhanka
ocd-division/country:fi/kunta:lumijoki,Lumijoki
ocd-division/country:fi/kunta:lumparland,Lumparland
ocd-division/country:fi/kunta:luoto,Luoto
ocd-division/country:fi/kunta:luumäki,Luumäki
ocd-division/country:fi/kunta:luvia,Luvia
ocd-division/country:fi/kunta:maalahti,Maalahti
ocd-division/country:fi/kunta:maaninka,Maaninka
ocd-division/country:fi/kunta:maarianhamina,Maarianhamina - Mariehamn
ocd-division/country:fi/kunta:marttila,Marttila
ocd-division/country:fi/kunta:masku,Masku
ocd-division/country:fi/kunta:merijärvi,Merijärvi
ocd-division/country:fi/kunta:merikarvia,Merikarvia
ocd-division/country:fi/kunta:miehikkälä,Miehikkälä
ocd-division/country:fi/kunta:mikkeli,Mikkeli
ocd-division/country:fi/kunta:muhos,Muhos
ocd-division/country:fi/kunta:multia,Multia
ocd-division/country:fi/kunta:muonio,Muonio
ocd-division/country:fi/kunta:mustasaari,Mustasaari
ocd-division/country:fi/kunta:muurame,Muurame
ocd-division/country:fi/kunta:mynämäki,Mynämäki
ocd-division/country:fi/kunta:myrskylä,Myrskylä
ocd-division/country:fi/kunta:mäntsälä,Mäntsälä
ocd-division/country:fi/kunta:mänttä-vilppula,Mänttä-Vilppula
ocd-division/country:fi/kunta:mäntyharju,Mäntyharju
ocd-division/country:fi/kunta:naantali,Naantali
ocd-division/country:fi/kunta:nakkila,Nakkila
ocd-division/country:fi/kunta:nastola,Nastola
ocd-division/country:fi/kunta:nivala,Nivala
ocd-division/country:fi/kunta:nokia,Nokia
ocd-division/country:fi/kunta:nousiainen,Nousiainen
ocd-division/country:fi/kunta:nurmes,Nurmes
ocd-division/country:fi/kunta:nurmijärvi,Nurmijärvi
ocd-division/country:fi/kunta:närpiö,Närpiö
ocd-division/country:fi/kunta:orimattila,Orimattila
ocd-division/country:fi/kunta:oripää,Oripää
ocd-division/country:fi/kunta:orivesi,Orivesi
ocd-division/country:fi/kunta:oulainen,Oulainen
ocd-division/country:fi/kunta:oulu,Oulu
ocd-division/country:fi/kunta:outokumpu,Outokumpu
ocd-division/country:fi/kunta:padasjoki,Padasjoki
ocd-division/country:fi/kunta:paimio,Paimio
ocd-division/country:fi/kunta:paltamo,Paltamo
ocd-division/country:fi/kunta:parainen,Parainen
ocd-division/country:fi/kunta:parikkala,Parikkala
ocd-division/country:fi/kunta:parkano,Parkano
ocd-division/country:fi/kunta:pedersören_kunta,Pedersören kunta
ocd-division/country:fi/kunta:pelkosenniemi,Pelkosenniemi
ocd-division/country:fi/kunta:pello,Pello
ocd-division/country:fi/kunta:perho,Perho
ocd-division/country:fi/kunta:pertunmaa,Pertunmaa
ocd-division/country:fi/kunta:petäjävesi,Petäjävesi
ocd-division/country:fi/kunta:pieksämäki,Pieksämäki
ocd-division/country:fi/kunta:pielavesi,Pielavesi
ocd-division/country:fi/kunta:pietarsaari,Pietarsaari
ocd-division/country:fi/kunta:pihtipudas,Pihtipudas
ocd-division/country:fi/kunta:pirkkala,Pirkkala
ocd-division/country:fi/kunta:polvijärvi,Polvijärvi
ocd-division/country:fi/kunta:pomarkku,Pomarkku
ocd-division/country:fi/kunta:pori,Pori
ocd-division/country:fi/kunta:pornainen,Pornainen
ocd-division/country:fi/kunta:porvoo,Porvoo
ocd-division/country:fi/kunta:posio,Posio
ocd-division/country:fi/kunta:pudasjärvi,Pudasjärvi
ocd-division/country:fi/kunta:pukkila,Pukkila
ocd-division/country:fi/kunta:punkalaidun,Punkalaidun
ocd-division/country:fi/kunta:puolanka,Puolanka
ocd-division/country:fi/kunta:puumala,Puumala
ocd-division/country:fi/kunta:pyhtää,Pyhtää
ocd-division/country:fi/kunta:pyhäjoki,Pyhäjoki
ocd-division/country:fi/kunta:pyhäjärvi,Pyhäjärvi
ocd-division/country:fi/kunta:pyhäntä,Pyhäntä
ocd-division/country:fi/kunta:pyhäranta,Pyhäranta
ocd-division/country:fi/kunta:pälkäne,Pälkäne
ocd-division/country:fi/kunta:pöytyä,Pöytyä
ocd-division/country:fi/kunta:raahe,Raahe
ocd-division/country:fi/kunta:raasepori,Raasepori
ocd-division/country:fi/kunta:raisio,Raisio
ocd-division/country:fi/kunta:rantasalmi,Rantasalmi
ocd-division/country:fi/kunta:ranua,Ranua
ocd-division/country:fi/kunta:rauma,Rauma
ocd-division/country:fi/kunta:rautalampi,Rautalampi
ocd-division/country:fi/kunta:rautavaara,Rautavaara
ocd-division/country:fi/kunta:rautjärvi,Rautjärvi
ocd-division/country:fi/kunta:reisjärvi,Reisjärvi
ocd-division/country:fi/kunta:riihimäki,Riihimäki
ocd-division/country:fi/kunta:ristijärvi,Ristijärvi
ocd-division/country:fi/kunta:rovaniemi,Rovaniemi
ocd-division/country:fi/kunta:ruokolahti,Ruokolahti
ocd-division/country:fi/kunta:ruovesi,Ruovesi
ocd-division/country:fi/kunta:rusko,Rusko
ocd-division/country:fi/kunta:rääkkylä,Rääkkylä
ocd-division/country:fi/kunta:saarijärvi,Saarijärvi
ocd-division/country:fi/kunta:salla,Salla
ocd-division/country:fi/kunta:salo,Salo
ocd-division/country:fi/kunta:saltvik,Saltvik
ocd-division/country:fi/kunta:sastamala,Sastamala
ocd-division/country:fi/kunta:sauvo,Sauvo
ocd-division/country:fi/kunta:savitaipale,Savitaipale
ocd-division/country:fi/kunta:savonlinna,Savonlinna
ocd-division/country:fi/kunta:savukoski,Savukoski
ocd-division/country:fi/kunta:seinäjoki,Seinäjoki
ocd-division/country:fi/kunta:sievi,Sievi
ocd-division/country:fi/kunta:siikainen,Siikainen
ocd-division/country:fi/kunta:siikajoki,Siikajoki
ocd-division/country:fi/kunta:siikalatva,Siikalatva
ocd-division/country:fi/kunta:siilinjärvi,Siilinjärvi
ocd-division/country:fi/kunta:simo,Simo
ocd-division/country:fi/kunta:sipoo,Sipoo
ocd-division/country:fi/kunta:siuntio,Siuntio
ocd-division/country:fi/kunta:sodankylä,Sodankylä
ocd-division/country:fi/kunta:soini,Soini
ocd-division/country:fi/kunta:somero,Somero
ocd-division/country:fi/kunta:sonkajärvi,Sonkajärvi
ocd-division/country:fi/kunta:sotkamo,Sotkamo
ocd-division/country:fi/kunta:sottunga,Sottunga
ocd-division/country:fi/kunta:sulkava,Sulkava
ocd-division/country:fi/kunta:sund,Sund
ocd-division/country:fi/kunta:suomussalmi,Suomussalmi
ocd-division/country:fi/kunta:suonenjoki,Suonenjoki
ocd-division/country:fi/kunta:sysmä,Sysmä
ocd-division/country:fi/kunta:säkylä,Säkylä
ocd-division/country:fi/kunta:taipalsaari,Taipalsaari
ocd-division/country:fi/kunta:taivalkoski,Taivalkoski
ocd-division/country:fi/kunta:taivassalo,Taivassalo
ocd-division/country:fi/kunta:tammela,Tammela
ocd-division/country:fi/kunta:tampere,Tampere
ocd-division/country:fi/kunta:tarvasjoki,Tarvasjoki
ocd-division/country:fi/kunta:tervo,Tervo
ocd-division/country:fi/kunta:tervola,Tervola
ocd-division/country:fi/kunta:teuva,Teuva
ocd-division/country:fi/kunta:tohmajärvi,Tohmajärvi
ocd-division/country:fi/kunta:toholampi,Toholampi
ocd-division/country:fi/kunta:toivakka,Toivakka
ocd-division/country:fi/kunta:tornio,Tornio
ocd-division/country:fi/kunta:turku,Turku
ocd-division/country:fi/kunta:tuusniemi,Tuusniemi
ocd-division/country:fi/kunta:tuusula,Tuusula
ocd-division/country:fi/kunta:tyrnävä,Tyrnävä
ocd-division/country:fi/kunta:ulvila,Ulvila
ocd-division/country:fi/kunta:urjala,Urjala
ocd-division/country:fi/kunta:utajärvi,Utajärvi
ocd-division/country:fi/kunta:utsjoki,Utsjoki
ocd-division/country:fi/kunta:uurainen,Uurainen
ocd-division/country:fi/kunta:uusikaarlepyy,Uusikaarlepyy
ocd-division/country:fi/kunta:uusikaupunki,Uusikaupunki
ocd-division/country:fi/kunta:vaala,Vaala
ocd-division/country:fi/kunta:vaasa,Vaasa
ocd-division/country:fi/kunta:valkeakoski,Valkeakoski
ocd-division/country:fi/kunta:valtimo,Valtimo
ocd-division/country:fi/kunta:vantaa,Vantaa
ocd-division/country:fi/kunta:varkaus,Varkaus
ocd-division/country:fi/kunta:vehmaa,Vehmaa
ocd-division/country:fi/kunta:vesanto,Vesanto
ocd-division/country:fi/kunta:vesilahti,Vesilahti
ocd-division/country:fi/kunta:veteli,Veteli
ocd-division/country:fi/kunta:vieremä,Vieremä
ocd-division/country:fi/kunta:vihti,Vihti
ocd-division/country:fi/kunta:viitasaari,Viitasaari
ocd-division/country:fi/kunta:vimpeli,Vimpeli
ocd-division/country:fi/kunta:virolahti,Virolahti
ocd-division/country:fi/kunta:virrat,Virrat
ocd-division/country:fi/kunta:vårdö,Vårdö
ocd-division/country:fi/kunta:vöyri,Vöyri
ocd-division/country:fi/kunta:ylitornio,Ylitornio
ocd-division/country:fi/kunta:ylivieska,Ylivieska
ocd-division/country:fi/kunta:ylöjärvi,Ylöjärvi
ocd-division/country:fi/kunta:ypäjä,Ypäjä
ocd-division/country:fi/kunta:ähtäri,Ähtäri
ocd-division/country:fi/kunta:äänekoski,Äänekoski
ocd-division/country:fi/maakunta:ahvenanmaa,Ahvenanmaa - Åland
ocd-division/country:fi/maakunta:etelä-karjala,Etelä-Karjala
ocd-division/country:fi/maakunta:etelä-pohjanmaa,Etelä-Pohjanmaa
ocd-division/country:fi/maakunta:etelä-savo,Etelä-Savo
ocd-division/country:fi/maakunta:kainuu,Kainuu
ocd-division/country:fi/maakunta:kanta-häme,Kanta-Häme
ocd-division/country:fi/maakunta:keski-pohjanmaa,Keski-Pohjanmaa
ocd-division/country:fi/maakunta:keski-suomi,Keski-Suomi
ocd-division/country:fi/maakunta:kymenlaakso,Kymenlaakso
ocd-division/country:fi/maakunta:lappi,Lappi
ocd-division/country:fi/maakunta:pirkanmaa,Pirkanmaa
ocd-division/country:fi/maakunta:pohjanmaa,Pohjanmaa
ocd-division/country:fi/maakunta:pohjois-karjala,Pohjois-Karjala
ocd-division/country:fi/maakunta:pohjois-pohjanmaa,Pohjois-Pohjanmaa
ocd-division/country:fi/maakunta:pohjois-savo,Pohjois-Savo
ocd-division/country:fi/maakunta:päijät-häme,Päijät-Häme
ocd-division/country:fi/maakunta:satakunta,Satakunta
ocd-division/country:fi/maakunta:uusimaa,Uusimaa
ocd-division/country:fi/maakunta:varsinais-suomi,Varsinais-Suomi
ocd-division/country:fi/seutukunta:etelä-pirkanmaa,Etelä-Pirkanmaa
ocd-division/country:fi/seutukunta:forssa,Forssa
ocd-division/country:fi/seutukunta:haapavesi-siikalatva,Haapavesi-Siikalatva
ocd-division/country:fi/seutukunta:helsinki,Helsinki
ocd-division/country:fi/seutukunta:hämeenlinna,Hämeenlinna
ocd-division/country:fi/seutukunta:imatra,Imatra
ocd-division/country:fi/seutukunta:itä-lappi,Itä-Lappi
ocd-division/country:fi/seutukunta:jakobstadsregionen,Jakobstadsregionen
ocd-division/country:fi/seutukunta:joensuu,Joensuu
ocd-division/country:fi/seutukunta:joutsa,Joutsa
ocd-division/country:fi/seutukunta:jyväskylä,Jyväskylä
ocd-division/country:fi/seutukunta:jämsä,Jämsä
ocd-division/country:fi/seutukunta:järviseutu,Järviseutu
ocd-division/country:fi/seutukunta:kajaani,Kajaani
ocd-division/country:fi/seutukunta:kaustinen,Kaustinen
ocd-division/country:fi/seutukunta:kehys-kainuu,Kehys-Kainuu
ocd-division/country:fi/seutukunta:kemi-tornio,Kemi-Tornio
ocd-division/country:fi/seutukunta:keski-karjala,Keski-Karjala
ocd-division/country:fi/seutukunta:keuruu,Keuruu
ocd-division/country:fi/seutukunta:koillis-savo,Koillis-Savo
ocd-division/country:fi/seutukunta:koillismaa,Koillismaa
ocd-division/country:fi/seutukunta:kokkola,Kokkola
ocd-division/country:fi/seutukunta:kotka-hamina,Kotka-Hamina
ocd-division/country:fi/seutukunta:kouvola,Kouvola
ocd-division/country:fi/seutukunta:kuopio,Kuopio
ocd-division/country:fi/seutukunta:kuusiokunnat,Kuusiokunnat
ocd-division/country:fi/seutukunta:kyrönmaa,Kyrönmaa
ocd-division/country:fi/seutukunta:lahti,Lahti
ocd-division/country:fi/seutukunta:lappeenranta,Lappeenranta
ocd-division/country:fi/seutukunta:loimaa,Loimaa
ocd-division/country:fi/seutukunta:lounais-pirkanmaa,Lounais-Pirkanmaa
ocd-division/country:fi/seutukunta:loviisa,Loviisa
ocd-division/country:fi/seutukunta:luoteis-pirkanmaa,Luoteis-Pirkanmaa
ocd-division/country:fi/seutukunta:mariehamns_stad,Mariehamns stad
ocd-division/country:fi/seutukunta:mikkeli,Mikkeli
ocd-division/country:fi/seutukunta:nivala-haapajärvi,Nivala-Haapajärvi
ocd-division/country:fi/seutukunta:oulu,Oulu
ocd-division/country:fi/seutukunta:oulunkaari,Oulunkaari
ocd-division/country:fi/seutukunta:pieksämäki,Pieksämäki
ocd-division/country:fi/seutukunta:pielisen_karjala,Pielisen Karjala
ocd-division/country:fi/seutukunta:pohjois-lappi,Pohjois-Lappi
ocd-division/country:fi/seutukunta:pohjois-satakunta,Pohjois-Satakunta
ocd-division/country:fi/seutukunta:pori,Pori
ocd-division/country:fi/seutukunta:porvoo,Porvoo
ocd-division/country:fi/seutukunta:raahe,Raahe
ocd-division/country:fi/seutukunta:raasepori,Raasepori
ocd-division/country:fi/seutukunta:rauma,Rauma
ocd-division/country:fi/seutukunta:riihimäki,Riihimäki
ocd-division/country:fi/seutukunta:rovaniemi,Rovaniemi
ocd-division/country:fi/seutukunta:saarijärvi-viitasaari,Saarijärvi-Viitasaari
ocd-division/country:fi/seutukunta:salo,Salo
ocd-division/country:fi/seutukunta:savonlinna,Savonlinna
ocd-division/country:fi/seutukunta:seinäjoki,Seinäjoki
ocd-division/country:fi/seutukunta:sisä-savo,Sisä-Savo
ocd-division/country:fi/seutukunta:suupohja,Suupohja
ocd-division/country:fi/seutukunta:sydösterbotten,Sydösterbotten
ocd-division/country:fi/seutukunta:tampere,Tampere
ocd-division/country:fi/seutukunta:torniolaakso,Torniolaakso
ocd-division/country:fi/seutukunta:tunturi-lappi,Tunturi-Lappi
ocd-division/country:fi/seutukunta:turku,Turku
ocd-division/country:fi/seutukunta:vaasa,Vaasa
ocd-division/country:fi/seutukunta:vakka-suomi,Vakka-Suomi
ocd-division/country:fi/seutukunta:varkaus,Varkaus
ocd-division/country:fi/seutukunta:ylivieska,Ylivieska
ocd-division/country:fi/seutukunta:ylä-pirkanmaa,Ylä-Pirkanmaa
ocd-division/country:fi/seutukunta:ylä-savo,Ylä-Savo
ocd-division/country:fi/seutukunta:äänekoski,Äänekoski
ocd-division/country:fi/seutukunta:åboland-turunmaa,Åboland-Turunmaa
ocd-division/country:fi/seutukunta:ålands_landsbygd,Ålands landsbygd
ocd-division/country:fi/seutukunta:ålands_skärgård,Ålands skärgård
