id,sameAs
ocd-division/country:uk,ocd-division/country:gb
ocd-division/country:uk/pcon:berwick-upon-tweed,ocd-division/country:gb/part:eng/region:ukc/ed:berwick-upon-tweed
ocd-division/country:uk/pcon:bishop_auckland,ocd-division/country:gb/part:eng/region:ukc/ed:bishop_auckland
ocd-division/country:uk/pcon:blaydon,ocd-division/country:gb/part:eng/region:ukc/ed:blaydon
ocd-division/country:uk/pcon:blyth_valley,ocd-division/country:gb/part:eng/region:ukc/ed:blyth_valley
ocd-division/country:uk/pcon:city_of_durham,ocd-division/country:gb/part:eng/region:ukc/ed:city_of_durham
ocd-division/country:uk/pcon:darlington,ocd-division/country:gb/part:eng/region:ukc/ed:darlington
ocd-division/country:uk/pcon:easington,ocd-division/country:gb/part:eng/region:ukc/ed:easington
ocd-division/country:uk/pcon:gateshead,ocd-division/country:gb/part:eng/region:ukc/ed:gateshead
ocd-division/country:uk/pcon:hartlepool,ocd-division/country:gb/part:eng/region:ukc/ed:hartlepool
ocd-division/country:uk/pcon:hexham,ocd-division/country:gb/part:eng/region:ukc/ed:hexham
ocd-division/country:uk/pcon:houghton_and_sunderland_south,ocd-division/country:gb/part:eng/region:ukc/ed:houghton_and_sunderland_south
ocd-division/country:uk/pcon:jarrow,ocd-division/country:gb/part:eng/region:ukc/ed:jarrow
ocd-division/country:uk/pcon:middlesbrough,ocd-division/country:gb/part:eng/region:ukc/ed:middlesbrough
ocd-division/country:uk/pcon:middlesbrough_south_and_east_cleveland,ocd-division/country:gb/part:eng/region:ukc/ed:middlesbrough_south_and_east_cleveland
ocd-division/country:uk/pcon:newcastle_upon_tyne_central,ocd-division/country:gb/part:eng/region:ukc/ed:newcastle_upon_tyne_central
ocd-division/country:uk/pcon:newcastle_upon_tyne_east,ocd-division/country:gb/part:eng/region:ukc/ed:newcastle_upon_tyne_east
ocd-division/country:uk/pcon:newcastle_upon_tyne_north,ocd-division/country:gb/part:eng/region:ukc/ed:newcastle_upon_tyne_north
ocd-division/country:uk/pcon:north_durham,ocd-division/country:gb/part:eng/region:ukc/ed:north_durham
ocd-division/country:uk/pcon:north_tyneside,ocd-division/country:gb/part:eng/region:ukc/ed:north_tyneside
ocd-division/country:uk/pcon:north_west_durham,ocd-division/country:gb/part:eng/region:ukc/ed:north_west_durham
ocd-division/country:uk/pcon:redcar,ocd-division/country:gb/part:eng/region:ukc/ed:redcar
ocd-division/country:uk/pcon:sedgefield,ocd-division/country:gb/part:eng/region:ukc/ed:sedgefield
ocd-division/country:uk/pcon:south_shields,ocd-division/country:gb/part:eng/region:ukc/ed:south_shields
ocd-division/country:uk/pcon:stockton_north,ocd-division/country:gb/part:eng/region:ukc/ed:stockton_north
ocd-division/country:uk/pcon:stockton_south,ocd-division/country:gb/part:eng/region:ukc/ed:stockton_south
ocd-division/country:uk/pcon:sunderland_central,ocd-division/country:gb/part:eng/region:ukc/ed:sunderland_central
ocd-division/country:uk/pcon:tynemouth,ocd-division/country:gb/part:eng/region:ukc/ed:tynemouth
ocd-division/country:uk/pcon:wansbeck,ocd-division/country:gb/part:eng/region:ukc/ed:wansbeck
ocd-division/country:uk/pcon:washington_and_sunderland_west,ocd-division/country:gb/part:eng/region:ukc/ed:washington_and_sunderland_west
ocd-division/country:uk/pcon:altrincham_and_sale_west,ocd-division/country:gb/part:eng/region:ukd/ed:altrincham_and_sale_west
ocd-division/country:uk/pcon:ashton-under-lyne,ocd-division/country:gb/part:eng/region:ukd/ed:ashton-under-lyne
ocd-division/country:uk/pcon:barrow_and_furness,ocd-division/country:gb/part:eng/region:ukd/ed:barrow_and_furness
ocd-division/country:uk/pcon:birkenhead,ocd-division/country:gb/part:eng/region:ukd/ed:birkenhead
ocd-division/country:uk/pcon:blackburn,ocd-division/country:gb/part:eng/region:ukd/ed:blackburn
ocd-division/country:uk/pcon:blackley_and_broughton,ocd-division/country:gb/part:eng/region:ukd/ed:blackley_and_broughton
ocd-division/country:uk/pcon:blackpool_north_and_cleveleys,ocd-division/country:gb/part:eng/region:ukd/ed:blackpool_north_and_cleveleys
ocd-division/country:uk/pcon:blackpool_south,ocd-division/country:gb/part:eng/region:ukd/ed:blackpool_south
ocd-division/country:uk/pcon:bolton_north_east,ocd-division/country:gb/part:eng/region:ukd/ed:bolton_north_east
ocd-division/country:uk/pcon:bolton_south_east,ocd-division/country:gb/part:eng/region:ukd/ed:bolton_south_east
ocd-division/country:uk/pcon:bolton_west,ocd-division/country:gb/part:eng/region:ukd/ed:bolton_west
ocd-division/country:uk/pcon:bootle,ocd-division/country:gb/part:eng/region:ukd/ed:bootle
ocd-division/country:uk/pcon:burnley,ocd-division/country:gb/part:eng/region:ukd/ed:burnley
ocd-division/country:uk/pcon:bury_north,ocd-division/country:gb/part:eng/region:ukd/ed:bury_north
ocd-division/country:uk/pcon:bury_south,ocd-division/country:gb/part:eng/region:ukd/ed:bury_south
ocd-division/country:uk/pcon:carlisle,ocd-division/country:gb/part:eng/region:ukd/ed:carlisle
ocd-division/country:uk/pcon:cheadle,ocd-division/country:gb/part:eng/region:ukd/ed:cheadle
ocd-division/country:uk/pcon:chorley,ocd-division/country:gb/part:eng/region:ukd/ed:chorley
ocd-division/country:uk/pcon:city_of_chester,ocd-division/country:gb/part:eng/region:ukd/ed:city_of_chester
ocd-division/country:uk/pcon:congleton,ocd-division/country:gb/part:eng/region:ukd/ed:congleton
ocd-division/country:uk/pcon:copeland,ocd-division/country:gb/part:eng/region:ukd/ed:copeland
ocd-division/country:uk/pcon:crewe_and_nantwich,ocd-division/country:gb/part:eng/region:ukd/ed:crewe_and_nantwich
ocd-division/country:uk/pcon:denton_and_reddish,ocd-division/country:gb/part:eng/region:ukd/ed:denton_and_reddish
ocd-division/country:uk/pcon:eddisbury,ocd-division/country:gb/part:eng/region:ukd/ed:eddisbury
ocd-division/country:uk/pcon:ellesmere_port_and_neston,ocd-division/country:gb/part:eng/region:ukd/ed:ellesmere_port_and_neston
ocd-division/country:uk/pcon:fylde,ocd-division/country:gb/part:eng/region:ukd/ed:fylde
ocd-division/country:uk/pcon:garston_and_halewood,ocd-division/country:gb/part:eng/region:ukd/ed:garston_and_halewood
ocd-division/country:uk/pcon:halton,ocd-division/country:gb/part:eng/region:ukd/ed:halton
ocd-division/country:uk/pcon:hazel_grove,ocd-division/country:gb/part:eng/region:ukd/ed:hazel_grove
ocd-division/country:uk/pcon:heywood_and_middleton,ocd-division/country:gb/part:eng/region:ukd/ed:heywood_and_middleton
ocd-division/country:uk/pcon:hyndburn,ocd-division/country:gb/part:eng/region:ukd/ed:hyndburn
ocd-division/country:uk/pcon:knowsley,ocd-division/country:gb/part:eng/region:ukd/ed:knowsley
ocd-division/country:uk/pcon:lancaster_and_fleetwood,ocd-division/country:gb/part:eng/region:ukd/ed:lancaster_and_fleetwood
ocd-division/country:uk/pcon:leigh,ocd-division/country:gb/part:eng/region:ukd/ed:leigh
ocd-division/country:uk/pcon:liverpool_riverside,ocd-division/country:gb/part:eng/region:ukd/ed:liverpool_riverside
ocd-division/country:uk/pcon:liverpool_walton,ocd-division/country:gb/part:eng/region:ukd/ed:liverpool_walton
ocd-division/country:uk/pcon:liverpool_wavertree,ocd-division/country:gb/part:eng/region:ukd/ed:liverpool_wavertree
ocd-division/country:uk/pcon:liverpool_west_derby,ocd-division/country:gb/part:eng/region:ukd/ed:liverpool_west_derby
ocd-division/country:uk/pcon:macclesfield,ocd-division/country:gb/part:eng/region:ukd/ed:macclesfield
ocd-division/country:uk/pcon:makerfield,ocd-division/country:gb/part:eng/region:ukd/ed:makerfield
ocd-division/country:uk/pcon:manchester_central,ocd-division/country:gb/part:eng/region:ukd/ed:manchester_central
ocd-division/country:uk/pcon:manchester_gorton,ocd-division/country:gb/part:eng/region:ukd/ed:manchester_gorton
ocd-division/country:uk/pcon:manchester_withington,ocd-division/country:gb/part:eng/region:ukd/ed:manchester_withington
ocd-division/country:uk/pcon:morecambe_and_lunesdale,ocd-division/country:gb/part:eng/region:ukd/ed:morecambe_and_lunesdale
ocd-division/country:uk/pcon:oldham_east_and_saddleworth,ocd-division/country:gb/part:eng/region:ukd/ed:oldham_east_and_saddleworth
ocd-division/country:uk/pcon:oldham_west_and_royton,ocd-division/country:gb/part:eng/region:ukd/ed:oldham_west_and_royton
ocd-division/country:uk/pcon:pendle,ocd-division/country:gb/part:eng/region:ukd/ed:pendle
ocd-division/country:uk/pcon:penrith_and_the_border,ocd-division/country:gb/part:eng/region:ukd/ed:penrith_and_the_border
ocd-division/country:uk/pcon:preston,ocd-division/country:gb/part:eng/region:ukd/ed:preston
ocd-division/country:uk/pcon:ribble_valley,ocd-division/country:gb/part:eng/region:ukd/ed:ribble_valley
ocd-division/country:uk/pcon:rochdale,ocd-division/country:gb/part:eng/region:ukd/ed:rochdale
ocd-division/country:uk/pcon:rossendale_and_darwen,ocd-division/country:gb/part:eng/region:ukd/ed:rossendale_and_darwen
ocd-division/country:uk/pcon:salford_and_eccles,ocd-division/country:gb/part:eng/region:ukd/ed:salford_and_eccles
ocd-division/country:uk/pcon:sefton_central,ocd-division/country:gb/part:eng/region:ukd/ed:sefton_central
ocd-division/country:uk/pcon:south_ribble,ocd-division/country:gb/part:eng/region:ukd/ed:south_ribble
ocd-division/country:uk/pcon:southport,ocd-division/country:gb/part:eng/region:ukd/ed:southport
ocd-division/country:uk/pcon:st_helens_north,ocd-division/country:gb/part:eng/region:ukd/ed:st_helens_north
ocd-division/country:uk/pcon:st_helens_south_and_whiston,ocd-division/country:gb/part:eng/region:ukd/ed:st_helens_south_and_whiston
ocd-division/country:uk/pcon:stalybridge_and_hyde,ocd-division/country:gb/part:eng/region:ukd/ed:stalybridge_and_hyde
ocd-division/country:uk/pcon:stockport,ocd-division/country:gb/part:eng/region:ukd/ed:stockport
ocd-division/country:uk/pcon:stretford_and_urmston,ocd-division/country:gb/part:eng/region:ukd/ed:stretford_and_urmston
ocd-division/country:uk/pcon:tatton,ocd-division/country:gb/part:eng/region:ukd/ed:tatton
ocd-division/country:uk/pcon:wallasey,ocd-division/country:gb/part:eng/region:ukd/ed:wallasey
ocd-division/country:uk/pcon:warrington_north,ocd-division/country:gb/part:eng/region:ukd/ed:warrington_north
ocd-division/country:uk/pcon:warrington_south,ocd-division/country:gb/part:eng/region:ukd/ed:warrington_south
ocd-division/country:uk/pcon:weaver_vale,ocd-division/country:gb/part:eng/region:ukd/ed:weaver_vale
ocd-division/country:uk/pcon:west_lancashire,ocd-division/country:gb/part:eng/region:ukd/ed:west_lancashire
ocd-division/country:uk/pcon:westmorland_and_lonsdale,ocd-division/country:gb/part:eng/region:ukd/ed:westmorland_and_lonsdale
ocd-division/country:uk/pcon:wigan,ocd-division/country:gb/part:eng/region:ukd/ed:wigan
ocd-division/country:uk/pcon:wirral_south,ocd-division/country:gb/part:eng/region:ukd/ed:wirral_south
ocd-division/country:uk/pcon:wirral_west,ocd-division/country:gb/part:eng/region:ukd/ed:wirral_west
ocd-division/country:uk/pcon:workington,ocd-division/country:gb/part:eng/region:ukd/ed:workington
ocd-division/country:uk/pcon:worsley_and_eccles_south,ocd-division/country:gb/part:eng/region:ukd/ed:worsley_and_eccles_south
ocd-division/country:uk/pcon:wyre_and_preston_north,ocd-division/country:gb/part:eng/region:ukd/ed:wyre_and_preston_north
ocd-division/country:uk/pcon:wythenshawe_and_sale_east,ocd-division/country:gb/part:eng/region:ukd/ed:wythenshawe_and_sale_east
ocd-division/country:uk/pcon:barnsley_central,ocd-division/country:gb/part:eng/region:uke/ed:barnsley_central
ocd-division/country:uk/pcon:barnsley_east,ocd-division/country:gb/part:eng/region:uke/ed:barnsley_east
ocd-division/country:uk/pcon:batley_and_spen,ocd-division/country:gb/part:eng/region:uke/ed:batley_and_spen
ocd-division/country:uk/pcon:beverley_and_holderness,ocd-division/country:gb/part:eng/region:uke/ed:beverley_and_holderness
ocd-division/country:uk/pcon:bradford_east,ocd-division/country:gb/part:eng/region:uke/ed:bradford_east
ocd-division/country:uk/pcon:bradford_south,ocd-division/country:gb/part:eng/region:uke/ed:bradford_south
ocd-division/country:uk/pcon:bradford_west,ocd-division/country:gb/part:eng/region:uke/ed:bradford_west
ocd-division/country:uk/pcon:brigg_and_goole,ocd-division/country:gb/part:eng/region:uke/ed:brigg_and_goole
ocd-division/country:uk/pcon:calder_valley,ocd-division/country:gb/part:eng/region:uke/ed:calder_valley
ocd-division/country:uk/pcon:cleethorpes,ocd-division/country:gb/part:eng/region:uke/ed:cleethorpes
ocd-division/country:uk/pcon:colne_valley,ocd-division/country:gb/part:eng/region:uke/ed:colne_valley
ocd-division/country:uk/pcon:dewsbury,ocd-division/country:gb/part:eng/region:uke/ed:dewsbury
ocd-division/country:uk/pcon:don_valley,ocd-division/country:gb/part:eng/region:uke/ed:don_valley
ocd-division/country:uk/pcon:doncaster_central,ocd-division/country:gb/part:eng/region:uke/ed:doncaster_central
ocd-division/country:uk/pcon:doncaster_north,ocd-division/country:gb/part:eng/region:uke/ed:doncaster_north
ocd-division/country:uk/pcon:east_yorkshire,ocd-division/country:gb/part:eng/region:uke/ed:east_yorkshire
ocd-division/country:uk/pcon:elmet_and_rothwell,ocd-division/country:gb/part:eng/region:uke/ed:elmet_and_rothwell
ocd-division/country:uk/pcon:great_grimsby,ocd-division/country:gb/part:eng/region:uke/ed:great_grimsby
ocd-division/country:uk/pcon:halifax,ocd-division/country:gb/part:eng/region:uke/ed:halifax
ocd-division/country:uk/pcon:haltemprice_and_howden,ocd-division/country:gb/part:eng/region:uke/ed:haltemprice_and_howden
ocd-division/country:uk/pcon:harrogate_and_knaresborough,ocd-division/country:gb/part:eng/region:uke/ed:harrogate_and_knaresborough
ocd-division/country:uk/pcon:hemsworth,ocd-division/country:gb/part:eng/region:uke/ed:hemsworth
ocd-division/country:uk/pcon:huddersfield,ocd-division/country:gb/part:eng/region:uke/ed:huddersfield
ocd-division/country:uk/pcon:keighley,ocd-division/country:gb/part:eng/region:uke/ed:keighley
ocd-division/country:uk/pcon:kingston_upon_hull_east,ocd-division/country:gb/part:eng/region:uke/ed:kingston_upon_hull_east
ocd-division/country:uk/pcon:kingston_upon_hull_north,ocd-division/country:gb/part:eng/region:uke/ed:kingston_upon_hull_north
ocd-division/country:uk/pcon:kingston_upon_hull_west_and_hessle,ocd-division/country:gb/part:eng/region:uke/ed:kingston_upon_hull_west_and_hessle
ocd-division/country:uk/pcon:leeds_central,ocd-division/country:gb/part:eng/region:uke/ed:leeds_central
ocd-division/country:uk/pcon:leeds_east,ocd-division/country:gb/part:eng/region:uke/ed:leeds_east
ocd-division/country:uk/pcon:leeds_north_east,ocd-division/country:gb/part:eng/region:uke/ed:leeds_north_east
ocd-division/country:uk/pcon:leeds_north_west,ocd-division/country:gb/part:eng/region:uke/ed:leeds_north_west
ocd-division/country:uk/pcon:leeds_west,ocd-division/country:gb/part:eng/region:uke/ed:leeds_west
ocd-division/country:uk/pcon:morley_and_outwood,ocd-division/country:gb/part:eng/region:uke/ed:morley_and_outwood
ocd-division/country:uk/pcon:normanton_pontefract_and_castleford,ocd-division/country:gb/part:eng/region:uke/ed:normanton_pontefract_and_castleford
ocd-division/country:uk/pcon:penistone_and_stocksbridge,ocd-division/country:gb/part:eng/region:uke/ed:penistone_and_stocksbridge
ocd-division/country:uk/pcon:pudsey,ocd-division/country:gb/part:eng/region:uke/ed:pudsey
ocd-division/country:uk/pcon:richmond_~yorks~,ocd-division/country:gb/part:eng/region:uke/ed:richmond_yorks
ocd-division/country:uk/pcon:rother_valley,ocd-division/country:gb/part:eng/region:uke/ed:rother_valley
ocd-division/country:uk/pcon:rotherham,ocd-division/country:gb/part:eng/region:uke/ed:rotherham
ocd-division/country:uk/pcon:scarborough_and_whitby,ocd-division/country:gb/part:eng/region:uke/ed:scarborough_and_whitby
ocd-division/country:uk/pcon:scunthorpe,ocd-division/country:gb/part:eng/region:uke/ed:scunthorpe
ocd-division/country:uk/pcon:selby_and_ainsty,ocd-division/country:gb/part:eng/region:uke/ed:selby_and_ainsty
ocd-division/country:uk/pcon:sheffield_hallam,ocd-division/country:gb/part:eng/region:uke/ed:sheffield_brightside_and_hillsborough
ocd-division/country:uk/pcon:sheffield_brightside_and_hillsborough,ocd-division/country:gb/part:eng/region:uke/ed:sheffield_central
ocd-division/country:uk/pcon:sheffield_heeley,ocd-division/country:gb/part:eng/region:uke/ed:sheffield_hallam
ocd-division/country:uk/pcon:sheffield_south_east,ocd-division/country:gb/part:eng/region:uke/ed:sheffield_heeley
ocd-division/country:uk/pcon:sheffield_central,ocd-division/country:gb/part:eng/region:uke/ed:sheffield_south_east
ocd-division/country:uk/pcon:shipley,ocd-division/country:gb/part:eng/region:uke/ed:shipley
ocd-division/country:uk/pcon:skipton_and_ripon,ocd-division/country:gb/part:eng/region:uke/ed:skipton_and_ripon
ocd-division/country:uk/pcon:thirsk_and_malton,ocd-division/country:gb/part:eng/region:uke/ed:thirsk_and_malton
ocd-division/country:uk/pcon:wakefield,ocd-division/country:gb/part:eng/region:uke/ed:wakefield
ocd-division/country:uk/pcon:wentworth_and_dearne,ocd-division/country:gb/part:eng/region:uke/ed:wentworth_and_dearne
ocd-division/country:uk/pcon:york_central,ocd-division/country:gb/part:eng/region:uke/ed:york_central
ocd-division/country:uk/pcon:york_outer,ocd-division/country:gb/part:eng/region:uke/ed:york_outer
ocd-division/country:uk/pcon:amber_valley,ocd-division/country:gb/part:eng/region:ukf/ed:amber_valley
ocd-division/country:uk/pcon:ashfield,ocd-division/country:gb/part:eng/region:ukf/ed:ashfield
ocd-division/country:uk/pcon:bassetlaw,ocd-division/country:gb/part:eng/region:ukf/ed:bassetlaw
ocd-division/country:uk/pcon:bolsover,ocd-division/country:gb/part:eng/region:ukf/ed:bolsover
ocd-division/country:uk/pcon:boston_and_skegness,ocd-division/country:gb/part:eng/region:ukf/ed:boston_and_skegness
ocd-division/country:uk/pcon:bosworth,ocd-division/country:gb/part:eng/region:ukf/ed:bosworth
ocd-division/country:uk/pcon:broxtowe,ocd-division/country:gb/part:eng/region:ukf/ed:broxtowe
ocd-division/country:uk/pcon:charnwood,ocd-division/country:gb/part:eng/region:ukf/ed:charnwood
ocd-division/country:uk/pcon:chesterfield,ocd-division/country:gb/part:eng/region:ukf/ed:chesterfield
ocd-division/country:uk/pcon:corby,ocd-division/country:gb/part:eng/region:ukf/ed:corby
ocd-division/country:uk/pcon:daventry,ocd-division/country:gb/part:eng/region:ukf/ed:daventry
ocd-division/country:uk/pcon:derby_north,ocd-division/country:gb/part:eng/region:ukf/ed:derby_north
ocd-division/country:uk/pcon:derby_south,ocd-division/country:gb/part:eng/region:ukf/ed:derby_south
ocd-division/country:uk/pcon:derbyshire_dales,ocd-division/country:gb/part:eng/region:ukf/ed:derbyshire_dales
ocd-division/country:uk/pcon:erewash,ocd-division/country:gb/part:eng/region:ukf/ed:erewash
ocd-division/country:uk/pcon:gainsborough,ocd-division/country:gb/part:eng/region:ukf/ed:gainsborough
ocd-division/country:uk/pcon:gedling,ocd-division/country:gb/part:eng/region:ukf/ed:gedling
ocd-division/country:uk/pcon:grantham_and_stamford,ocd-division/country:gb/part:eng/region:ukf/ed:grantham_and_stamford
ocd-division/country:uk/pcon:harborough,ocd-division/country:gb/part:eng/region:ukf/ed:harborough
ocd-division/country:uk/pcon:high_peak,ocd-division/country:gb/part:eng/region:ukf/ed:high_peak
ocd-division/country:uk/pcon:kettering,ocd-division/country:gb/part:eng/region:ukf/ed:kettering
ocd-division/country:uk/pcon:leicester_east,ocd-division/country:gb/part:eng/region:ukf/ed:leicester_east
ocd-division/country:uk/pcon:leicester_south,ocd-division/country:gb/part:eng/region:ukf/ed:leicester_south
ocd-division/country:uk/pcon:leicester_west,ocd-division/country:gb/part:eng/region:ukf/ed:leicester_west
ocd-division/country:uk/pcon:lincoln,ocd-division/country:gb/part:eng/region:ukf/ed:lincoln
ocd-division/country:uk/pcon:loughborough,ocd-division/country:gb/part:eng/region:ukf/ed:loughborough
ocd-division/country:uk/pcon:louth_and_horncastle,ocd-division/country:gb/part:eng/region:ukf/ed:louth_and_horncastle
ocd-division/country:uk/pcon:mansfield,ocd-division/country:gb/part:eng/region:ukf/ed:mansfield
ocd-division/country:uk/pcon:mid_derbyshire,ocd-division/country:gb/part:eng/region:ukf/ed:mid_derbyshire
ocd-division/country:uk/pcon:newark,ocd-division/country:gb/part:eng/region:ukf/ed:newark
ocd-division/country:uk/pcon:north_east_derbyshire,ocd-division/country:gb/part:eng/region:ukf/ed:north_east_derbyshire
ocd-division/country:uk/pcon:north_west_leicestershire,ocd-division/country:gb/part:eng/region:ukf/ed:north_west_leicestershire
ocd-division/country:uk/pcon:northampton_north,ocd-division/country:gb/part:eng/region:ukf/ed:northampton_north
ocd-division/country:uk/pcon:northampton_south,ocd-division/country:gb/part:eng/region:ukf/ed:northampton_south
ocd-division/country:uk/pcon:nottingham_east,ocd-division/country:gb/part:eng/region:ukf/ed:nottingham_east
ocd-division/country:uk/pcon:nottingham_north,ocd-division/country:gb/part:eng/region:ukf/ed:nottingham_north
ocd-division/country:uk/pcon:nottingham_south,ocd-division/country:gb/part:eng/region:ukf/ed:nottingham_south
ocd-division/country:uk/pcon:rushcliffe,ocd-division/country:gb/part:eng/region:ukf/ed:rushcliffe
ocd-division/country:uk/pcon:rutland_and_melton,ocd-division/country:gb/part:eng/region:ukf/ed:rutland_and_melton
ocd-division/country:uk/pcon:sherwood,ocd-division/country:gb/part:eng/region:ukf/ed:sherwood
ocd-division/country:uk/pcon:sleaford_and_north_hykeham,ocd-division/country:gb/part:eng/region:ukf/ed:sleaford_and_north_hykeham
ocd-division/country:uk/pcon:south_derbyshire,ocd-division/country:gb/part:eng/region:ukf/ed:south_derbyshire
ocd-division/country:uk/pcon:south_holland_and_the_deepings,ocd-division/country:gb/part:eng/region:ukf/ed:south_holland_and_the_deepings
ocd-division/country:uk/pcon:south_leicestershire,ocd-division/country:gb/part:eng/region:ukf/ed:south_leicestershire
ocd-division/country:uk/pcon:south_northamptonshire,ocd-division/country:gb/part:eng/region:ukf/ed:south_northamptonshire
ocd-division/country:uk/pcon:wellingborough,ocd-division/country:gb/part:eng/region:ukf/ed:wellingborough
ocd-division/country:uk/pcon:aldridge-brownhills,ocd-division/country:gb/part:eng/region:ukg/ed:aldridge-brownhills
ocd-division/country:uk/pcon:birmingham_edgbaston,ocd-division/country:gb/part:eng/region:ukg/ed:birmingham_edgbaston
ocd-division/country:uk/pcon:birmingham_erdington,ocd-division/country:gb/part:eng/region:ukg/ed:birmingham_erdington
ocd-division/country:uk/pcon:birmingham_hall_green,ocd-division/country:gb/part:eng/region:ukg/ed:birmingham_hall_green
ocd-division/country:uk/pcon:birmingham_hodge_hill,ocd-division/country:gb/part:eng/region:ukg/ed:birmingham_hodge_hill
ocd-division/country:uk/pcon:birmingham_ladywood,ocd-division/country:gb/part:eng/region:ukg/ed:birmingham_ladywood
ocd-division/country:uk/pcon:birmingham_northfield,ocd-division/country:gb/part:eng/region:ukg/ed:birmingham_northfield
ocd-division/country:uk/pcon:birmingham_perry_barr,ocd-division/country:gb/part:eng/region:ukg/ed:birmingham_perry_barr
ocd-division/country:uk/pcon:birmingham_selly_oak,ocd-division/country:gb/part:eng/region:ukg/ed:birmingham_selly_oak
ocd-division/country:uk/pcon:birmingham_yardley,ocd-division/country:gb/part:eng/region:ukg/ed:birmingham_yardley
ocd-division/country:uk/pcon:bromsgrove,ocd-division/country:gb/part:eng/region:ukg/ed:bromsgrove
ocd-division/country:uk/pcon:burton,ocd-division/country:gb/part:eng/region:ukg/ed:burton
ocd-division/country:uk/pcon:cannock_chase,ocd-division/country:gb/part:eng/region:ukg/ed:cannock_chase
ocd-division/country:uk/pcon:coventry_north_east,ocd-division/country:gb/part:eng/region:ukg/ed:coventry_north_east
ocd-division/country:uk/pcon:coventry_north_west,ocd-division/country:gb/part:eng/region:ukg/ed:coventry_north_west
ocd-division/country:uk/pcon:coventry_south,ocd-division/country:gb/part:eng/region:ukg/ed:coventry_south
ocd-division/country:uk/pcon:dudley_north,ocd-division/country:gb/part:eng/region:ukg/ed:dudley_north
ocd-division/country:uk/pcon:dudley_south,ocd-division/country:gb/part:eng/region:ukg/ed:dudley_south
ocd-division/country:uk/pcon:halesowen_and_rowley_regis,ocd-division/country:gb/part:eng/region:ukg/ed:halesowen_and_rowley_regis
ocd-division/country:uk/pcon:hereford_and_south_herefordshire,ocd-division/country:gb/part:eng/region:ukg/ed:hereford_and_south_herefordshire
ocd-division/country:uk/pcon:kenilworth_and_southam,ocd-division/country:gb/part:eng/region:ukg/ed:kenilworth_and_southam
ocd-division/country:uk/pcon:lichfield,ocd-division/country:gb/part:eng/region:ukg/ed:lichfield
ocd-division/country:uk/pcon:ludlow,ocd-division/country:gb/part:eng/region:ukg/ed:ludlow
ocd-division/country:uk/pcon:meriden,ocd-division/country:gb/part:eng/region:ukg/ed:meriden
ocd-division/country:uk/pcon:mid_worcestershire,ocd-division/country:gb/part:eng/region:ukg/ed:mid_worcestershire
ocd-division/country:uk/pcon:newcastle-under-lyme,ocd-division/country:gb/part:eng/region:ukg/ed:newcastle-under-lyme
ocd-division/country:uk/pcon:north_herefordshire,ocd-division/country:gb/part:eng/region:ukg/ed:north_herefordshire
ocd-division/country:uk/pcon:north_shropshire,ocd-division/country:gb/part:eng/region:ukg/ed:north_shropshire
ocd-division/country:uk/pcon:north_warwickshire,ocd-division/country:gb/part:eng/region:ukg/ed:north_warwickshire
ocd-division/country:uk/pcon:nuneaton,ocd-division/country:gb/part:eng/region:ukg/ed:nuneaton
ocd-division/country:uk/pcon:redditch,ocd-division/country:gb/part:eng/region:ukg/ed:redditch
ocd-division/country:uk/pcon:rugby,ocd-division/country:gb/part:eng/region:ukg/ed:rugby
ocd-division/country:uk/pcon:shrewsbury_and_atcham,ocd-division/country:gb/part:eng/region:ukg/ed:shrewsbury_and_atcham
ocd-division/country:uk/pcon:solihull,ocd-division/country:gb/part:eng/region:ukg/ed:solihull
ocd-division/country:uk/pcon:south_staffordshire,ocd-division/country:gb/part:eng/region:ukg/ed:south_staffordshire
ocd-division/country:uk/pcon:stafford,ocd-division/country:gb/part:eng/region:ukg/ed:stafford
ocd-division/country:uk/pcon:staffordshire_moorlands,ocd-division/country:gb/part:eng/region:ukg/ed:staffordshire_moorlands
ocd-division/country:uk/pcon:stoke-on-trent_central,ocd-division/country:gb/part:eng/region:ukg/ed:stoke-on-trent_central
ocd-division/country:uk/pcon:stoke-on-trent_north,ocd-division/country:gb/part:eng/region:ukg/ed:stoke-on-trent_north
ocd-division/country:uk/pcon:stoke-on-trent_south,ocd-division/country:gb/part:eng/region:ukg/ed:stoke-on-trent_south
ocd-division/country:uk/pcon:stone,ocd-division/country:gb/part:eng/region:ukg/ed:stone
ocd-division/country:uk/pcon:stourbridge,ocd-division/country:gb/part:eng/region:ukg/ed:stourbridge
ocd-division/country:uk/pcon:stratford-on-avon,ocd-division/country:gb/part:eng/region:ukg/ed:stratford-on-avon
ocd-division/country:uk/pcon:sutton_coldfield,ocd-division/country:gb/part:eng/region:ukg/ed:sutton_coldfield
ocd-division/country:uk/pcon:tamworth,ocd-division/country:gb/part:eng/region:ukg/ed:tamworth
ocd-division/country:uk/pcon:telford,ocd-division/country:gb/part:eng/region:ukg/ed:telford
ocd-division/country:uk/pcon:the_wrekin,ocd-division/country:gb/part:eng/region:ukg/ed:the_wrekin
ocd-division/country:uk/pcon:walsall_north,ocd-division/country:gb/part:eng/region:ukg/ed:walsall_north
ocd-division/country:uk/pcon:walsall_south,ocd-division/country:gb/part:eng/region:ukg/ed:walsall_south
ocd-division/country:uk/pcon:warley,ocd-division/country:gb/part:eng/region:ukg/ed:warley
ocd-division/country:uk/pcon:warwick_and_leamington,ocd-division/country:gb/part:eng/region:ukg/ed:warwick_and_leamington
ocd-division/country:uk/pcon:west_bromwich_east,ocd-division/country:gb/part:eng/region:ukg/ed:west_bromwich_east
ocd-division/country:uk/pcon:west_bromwich_west,ocd-division/country:gb/part:eng/region:ukg/ed:west_bromwich_west
ocd-division/country:uk/pcon:west_worcestershire,ocd-division/country:gb/part:eng/region:ukg/ed:west_worcestershire
ocd-division/country:uk/pcon:wolverhampton_north_east,ocd-division/country:gb/part:eng/region:ukg/ed:wolverhampton_north_east
ocd-division/country:uk/pcon:wolverhampton_south_east,ocd-division/country:gb/part:eng/region:ukg/ed:wolverhampton_south_east
ocd-division/country:uk/pcon:wolverhampton_south_west,ocd-division/country:gb/part:eng/region:ukg/ed:wolverhampton_south_west
ocd-division/country:uk/pcon:worcester,ocd-division/country:gb/part:eng/region:ukg/ed:worcester
ocd-division/country:uk/pcon:wyre_forest,ocd-division/country:gb/part:eng/region:ukg/ed:wyre_forest
ocd-division/country:uk/pcon:basildon_and_billericay,ocd-division/country:gb/part:eng/region:ukh/ed:basildon_and_billericay
ocd-division/country:uk/pcon:bedford,ocd-division/country:gb/part:eng/region:ukh/ed:bedford
ocd-division/country:uk/pcon:braintree,ocd-division/country:gb/part:eng/region:ukh/ed:braintree
ocd-division/country:uk/pcon:brentwood_and_ongar,ocd-division/country:gb/part:eng/region:ukh/ed:brentwood_and_ongar
ocd-division/country:uk/pcon:broadland,ocd-division/country:gb/part:eng/region:ukh/ed:broadland
ocd-division/country:uk/pcon:broxbourne,ocd-division/country:gb/part:eng/region:ukh/ed:broxbourne
ocd-division/country:uk/pcon:bury_st_edmunds,ocd-division/country:gb/part:eng/region:ukh/ed:bury_st_edmunds
ocd-division/country:uk/pcon:cambridge,ocd-division/country:gb/part:eng/region:ukh/ed:cambridge
ocd-division/country:uk/pcon:castle_point,ocd-division/country:gb/part:eng/region:ukh/ed:castle_point
ocd-division/country:uk/pcon:central_suffolk_and_north_ipswich,ocd-division/country:gb/part:eng/region:ukh/ed:central_suffolk_and_north_ipswich
ocd-division/country:uk/pcon:chelmsford,ocd-division/country:gb/part:eng/region:ukh/ed:chelmsford
ocd-division/country:uk/pcon:clacton,ocd-division/country:gb/part:eng/region:ukh/ed:clacton
ocd-division/country:uk/pcon:colchester,ocd-division/country:gb/part:eng/region:ukh/ed:colchester
ocd-division/country:uk/pcon:epping_forest,ocd-division/country:gb/part:eng/region:ukh/ed:epping_forest
ocd-division/country:uk/pcon:great_yarmouth,ocd-division/country:gb/part:eng/region:ukh/ed:great_yarmouth
ocd-division/country:uk/pcon:harlow,ocd-division/country:gb/part:eng/region:ukh/ed:harlow
ocd-division/country:uk/pcon:harwich_and_north_essex,ocd-division/country:gb/part:eng/region:ukh/ed:harwich_and_north_essex
ocd-division/country:uk/pcon:hemel_hempstead,ocd-division/country:gb/part:eng/region:ukh/ed:hemel_hempstead
ocd-division/country:uk/pcon:hertford_and_stortford,ocd-division/country:gb/part:eng/region:ukh/ed:hertford_and_stortford
ocd-division/country:uk/pcon:hertsmere,ocd-division/country:gb/part:eng/region:ukh/ed:hertsmere
ocd-division/country:uk/pcon:hitchin_and_harpenden,ocd-division/country:gb/part:eng/region:ukh/ed:hitchin_and_harpenden
ocd-division/country:uk/pcon:huntingdon,ocd-division/country:gb/part:eng/region:ukh/ed:huntingdon
ocd-division/country:uk/pcon:ipswich,ocd-division/country:gb/part:eng/region:ukh/ed:ipswich
ocd-division/country:uk/pcon:luton_north,ocd-division/country:gb/part:eng/region:ukh/ed:luton_north
ocd-division/country:uk/pcon:luton_south,ocd-division/country:gb/part:eng/region:ukh/ed:luton_south
ocd-division/country:uk/pcon:maldon,ocd-division/country:gb/part:eng/region:ukh/ed:maldon
ocd-division/country:uk/pcon:mid_bedfordshire,ocd-division/country:gb/part:eng/region:ukh/ed:mid_bedfordshire
ocd-division/country:uk/pcon:mid_norfolk,ocd-division/country:gb/part:eng/region:ukh/ed:mid_norfolk
ocd-division/country:uk/pcon:north_east_bedfordshire,ocd-division/country:gb/part:eng/region:ukh/ed:north_east_bedfordshire
ocd-division/country:uk/pcon:north_east_cambridgeshire,ocd-division/country:gb/part:eng/region:ukh/ed:north_east_cambridgeshire
ocd-division/country:uk/pcon:north_east_hertfordshire,ocd-division/country:gb/part:eng/region:ukh/ed:north_east_hertfordshire
ocd-division/country:uk/pcon:north_norfolk,ocd-division/country:gb/part:eng/region:ukh/ed:north_norfolk
ocd-division/country:uk/pcon:north_west_cambridgeshire,ocd-division/country:gb/part:eng/region:ukh/ed:north_west_cambridgeshire
ocd-division/country:uk/pcon:north_west_norfolk,ocd-division/country:gb/part:eng/region:ukh/ed:north_west_norfolk
ocd-division/country:uk/pcon:norwich_north,ocd-division/country:gb/part:eng/region:ukh/ed:norwich_north
ocd-division/country:uk/pcon:norwich_south,ocd-division/country:gb/part:eng/region:ukh/ed:norwich_south
ocd-division/country:uk/pcon:peterborough,ocd-division/country:gb/part:eng/region:ukh/ed:peterborough
ocd-division/country:uk/pcon:rayleigh_and_wickford,ocd-division/country:gb/part:eng/region:ukh/ed:rayleigh_and_wickford
ocd-division/country:uk/pcon:rochford_and_southend_east,ocd-division/country:gb/part:eng/region:ukh/ed:rochford_and_southend_east
ocd-division/country:uk/pcon:saffron_walden,ocd-division/country:gb/part:eng/region:ukh/ed:saffron_walden
ocd-division/country:uk/pcon:south_basildon_and_east_thurrock,ocd-division/country:gb/part:eng/region:ukh/ed:south_basildon_and_east_thurrock
ocd-division/country:uk/pcon:south_cambridgeshire,ocd-division/country:gb/part:eng/region:ukh/ed:south_cambridgeshire
ocd-division/country:uk/pcon:south_east_cambridgeshire,ocd-division/country:gb/part:eng/region:ukh/ed:south_east_cambridgeshire
ocd-division/country:uk/pcon:south_norfolk,ocd-division/country:gb/part:eng/region:ukh/ed:south_norfolk
ocd-division/country:uk/pcon:south_suffolk,ocd-division/country:gb/part:eng/region:ukh/ed:south_suffolk
ocd-division/country:uk/pcon:south_west_bedfordshire,ocd-division/country:gb/part:eng/region:ukh/ed:south_west_bedfordshire
ocd-division/country:uk/pcon:south_west_hertfordshire,ocd-division/country:gb/part:eng/region:ukh/ed:south_west_hertfordshire
ocd-division/country:uk/pcon:south_west_norfolk,ocd-division/country:gb/part:eng/region:ukh/ed:south_west_norfolk
ocd-division/country:uk/pcon:southend_west,ocd-division/country:gb/part:eng/region:ukh/ed:southend_west
ocd-division/country:uk/pcon:st_albans,ocd-division/country:gb/part:eng/region:ukh/ed:st_albans
ocd-division/country:uk/pcon:stevenage,ocd-division/country:gb/part:eng/region:ukh/ed:stevenage
ocd-division/country:uk/pcon:suffolk_coastal,ocd-division/country:gb/part:eng/region:ukh/ed:suffolk_coastal
ocd-division/country:uk/pcon:thurrock,ocd-division/country:gb/part:eng/region:ukh/ed:thurrock
ocd-division/country:uk/pcon:watford,ocd-division/country:gb/part:eng/region:ukh/ed:watford
ocd-division/country:uk/pcon:waveney,ocd-division/country:gb/part:eng/region:ukh/ed:waveney
ocd-division/country:uk/pcon:welwyn_hatfield,ocd-division/country:gb/part:eng/region:ukh/ed:welwyn_hatfield
ocd-division/country:uk/pcon:west_suffolk,ocd-division/country:gb/part:eng/region:ukh/ed:west_suffolk
ocd-division/country:uk/pcon:witham,ocd-division/country:gb/part:eng/region:ukh/ed:witham
ocd-division/country:uk/pcon:barking,ocd-division/country:gb/part:eng/region:uki/ed:barking
ocd-division/country:uk/pcon:battersea,ocd-division/country:gb/part:eng/region:uki/ed:battersea
ocd-division/country:uk/pcon:beckenham,ocd-division/country:gb/part:eng/region:uki/ed:beckenham
ocd-division/country:uk/pcon:bermondsey_and_old_southwark,ocd-division/country:gb/part:eng/region:uki/ed:bermondsey_and_old_southwark
ocd-division/country:uk/pcon:bethnal_green_and_bow,ocd-division/country:gb/part:eng/region:uki/ed:bethnal_green_and_bow
ocd-division/country:uk/pcon:bexleyheath_and_crayford,ocd-division/country:gb/part:eng/region:uki/ed:bexleyheath_and_crayford
ocd-division/country:uk/pcon:brent_central,ocd-division/country:gb/part:eng/region:uki/ed:brent_central
ocd-division/country:uk/pcon:brent_north,ocd-division/country:gb/part:eng/region:uki/ed:brent_north
ocd-division/country:uk/pcon:brentford_and_isleworth,ocd-division/country:gb/part:eng/region:uki/ed:brentford_and_isleworth
ocd-division/country:uk/pcon:bromley_and_chislehurst,ocd-division/country:gb/part:eng/region:uki/ed:bromley_and_chislehurst
ocd-division/country:uk/pcon:camberwell_and_peckham,ocd-division/country:gb/part:eng/region:uki/ed:camberwell_and_peckham
ocd-division/country:uk/pcon:carshalton_and_wallington,ocd-division/country:gb/part:eng/region:uki/ed:carshalton_and_wallington
ocd-division/country:uk/pcon:chelsea_and_fulham,ocd-division/country:gb/part:eng/region:uki/ed:chelsea_and_fulham
ocd-division/country:uk/pcon:chingford_and_woodford_green,ocd-division/country:gb/part:eng/region:uki/ed:chingford_and_woodford_green
ocd-division/country:uk/pcon:chipping_barnet,ocd-division/country:gb/part:eng/region:uki/ed:chipping_barnet
ocd-division/country:uk/pcon:cities_of_london_and_westminster,ocd-division/country:gb/part:eng/region:uki/ed:cities_of_london_and_westminster
ocd-division/country:uk/pcon:croydon_central,ocd-division/country:gb/part:eng/region:uki/ed:croydon_central
ocd-division/country:uk/pcon:croydon_north,ocd-division/country:gb/part:eng/region:uki/ed:croydon_north
ocd-division/country:uk/pcon:croydon_south,ocd-division/country:gb/part:eng/region:uki/ed:croydon_south
ocd-division/country:uk/pcon:dagenham_and_rainham,ocd-division/country:gb/part:eng/region:uki/ed:dagenham_and_rainham
ocd-division/country:uk/pcon:dulwich_and_west_norwood,ocd-division/country:gb/part:eng/region:uki/ed:dulwich_and_west_norwood
ocd-division/country:uk/pcon:ealing_central_and_acton,ocd-division/country:gb/part:eng/region:uki/ed:ealing_central_and_acton
ocd-division/country:uk/pcon:ealing_north,ocd-division/country:gb/part:eng/region:uki/ed:ealing_north
ocd-division/country:uk/pcon:ealing_southall,ocd-division/country:gb/part:eng/region:uki/ed:ealing_southall
ocd-division/country:uk/pcon:east_ham,ocd-division/country:gb/part:eng/region:uki/ed:east_ham
ocd-division/country:uk/pcon:edmonton,ocd-division/country:gb/part:eng/region:uki/ed:edmonton
ocd-division/country:uk/pcon:eltham,ocd-division/country:gb/part:eng/region:uki/ed:eltham
ocd-division/country:uk/pcon:enfield_north,ocd-division/country:gb/part:eng/region:uki/ed:enfield_north
ocd-division/country:uk/pcon:enfield_southgate,ocd-division/country:gb/part:eng/region:uki/ed:enfield_southgate
ocd-division/country:uk/pcon:erith_and_thamesmead,ocd-division/country:gb/part:eng/region:uki/ed:erith_and_thamesmead
ocd-division/country:uk/pcon:feltham_and_heston,ocd-division/country:gb/part:eng/region:uki/ed:feltham_and_heston
ocd-division/country:uk/pcon:finchley_and_golders_green,ocd-division/country:gb/part:eng/region:uki/ed:finchley_and_golders_green
ocd-division/country:uk/pcon:greenwich_and_woolwich,ocd-division/country:gb/part:eng/region:uki/ed:greenwich_and_woolwich
ocd-division/country:uk/pcon:hackney_north_and_stoke_newington,ocd-division/country:gb/part:eng/region:uki/ed:hackney_north_and_stoke_newington
ocd-division/country:uk/pcon:hackney_south_and_shoreditch,ocd-division/country:gb/part:eng/region:uki/ed:hackney_south_and_shoreditch
ocd-division/country:uk/pcon:hammersmith,ocd-division/country:gb/part:eng/region:uki/ed:hammersmith
ocd-division/country:uk/pcon:hampstead_and_kilburn,ocd-division/country:gb/part:eng/region:uki/ed:hampstead_and_kilburn
ocd-division/country:uk/pcon:harrow_east,ocd-division/country:gb/part:eng/region:uki/ed:harrow_east
ocd-division/country:uk/pcon:harrow_west,ocd-division/country:gb/part:eng/region:uki/ed:harrow_west
ocd-division/country:uk/pcon:hayes_and_harlington,ocd-division/country:gb/part:eng/region:uki/ed:hayes_and_harlington
ocd-division/country:uk/pcon:hendon,ocd-division/country:gb/part:eng/region:uki/ed:hendon
ocd-division/country:uk/pcon:holborn_and_st_pancras,ocd-division/country:gb/part:eng/region:uki/ed:holborn_and_st_pancras
ocd-division/country:uk/pcon:hornchurch_and_upminster,ocd-division/country:gb/part:eng/region:uki/ed:hornchurch_and_upminster
ocd-division/country:uk/pcon:hornsey_and_wood_green,ocd-division/country:gb/part:eng/region:uki/ed:hornsey_and_wood_green
ocd-division/country:uk/pcon:ilford_north,ocd-division/country:gb/part:eng/region:uki/ed:ilford_north
ocd-division/country:uk/pcon:ilford_south,ocd-division/country:gb/part:eng/region:uki/ed:ilford_south
ocd-division/country:uk/pcon:islington_north,ocd-division/country:gb/part:eng/region:uki/ed:islington_north
ocd-division/country:uk/pcon:islington_south_and_finsbury,ocd-division/country:gb/part:eng/region:uki/ed:islington_south_and_finsbury
ocd-division/country:uk/pcon:kensington,ocd-division/country:gb/part:eng/region:uki/ed:kensington
ocd-division/country:uk/pcon:kingston_and_surbiton,ocd-division/country:gb/part:eng/region:uki/ed:kingston_and_surbiton
ocd-division/country:uk/pcon:lewisham_west_and_penge,ocd-division/country:gb/part:eng/region:uki/ed:lewisham_deptford
ocd-division/country:uk/pcon:lewisham_deptford,ocd-division/country:gb/part:eng/region:uki/ed:lewisham_east
ocd-division/country:uk/pcon:lewisham_east,ocd-division/country:gb/part:eng/region:uki/ed:lewisham_west_and_penge
ocd-division/country:uk/pcon:leyton_and_wanstead,ocd-division/country:gb/part:eng/region:uki/ed:leyton_and_wanstead
ocd-division/country:uk/pcon:mitcham_and_morden,ocd-division/country:gb/part:eng/region:uki/ed:mitcham_and_morden
ocd-division/country:uk/pcon:old_bexley_and_sidcup,ocd-division/country:gb/part:eng/region:uki/ed:old_bexley_and_sidcup
ocd-division/country:uk/pcon:orpington,ocd-division/country:gb/part:eng/region:uki/ed:orpington
ocd-division/country:uk/pcon:poplar_and_limehouse,ocd-division/country:gb/part:eng/region:uki/ed:poplar_and_limehouse
ocd-division/country:uk/pcon:putney,ocd-division/country:gb/part:eng/region:uki/ed:putney
ocd-division/country:uk/pcon:richmond_park,ocd-division/country:gb/part:eng/region:uki/ed:richmond_park
ocd-division/country:uk/pcon:romford,ocd-division/country:gb/part:eng/region:uki/ed:romford
ocd-division/country:uk/pcon:ruislip_northwood_and_pinner,ocd-division/country:gb/part:eng/region:uki/ed:ruislip_northwood_and_pinner
ocd-division/country:uk/pcon:streatham,ocd-division/country:gb/part:eng/region:uki/ed:streatham
ocd-division/country:uk/pcon:sutton_and_cheam,ocd-division/country:gb/part:eng/region:uki/ed:sutton_and_cheam
ocd-division/country:uk/pcon:tooting,ocd-division/country:gb/part:eng/region:uki/ed:tooting
ocd-division/country:uk/pcon:tottenham,ocd-division/country:gb/part:eng/region:uki/ed:tottenham
ocd-division/country:uk/pcon:twickenham,ocd-division/country:gb/part:eng/region:uki/ed:twickenham
ocd-division/country:uk/pcon:uxbridge_and_south_ruislip,ocd-division/country:gb/part:eng/region:uki/ed:uxbridge_and_south_ruislip
ocd-division/country:uk/pcon:vauxhall,ocd-division/country:gb/part:eng/region:uki/ed:vauxhall
ocd-division/country:uk/pcon:walthamstow,ocd-division/country:gb/part:eng/region:uki/ed:walthamstow
ocd-division/country:uk/pcon:west_ham,ocd-division/country:gb/part:eng/region:uki/ed:west_ham
ocd-division/country:uk/pcon:westminster_north,ocd-division/country:gb/part:eng/region:uki/ed:westminster_north
ocd-division/country:uk/pcon:wimbledon,ocd-division/country:gb/part:eng/region:uki/ed:wimbledon
ocd-division/country:uk/pcon:aldershot,ocd-division/country:gb/part:eng/region:ukj/ed:aldershot
ocd-division/country:uk/pcon:arundel_and_south_downs,ocd-division/country:gb/part:eng/region:ukj/ed:arundel_and_south_downs
ocd-division/country:uk/pcon:ashford,ocd-division/country:gb/part:eng/region:ukj/ed:ashford
ocd-division/country:uk/pcon:aylesbury,ocd-division/country:gb/part:eng/region:ukj/ed:aylesbury
ocd-division/country:uk/pcon:banbury,ocd-division/country:gb/part:eng/region:ukj/ed:banbury
ocd-division/country:uk/pcon:basingstoke,ocd-division/country:gb/part:eng/region:ukj/ed:basingstoke
ocd-division/country:uk/pcon:beaconsfield,ocd-division/country:gb/part:eng/region:ukj/ed:beaconsfield
ocd-division/country:uk/pcon:bexhill_and_battle,ocd-division/country:gb/part:eng/region:ukj/ed:bexhill_and_battle
ocd-division/country:uk/pcon:bognor_regis_and_littlehampton,ocd-division/country:gb/part:eng/region:ukj/ed:bognor_regis_and_littlehampton
ocd-division/country:uk/pcon:bracknell,ocd-division/country:gb/part:eng/region:ukj/ed:bracknell
ocd-division/country:uk/pcon:brighton_kemptown,ocd-division/country:gb/part:eng/region:ukj/ed:brighton_kemptown
ocd-division/country:uk/pcon:brighton_pavilion,ocd-division/country:gb/part:eng/region:ukj/ed:brighton_pavilion
ocd-division/country:uk/pcon:buckingham,ocd-division/country:gb/part:eng/region:ukj/ed:buckingham
ocd-division/country:uk/pcon:canterbury,ocd-division/country:gb/part:eng/region:ukj/ed:canterbury
ocd-division/country:uk/pcon:chatham_and_aylesford,ocd-division/country:gb/part:eng/region:ukj/ed:chatham_and_aylesford
ocd-division/country:uk/pcon:chesham_and_amersham,ocd-division/country:gb/part:eng/region:ukj/ed:chesham_and_amersham
ocd-division/country:uk/pcon:chichester,ocd-division/country:gb/part:eng/region:ukj/ed:chichester
ocd-division/country:uk/pcon:crawley,ocd-division/country:gb/part:eng/region:ukj/ed:crawley
ocd-division/country:uk/pcon:dartford,ocd-division/country:gb/part:eng/region:ukj/ed:dartford
ocd-division/country:uk/pcon:dover,ocd-division/country:gb/part:eng/region:ukj/ed:dover
ocd-division/country:uk/pcon:east_hampshire,ocd-division/country:gb/part:eng/region:ukj/ed:east_hampshire
ocd-division/country:uk/pcon:east_surrey,ocd-division/country:gb/part:eng/region:ukj/ed:east_surrey
ocd-division/country:uk/pcon:east_worthing_and_shoreham,ocd-division/country:gb/part:eng/region:ukj/ed:east_worthing_and_shoreham
ocd-division/country:uk/pcon:eastbourne,ocd-division/country:gb/part:eng/region:ukj/ed:eastbourne
ocd-division/country:uk/pcon:eastleigh,ocd-division/country:gb/part:eng/region:ukj/ed:eastleigh
ocd-division/country:uk/pcon:epsom_and_ewell,ocd-division/country:gb/part:eng/region:ukj/ed:epsom_and_ewell
ocd-division/country:uk/pcon:esher_and_walton,ocd-division/country:gb/part:eng/region:ukj/ed:esher_and_walton
ocd-division/country:uk/pcon:fareham,ocd-division/country:gb/part:eng/region:ukj/ed:fareham
ocd-division/country:uk/pcon:faversham_and_mid_kent,ocd-division/country:gb/part:eng/region:ukj/ed:faversham_and_mid_kent
ocd-division/country:uk/pcon:folkestone_and_hythe,ocd-division/country:gb/part:eng/region:ukj/ed:folkestone_and_hythe
ocd-division/country:uk/pcon:gillingham_and_rainham,ocd-division/country:gb/part:eng/region:ukj/ed:gillingham_and_rainham
ocd-division/country:uk/pcon:gosport,ocd-division/country:gb/part:eng/region:ukj/ed:gosport
ocd-division/country:uk/pcon:gravesham,ocd-division/country:gb/part:eng/region:ukj/ed:gravesham
ocd-division/country:uk/pcon:guildford,ocd-division/country:gb/part:eng/region:ukj/ed:guildford
ocd-division/country:uk/pcon:hastings_and_rye,ocd-division/country:gb/part:eng/region:ukj/ed:hastings_and_rye
ocd-division/country:uk/pcon:havant,ocd-division/country:gb/part:eng/region:ukj/ed:havant
ocd-division/country:uk/pcon:henley,ocd-division/country:gb/part:eng/region:ukj/ed:henley
ocd-division/country:uk/pcon:horsham,ocd-division/country:gb/part:eng/region:ukj/ed:horsham
ocd-division/country:uk/pcon:hove,ocd-division/country:gb/part:eng/region:ukj/ed:hove
ocd-division/country:uk/pcon:isle_of_wight,ocd-division/country:gb/part:eng/region:ukj/ed:isle_of_wight
ocd-division/country:uk/pcon:lewes,ocd-division/country:gb/part:eng/region:ukj/ed:lewes
ocd-division/country:uk/pcon:maidenhead,ocd-division/country:gb/part:eng/region:ukj/ed:maidenhead
ocd-division/country:uk/pcon:maidstone_and_the_weald,ocd-division/country:gb/part:eng/region:ukj/ed:maidstone_and_the_weald
ocd-division/country:uk/pcon:meon_valley,ocd-division/country:gb/part:eng/region:ukj/ed:meon_valley
ocd-division/country:uk/pcon:mid_sussex,ocd-division/country:gb/part:eng/region:ukj/ed:mid_sussex
ocd-division/country:uk/pcon:milton_keynes_north,ocd-division/country:gb/part:eng/region:ukj/ed:milton_keynes_north
ocd-division/country:uk/pcon:milton_keynes_south,ocd-division/country:gb/part:eng/region:ukj/ed:milton_keynes_south
ocd-division/country:uk/pcon:mole_valley,ocd-division/country:gb/part:eng/region:ukj/ed:mole_valley
ocd-division/country:uk/pcon:new_forest_east,ocd-division/country:gb/part:eng/region:ukj/ed:new_forest_east
ocd-division/country:uk/pcon:new_forest_west,ocd-division/country:gb/part:eng/region:ukj/ed:new_forest_west
ocd-division/country:uk/pcon:newbury,ocd-division/country:gb/part:eng/region:ukj/ed:newbury
ocd-division/country:uk/pcon:north_east_hampshire,ocd-division/country:gb/part:eng/region:ukj/ed:north_east_hampshire
ocd-division/country:uk/pcon:north_thanet,ocd-division/country:gb/part:eng/region:ukj/ed:north_thanet
ocd-division/country:uk/pcon:north_west_hampshire,ocd-division/country:gb/part:eng/region:ukj/ed:north_west_hampshire
ocd-division/country:uk/pcon:oxford_east,ocd-division/country:gb/part:eng/region:ukj/ed:oxford_east
ocd-division/country:uk/pcon:oxford_west_and_abingdon,ocd-division/country:gb/part:eng/region:ukj/ed:oxford_west_and_abingdon
ocd-division/country:uk/pcon:portsmouth_north,ocd-division/country:gb/part:eng/region:ukj/ed:portsmouth_north
ocd-division/country:uk/pcon:portsmouth_south,ocd-division/country:gb/part:eng/region:ukj/ed:portsmouth_south
ocd-division/country:uk/pcon:reading_east,ocd-division/country:gb/part:eng/region:ukj/ed:reading_east
ocd-division/country:uk/pcon:reading_west,ocd-division/country:gb/part:eng/region:ukj/ed:reading_west
ocd-division/country:uk/pcon:reigate,ocd-division/country:gb/part:eng/region:ukj/ed:reigate
ocd-division/country:uk/pcon:rochester_and_strood,ocd-division/country:gb/part:eng/region:ukj/ed:rochester_and_strood
ocd-division/country:uk/pcon:romsey_and_southampton_north,ocd-division/country:gb/part:eng/region:ukj/ed:romsey_and_southampton_north
ocd-division/country:uk/pcon:runnymede_and_weybridge,ocd-division/country:gb/part:eng/region:ukj/ed:runnymede_and_weybridge
ocd-division/country:uk/pcon:sevenoaks,ocd-division/country:gb/part:eng/region:ukj/ed:sevenoaks
ocd-division/country:uk/pcon:sittingbourne_and_sheppey,ocd-division/country:gb/part:eng/region:ukj/ed:sittingbourne_and_sheppey
ocd-division/country:uk/pcon:slough,ocd-division/country:gb/part:eng/region:ukj/ed:slough
ocd-division/country:uk/pcon:south_thanet,ocd-division/country:gb/part:eng/region:ukj/ed:south_thanet
ocd-division/country:uk/pcon:south_west_surrey,ocd-division/country:gb/part:eng/region:ukj/ed:south_west_surrey
ocd-division/country:uk/pcon:southampton_itchen,ocd-division/country:gb/part:eng/region:ukj/ed:southampton_itchen
ocd-division/country:uk/pcon:southampton_test,ocd-division/country:gb/part:eng/region:ukj/ed:southampton_test
ocd-division/country:uk/pcon:spelthorne,ocd-division/country:gb/part:eng/region:ukj/ed:spelthorne
ocd-division/country:uk/pcon:surrey_heath,ocd-division/country:gb/part:eng/region:ukj/ed:surrey_heath
ocd-division/country:uk/pcon:tonbridge_and_malling,ocd-division/country:gb/part:eng/region:ukj/ed:tonbridge_and_malling
ocd-division/country:uk/pcon:tunbridge_wells,ocd-division/country:gb/part:eng/region:ukj/ed:tunbridge_wells
ocd-division/country:uk/pcon:wantage,ocd-division/country:gb/part:eng/region:ukj/ed:wantage
ocd-division/country:uk/pcon:wealden,ocd-division/country:gb/part:eng/region:ukj/ed:wealden
ocd-division/country:uk/pcon:winchester,ocd-division/country:gb/part:eng/region:ukj/ed:winchester
ocd-division/country:uk/pcon:windsor,ocd-division/country:gb/part:eng/region:ukj/ed:windsor
ocd-division/country:uk/pcon:witney,ocd-division/country:gb/part:eng/region:ukj/ed:witney
ocd-division/country:uk/pcon:woking,ocd-division/country:gb/part:eng/region:ukj/ed:woking
ocd-division/country:uk/pcon:wokingham,ocd-division/country:gb/part:eng/region:ukj/ed:wokingham
ocd-division/country:uk/pcon:worthing_west,ocd-division/country:gb/part:eng/region:ukj/ed:worthing_west
ocd-division/country:uk/pcon:wycombe,ocd-division/country:gb/part:eng/region:ukj/ed:wycombe
ocd-division/country:uk/pcon:bath,ocd-division/country:gb/part:eng/region:ukk/ed:bath
ocd-division/country:uk/pcon:bournemouth_east,ocd-division/country:gb/part:eng/region:ukk/ed:bournemouth_east
ocd-division/country:uk/pcon:bournemouth_west,ocd-division/country:gb/part:eng/region:ukk/ed:bournemouth_west
ocd-division/country:uk/pcon:bridgwater_and_west_somerset,ocd-division/country:gb/part:eng/region:ukk/ed:bridgwater_and_west_somerset
ocd-division/country:uk/pcon:bristol_east,ocd-division/country:gb/part:eng/region:ukk/ed:bristol_east
ocd-division/country:uk/pcon:bristol_north_west,ocd-division/country:gb/part:eng/region:ukk/ed:bristol_north_west
ocd-division/country:uk/pcon:bristol_south,ocd-division/country:gb/part:eng/region:ukk/ed:bristol_south
ocd-division/country:uk/pcon:bristol_west,ocd-division/country:gb/part:eng/region:ukk/ed:bristol_west
ocd-division/country:uk/pcon:camborne_and_redruth,ocd-division/country:gb/part:eng/region:ukk/ed:camborne_and_redruth
ocd-division/country:uk/pcon:central_devon,ocd-division/country:gb/part:eng/region:ukk/ed:central_devon
ocd-division/country:uk/pcon:cheltenham,ocd-division/country:gb/part:eng/region:ukk/ed:cheltenham
ocd-division/country:uk/pcon:chippenham,ocd-division/country:gb/part:eng/region:ukk/ed:chippenham
ocd-division/country:uk/pcon:christchurch,ocd-division/country:gb/part:eng/region:ukk/ed:christchurch
ocd-division/country:uk/pcon:devizes,ocd-division/country:gb/part:eng/region:ukk/ed:devizes
ocd-division/country:uk/pcon:east_devon,ocd-division/country:gb/part:eng/region:ukk/ed:east_devon
ocd-division/country:uk/pcon:exeter,ocd-division/country:gb/part:eng/region:ukk/ed:exeter
ocd-division/country:uk/pcon:filton_and_bradley_stoke,ocd-division/country:gb/part:eng/region:ukk/ed:filton_and_bradley_stoke
ocd-division/country:uk/pcon:forest_of_dean,ocd-division/country:gb/part:eng/region:ukk/ed:forest_of_dean
ocd-division/country:uk/pcon:gloucester,ocd-division/country:gb/part:eng/region:ukk/ed:gloucester
ocd-division/country:uk/pcon:kingswood,ocd-division/country:gb/part:eng/region:ukk/ed:kingswood
ocd-division/country:uk/pcon:mid_dorset_and_north_poole,ocd-division/country:gb/part:eng/region:ukk/ed:mid_dorset_and_north_poole
ocd-division/country:uk/pcon:newton_abbot,ocd-division/country:gb/part:eng/region:ukk/ed:newton_abbot
ocd-division/country:uk/pcon:north_cornwall,ocd-division/country:gb/part:eng/region:ukk/ed:north_cornwall
ocd-division/country:uk/pcon:north_devon,ocd-division/country:gb/part:eng/region:ukk/ed:north_devon
ocd-division/country:uk/pcon:north_dorset,ocd-division/country:gb/part:eng/region:ukk/ed:north_dorset
ocd-division/country:uk/pcon:north_east_somerset,ocd-division/country:gb/part:eng/region:ukk/ed:north_east_somerset
ocd-division/country:uk/pcon:north_somerset,ocd-division/country:gb/part:eng/region:ukk/ed:north_somerset
ocd-division/country:uk/pcon:north_swindon,ocd-division/country:gb/part:eng/region:ukk/ed:north_swindon
ocd-division/country:uk/pcon:north_wiltshire,ocd-division/country:gb/part:eng/region:ukk/ed:north_wiltshire
ocd-division/country:uk/pcon:plymouth_moor_view,ocd-division/country:gb/part:eng/region:ukk/ed:plymouth_moor_view
ocd-division/country:uk/pcon:plymouth_sutton_and_devonport,ocd-division/country:gb/part:eng/region:ukk/ed:plymouth_sutton_and_devonport
ocd-division/country:uk/pcon:poole,ocd-division/country:gb/part:eng/region:ukk/ed:poole
ocd-division/country:uk/pcon:salisbury,ocd-division/country:gb/part:eng/region:ukk/ed:salisbury
ocd-division/country:uk/pcon:somerton_and_frome,ocd-division/country:gb/part:eng/region:ukk/ed:somerton_and_frome
ocd-division/country:uk/pcon:south_dorset,ocd-division/country:gb/part:eng/region:ukk/ed:south_dorset
ocd-division/country:uk/pcon:south_east_cornwall,ocd-division/country:gb/part:eng/region:ukk/ed:south_east_cornwall
ocd-division/country:uk/pcon:south_swindon,ocd-division/country:gb/part:eng/region:ukk/ed:south_swindon
ocd-division/country:uk/pcon:south_west_devon,ocd-division/country:gb/part:eng/region:ukk/ed:south_west_devon
ocd-division/country:uk/pcon:south_west_wiltshire,ocd-division/country:gb/part:eng/region:ukk/ed:south_west_wiltshire
ocd-division/country:uk/pcon:st_austell_and_newquay,ocd-division/country:gb/part:eng/region:ukk/ed:st_austell_and_newquay
ocd-division/country:uk/pcon:st_ives,ocd-division/country:gb/part:eng/region:ukk/ed:st_ives
ocd-division/country:uk/pcon:stroud,ocd-division/country:gb/part:eng/region:ukk/ed:stroud
ocd-division/country:uk/pcon:taunton_deane,ocd-division/country:gb/part:eng/region:ukk/ed:taunton_deane
ocd-division/country:uk/pcon:tewkesbury,ocd-division/country:gb/part:eng/region:ukk/ed:tewkesbury
ocd-division/country:uk/pcon:the_cotswolds,ocd-division/country:gb/part:eng/region:ukk/ed:the_cotswolds
ocd-division/country:uk/pcon:thornbury_and_yate,ocd-division/country:gb/part:eng/region:ukk/ed:thornbury_and_yate
ocd-division/country:uk/pcon:tiverton_and_honiton,ocd-division/country:gb/part:eng/region:ukk/ed:tiverton_and_honiton
ocd-division/country:uk/pcon:torbay,ocd-division/country:gb/part:eng/region:ukk/ed:torbay
ocd-division/country:uk/pcon:torridge_and_west_devon,ocd-division/country:gb/part:eng/region:ukk/ed:torridge_and_west_devon
ocd-division/country:uk/pcon:totnes,ocd-division/country:gb/part:eng/region:ukk/ed:totnes
ocd-division/country:uk/pcon:truro_and_falmouth,ocd-division/country:gb/part:eng/region:ukk/ed:truro_and_falmouth
ocd-division/country:uk/pcon:wells,ocd-division/country:gb/part:eng/region:ukk/ed:wells
ocd-division/country:uk/pcon:west_dorset,ocd-division/country:gb/part:eng/region:ukk/ed:west_dorset
ocd-division/country:uk/pcon:weston-super-mare,ocd-division/country:gb/part:eng/region:ukk/ed:weston-super-mare
ocd-division/country:uk/pcon:yeovil,ocd-division/country:gb/part:eng/region:ukk/ed:yeovil
ocd-division/country:uk/pcon:belfast_east,ocd-division/country:gb/part:nir/ed:belfast_east
ocd-division/country:uk/pcon:belfast_north,ocd-division/country:gb/part:nir/ed:belfast_north
ocd-division/country:uk/pcon:belfast_south,ocd-division/country:gb/part:nir/ed:belfast_south
ocd-division/country:uk/pcon:belfast_west,ocd-division/country:gb/part:nir/ed:belfast_west
ocd-division/country:uk/pcon:east_antrim,ocd-division/country:gb/part:nir/ed:east_antrim
ocd-division/country:uk/pcon:east_londonderry,ocd-division/country:gb/part:nir/ed:east_londonderry
ocd-division/country:uk/pcon:fermanagh_and_south_tyrone,ocd-division/country:gb/part:nir/ed:fermanagh_and_south_tyrone
ocd-division/country:uk/pcon:foyle,ocd-division/country:gb/part:nir/ed:foyle
ocd-division/country:uk/pcon:lagan_valley,ocd-division/country:gb/part:nir/ed:lagan_valley
ocd-division/country:uk/pcon:mid_ulster,ocd-division/country:gb/part:nir/ed:mid_ulster
ocd-division/country:uk/pcon:newry_and_armagh,ocd-division/country:gb/part:nir/ed:newry_and_armagh
ocd-division/country:uk/pcon:north_antrim,ocd-division/country:gb/part:nir/ed:north_antrim
ocd-division/country:uk/pcon:north_down,ocd-division/country:gb/part:nir/ed:north_down
ocd-division/country:uk/pcon:south_antrim,ocd-division/country:gb/part:nir/ed:south_antrim
ocd-division/country:uk/pcon:south_down,ocd-division/country:gb/part:nir/ed:south_down
ocd-division/country:uk/pcon:strangford,ocd-division/country:gb/part:nir/ed:strangford
ocd-division/country:uk/pcon:upper_bann,ocd-division/country:gb/part:nir/ed:upper_bann
ocd-division/country:uk/pcon:west_tyrone,ocd-division/country:gb/part:nir/ed:west_tyrone
ocd-division/country:uk/pcon:aberdeen_north,ocd-division/country:gb/part:sct/ed:aberdeen_north
ocd-division/country:uk/pcon:aberdeen_south,ocd-division/country:gb/part:sct/ed:aberdeen_south
ocd-division/country:uk/pcon:airdrie_and_shotts,ocd-division/country:gb/part:sct/ed:airdrie_and_shotts
ocd-division/country:uk/pcon:angus,ocd-division/country:gb/part:sct/ed:angus
ocd-division/country:uk/pcon:argyll_and_bute,ocd-division/country:gb/part:sct/ed:argyll_and_bute
ocd-division/country:uk/pcon:ayr_carrick_and_cumnock,ocd-division/country:gb/part:sct/ed:ayr_carrick_and_cumnock
ocd-division/country:uk/pcon:banff_and_buchan,ocd-division/country:gb/part:sct/ed:banff_and_buchan
ocd-division/country:uk/pcon:berwickshire_roxburgh_and_selkirk,ocd-division/country:gb/part:sct/ed:berwickshire_roxburgh_and_selkirk
ocd-division/country:uk/pcon:caithness_sutherland_and_easter_ross,ocd-division/country:gb/part:sct/ed:caithness_sutherland_and_easter_ross
ocd-division/country:uk/pcon:central_ayrshire,ocd-division/country:gb/part:sct/ed:central_ayrshire
ocd-division/country:uk/pcon:coatbridge_chryston_and_bellshill,ocd-division/country:gb/part:sct/ed:coatbridge_chryston_and_bellshill
ocd-division/country:uk/pcon:cumbernauld_kilsyth_and_kirkintilloch_east,ocd-division/country:gb/part:sct/ed:cumbernauld_kilsyth_and_kirkintilloch_east
ocd-division/country:uk/pcon:dumfries_and_galloway,ocd-division/country:gb/part:sct/ed:dumfries_and_galloway
ocd-division/country:uk/pcon:dumfriesshire_clydesdale_and_tweeddale,ocd-division/country:gb/part:sct/ed:dumfriesshire_clydesdale_and_tweeddale
ocd-division/country:uk/pcon:dundee_east,ocd-division/country:gb/part:sct/ed:dundee_east
ocd-division/country:uk/pcon:dundee_west,ocd-division/country:gb/part:sct/ed:dundee_west
ocd-division/country:uk/pcon:dunfermline_and_west_fife,ocd-division/country:gb/part:sct/ed:dunfermline_and_west_fife
ocd-division/country:uk/pcon:east_dunbartonshire,ocd-division/country:gb/part:sct/ed:east_dunbartonshire
ocd-division/country:uk/pcon:east_kilbride_strathaven_and_lesmahagow,ocd-division/country:gb/part:sct/ed:east_kilbride_strathaven_and_lesmahagow
ocd-division/country:uk/pcon:east_lothian,ocd-division/country:gb/part:sct/ed:east_lothian
ocd-division/country:uk/pcon:east_renfrewshire,ocd-division/country:gb/part:sct/ed:east_renfrewshire
ocd-division/country:uk/pcon:edinburgh_east,ocd-division/country:gb/part:sct/ed:edinburgh_east
ocd-division/country:uk/pcon:edinburgh_north_and_leith,ocd-division/country:gb/part:sct/ed:edinburgh_north_and_leith
ocd-division/country:uk/pcon:edinburgh_south,ocd-division/country:gb/part:sct/ed:edinburgh_south
ocd-division/country:uk/pcon:edinburgh_south_west,ocd-division/country:gb/part:sct/ed:edinburgh_south_west
ocd-division/country:uk/pcon:edinburgh_west,ocd-division/country:gb/part:sct/ed:edinburgh_west
ocd-division/country:uk/pcon:falkirk,ocd-division/country:gb/part:sct/ed:falkirk
ocd-division/country:uk/pcon:glasgow_central,ocd-division/country:gb/part:sct/ed:glasgow_central
ocd-division/country:uk/pcon:glasgow_east,ocd-division/country:gb/part:sct/ed:glasgow_east
ocd-division/country:uk/pcon:glasgow_north,ocd-division/country:gb/part:sct/ed:glasgow_north
ocd-division/country:uk/pcon:glasgow_north_east,ocd-division/country:gb/part:sct/ed:glasgow_north_east
ocd-division/country:uk/pcon:glasgow_north_west,ocd-division/country:gb/part:sct/ed:glasgow_north_west
ocd-division/country:uk/pcon:glasgow_south,ocd-division/country:gb/part:sct/ed:glasgow_south
ocd-division/country:uk/pcon:glasgow_south_west,ocd-division/country:gb/part:sct/ed:glasgow_south_west
ocd-division/country:uk/pcon:glenrothes,ocd-division/country:gb/part:sct/ed:glenrothes
ocd-division/country:uk/pcon:gordon,ocd-division/country:gb/part:sct/ed:gordon
ocd-division/country:uk/pcon:inverclyde,ocd-division/country:gb/part:sct/ed:inverclyde
ocd-division/country:uk/pcon:inverness_nairn_badenoch_and_strathspey,ocd-division/country:gb/part:sct/ed:inverness_nairn_badenoch_and_strathspey
ocd-division/country:uk/pcon:kilmarnock_and_loudoun,ocd-division/country:gb/part:sct/ed:kilmarnock_and_loudoun
ocd-division/country:uk/pcon:kirkcaldy_and_cowdenbeath,ocd-division/country:gb/part:sct/ed:kirkcaldy_and_cowdenbeath
ocd-division/country:uk/pcon:lanark_and_hamilton_east,ocd-division/country:gb/part:sct/ed:lanark_and_hamilton_east
ocd-division/country:uk/pcon:linlithgow_and_east_falkirk,ocd-division/country:gb/part:sct/ed:linlithgow_and_east_falkirk
ocd-division/country:uk/pcon:livingston,ocd-division/country:gb/part:sct/ed:livingston
ocd-division/country:uk/pcon:midlothian,ocd-division/country:gb/part:sct/ed:midlothian
ocd-division/country:uk/pcon:moray,ocd-division/country:gb/part:sct/ed:moray
ocd-division/country:uk/pcon:motherwell_and_wishaw,ocd-division/country:gb/part:sct/ed:motherwell_and_wishaw
ocd-division/country:uk/pcon:na_h-eileanan_an_iar,ocd-division/country:gb/part:sct/ed:na_h-eileanan_an_iar
ocd-division/country:uk/pcon:north_ayrshire_and_arran,ocd-division/country:gb/part:sct/ed:north_ayrshire_and_arran
ocd-division/country:uk/pcon:north_east_fife,ocd-division/country:gb/part:sct/ed:north_east_fife
ocd-division/country:uk/pcon:ochil_and_south_perthshire,ocd-division/country:gb/part:sct/ed:ochil_and_south_perthshire
ocd-division/country:uk/pcon:orkney_and_shetland,ocd-division/country:gb/part:sct/ed:orkney_and_shetland
ocd-division/country:uk/pcon:paisley_and_renfrewshire_north,ocd-division/country:gb/part:sct/ed:paisley_and_renfrewshire_north
ocd-division/country:uk/pcon:paisley_and_renfrewshire_south,ocd-division/country:gb/part:sct/ed:paisley_and_renfrewshire_south
ocd-division/country:uk/pcon:perth_and_north_perthshire,ocd-division/country:gb/part:sct/ed:perth_and_north_perthshire
ocd-division/country:uk/pcon:ross_skye_and_lochaber,ocd-division/country:gb/part:sct/ed:ross_skye_and_lochaber
ocd-division/country:uk/pcon:rutherglen_and_hamilton_west,ocd-division/country:gb/part:sct/ed:rutherglen_and_hamilton_west
ocd-division/country:uk/pcon:stirling,ocd-division/country:gb/part:sct/ed:stirling
ocd-division/country:uk/pcon:west_aberdeenshire_and_kincardine,ocd-division/country:gb/part:sct/ed:west_aberdeenshire_and_kincardine
ocd-division/country:uk/pcon:west_dunbartonshire,ocd-division/country:gb/part:sct/ed:west_dunbartonshire
ocd-division/country:uk/pcon:aberavon,ocd-division/country:gb/part:wls/ed:aberavon
ocd-division/country:uk/pcon:aberconwy,ocd-division/country:gb/part:wls/ed:aberconwy
ocd-division/country:uk/pcon:alyn_and_deeside,ocd-division/country:gb/part:wls/ed:alyn_and_deeside
ocd-division/country:uk/pcon:arfon,ocd-division/country:gb/part:wls/ed:arfon
ocd-division/country:uk/pcon:blaenau_gwent,ocd-division/country:gb/part:wls/ed:blaenau_gwent
ocd-division/country:uk/pcon:brecon_and_radnorshire,ocd-division/country:gb/part:wls/ed:brecon_and_radnorshire
ocd-division/country:uk/pcon:bridgend,ocd-division/country:gb/part:wls/ed:bridgend
ocd-division/country:uk/pcon:caerphilly,ocd-division/country:gb/part:wls/ed:caerphilly
ocd-division/country:uk/pcon:cardiff_central,ocd-division/country:gb/part:wls/ed:cardiff_central
ocd-division/country:uk/pcon:cardiff_north,ocd-division/country:gb/part:wls/ed:cardiff_north
ocd-division/country:uk/pcon:cardiff_south_and_penarth,ocd-division/country:gb/part:wls/ed:cardiff_south_and_penarth
ocd-division/country:uk/pcon:cardiff_west,ocd-division/country:gb/part:wls/ed:cardiff_west
ocd-division/country:uk/pcon:carmarthen_east_and_dinefwr,ocd-division/country:gb/part:wls/ed:carmarthen_east_and_dinefwr
ocd-division/country:uk/pcon:carmarthen_west_and_south_pembrokeshire,ocd-division/country:gb/part:wls/ed:carmarthen_west_and_south_pembrokeshire
ocd-division/country:uk/pcon:ceredigion,ocd-division/country:gb/part:wls/ed:ceredigion
ocd-division/country:uk/pcon:clwyd_south,ocd-division/country:gb/part:wls/ed:clwyd_south
ocd-division/country:uk/pcon:clwyd_west,ocd-division/country:gb/part:wls/ed:clwyd_west
ocd-division/country:uk/pcon:cynon_valley,ocd-division/country:gb/part:wls/ed:cynon_valley
ocd-division/country:uk/pcon:delyn,ocd-division/country:gb/part:wls/ed:delyn
ocd-division/country:uk/pcon:dwyfor_meirionnydd,ocd-division/country:gb/part:wls/ed:dwyfor_meirionnydd
ocd-division/country:uk/pcon:gower,ocd-division/country:gb/part:wls/ed:gower
ocd-division/country:uk/pcon:islwyn,ocd-division/country:gb/part:wls/ed:islwyn
ocd-division/country:uk/pcon:llanelli,ocd-division/country:gb/part:wls/ed:llanelli
ocd-division/country:uk/pcon:merthyr_tydfil_and_rhymney,ocd-division/country:gb/part:wls/ed:merthyr_tydfil_and_rhymney
ocd-division/country:uk/pcon:monmouth,ocd-division/country:gb/part:wls/ed:monmouth
ocd-division/country:uk/pcon:montgomeryshire,ocd-division/country:gb/part:wls/ed:montgomeryshire
ocd-division/country:uk/pcon:neath,ocd-division/country:gb/part:wls/ed:neath
ocd-division/country:uk/pcon:newport_east,ocd-division/country:gb/part:wls/ed:newport_east
ocd-division/country:uk/pcon:newport_west,ocd-division/country:gb/part:wls/ed:newport_west
ocd-division/country:uk/pcon:ogmore,ocd-division/country:gb/part:wls/ed:ogmore
ocd-division/country:uk/pcon:pontypridd,ocd-division/country:gb/part:wls/ed:pontypridd
ocd-division/country:uk/pcon:preseli_pembrokeshire,ocd-division/country:gb/part:wls/ed:preseli_pembrokeshire
ocd-division/country:uk/pcon:rhondda,ocd-division/country:gb/part:wls/ed:rhondda
ocd-division/country:uk/pcon:swansea_east,ocd-division/country:gb/part:wls/ed:swansea_east
ocd-division/country:uk/pcon:swansea_west,ocd-division/country:gb/part:wls/ed:swansea_west
ocd-division/country:uk/pcon:torfaen,ocd-division/country:gb/part:wls/ed:torfaen
ocd-division/country:uk/pcon:vale_of_clwyd,ocd-division/country:gb/part:wls/ed:vale_of_clwyd
ocd-division/country:uk/pcon:vale_of_glamorgan,ocd-division/country:gb/part:wls/ed:vale_of_glamorgan
ocd-division/country:uk/pcon:wrexham,ocd-division/country:gb/part:wls/ed:wrexham
ocd-division/country:uk/pcon:ynys_mon,ocd-division/country:gb/part:wls/ed:ynys_mn
