id,name
ocd-division/country:in/state:ap/special:graduate,Graduate
ocd-division/country:in/state:ap/special:graduate/ed:east_godavari_west_godavari,East Godavari-West Godavari
ocd-division/country:in/state:ap/special:graduate/ed:krishna_guntur,Krishna-Guntur
ocd-division/country:in/state:ap/special:graduate/ed:kurnool_kadapa_anantapur,Kurnool-Kadapa-Anantapur
ocd-division/country:in/state:ap/special:graduate/ed:prakasam_nellore_chittoor,Prakasam-Nellore-Chittoor
ocd-division/country:in/state:ap/special:graduate/ed:vishakapatnam_vizianagaram_srikakulam,Vishakapatnam-Vizianagaram-Srikakulam
ocd-division/country:in/state:ap/special:local_authority,Local body
ocd-division/country:in/state:ap/special:local_authority/ed:anantapur,Anantapur
ocd-division/country:in/state:ap/special:local_authority/ed:chittoor,Chittoor
ocd-division/country:in/state:ap/special:local_authority/ed:east_godavari,East Godavari
ocd-division/country:in/state:ap/special:local_authority/ed:guntur,Guntur
ocd-division/country:in/state:ap/special:local_authority/ed:kadapa,Kadapa
ocd-division/country:in/state:ap/special:local_authority/ed:kurnool,Kurnool
ocd-division/country:in/state:ap/special:local_authority/ed:nellore,Nellore
ocd-division/country:in/state:ap/special:local_authority/ed:prakasam,Prakasam
ocd-division/country:in/state:ap/special:local_authority/ed:srikakulam,Srikakulam
ocd-division/country:in/state:ap/special:local_authority/ed:vishakapatnam,Vishakapatnam
ocd-division/country:in/state:ap/special:local_authority/ed:vizianagaram,Vizianagaram
ocd-division/country:in/state:ap/special:local_authority/ed:west_godavari,West Godavari
ocd-division/country:in/state:ap/special:teacher,Teacher
ocd-division/country:in/state:ap/special:teacher/ed:anantapur_kadapa_kurnool,Anantapur-Kadapa-Kurnool
ocd-division/country:in/state:ap/special:teacher/ed:chittoor_nellore_prakasam,Chittoor-Nellore-Prakasam
ocd-division/country:in/state:ap/special:teacher/ed:east_godavari_west_godavari,East Godavari-West Godavari
ocd-division/country:in/state:ap/special:teacher/ed:guntur_krishna,Guntur-Krishna
ocd-division/country:in/state:ap/special:teacher/ed:srikakulam_vizianagaram_vishakapatnam,Srikakulam-Vizianagaram-Vishakapatnam
ocd-division/country:in/state:br/special:graduate,Graduate
ocd-division/country:in/state:br/special:graduate/ed:darbhanga,Darbhanga
ocd-division/country:in/state:br/special:graduate/ed:gaya,Gaya
ocd-division/country:in/state:br/special:graduate/ed:koshi,Koshi
ocd-division/country:in/state:br/special:graduate/ed:patna,Patna
ocd-division/country:in/state:br/special:graduate/ed:saran,Saran
ocd-division/country:in/state:br/special:graduate/ed:tirhut,Tirhut
ocd-division/country:in/state:br/special:local_body,Local body
ocd-division/country:in/state:br/special:local_body/ed:aurangabad,Aurangabad
ocd-division/country:in/state:br/special:local_body/ed:begusarai_khagaria,Begusarai-Khagaria
ocd-division/country:in/state:br/special:local_body/ed:bhagalpur_banka,Bhagalpur-Banka
ocd-division/country:in/state:br/special:local_body/ed:bhojpur_buxer,Bhojpur-Buxer
ocd-division/country:in/state:br/special:local_body/ed:darbhanga,Darbhanga
ocd-division/country:in/state:br/special:local_body/ed:east_champaran,East Champaran
ocd-division/country:in/state:br/special:local_body/ed:gaya_jehanabad_arwal,Gaya-Jehanabad-Arwal
ocd-division/country:in/state:br/special:local_body/ed:gopalganj,Gopalganj
ocd-division/country:in/state:br/special:local_body/ed:katihar,Katihar
ocd-division/country:in/state:br/special:local_body/ed:madhubani,Madhubani
ocd-division/country:in/state:br/special:local_body/ed:munger_jamui_lakhisarai_shekhpura,Munger-Jamui Lakhisarai-Shekhpura
ocd-division/country:in/state:br/special:local_body/ed:muzaffarpur,Muzaffarpur
ocd-division/country:in/state:br/special:local_body/ed:nalanda,Nalanda
ocd-division/country:in/state:br/special:local_body/ed:nawada,Nawada
ocd-division/country:in/state:br/special:local_body/ed:patna,Patna
ocd-division/country:in/state:br/special:local_body/ed:purnia_araria_kishanganj,Purnia-Araria-Kishanganj
ocd-division/country:in/state:br/special:local_body/ed:rohtas_kaimur,Rohtas-Kaimur
ocd-division/country:in/state:br/special:local_body/ed:saharsa_madhepura_supaul,Saharsa-Madhepura-Supaul
ocd-division/country:in/state:br/special:local_body/ed:samastipur,Samastipur
ocd-division/country:in/state:br/special:local_body/ed:saran,Saran
ocd-division/country:in/state:br/special:local_body/ed:sitamarhi_sheohar,Sitamarhi-Sheohar
ocd-division/country:in/state:br/special:local_body/ed:siwan,Siwan
ocd-division/country:in/state:br/special:local_body/ed:vaishali,Vaishali
ocd-division/country:in/state:br/special:local_body/ed:west_champaran,West Champaran
ocd-division/country:in/state:br/special:teacher,Teacher
ocd-division/country:in/state:br/special:teacher/ed:darbhanga,Darbhanga
ocd-division/country:in/state:br/special:teacher/ed:gaya,Gaya
ocd-division/country:in/state:br/special:teacher/ed:koshi,Koshi
ocd-division/country:in/state:br/special:teacher/ed:patna,Patna
ocd-division/country:in/state:br/special:teacher/ed:saran,Saran
ocd-division/country:in/state:br/special:teacher/ed:tirhut,Tirhut
ocd-division/country:in/state:ka/special:graduate,Graduate
ocd-division/country:in/state:ka/special:graduate/ed:bangalore,Bangalore
ocd-division/country:in/state:ka/special:graduate/ed:karnataka_north_east,Karnataka North-East
ocd-division/country:in/state:ka/special:graduate/ed:karnataka_north_west,Karnataka North-West
ocd-division/country:in/state:ka/special:graduate/ed:karnataka_south,Karnataka South
ocd-division/country:in/state:ka/special:graduate/ed:karnataka_south_east,Karnataka South-East
ocd-division/country:in/state:ka/special:graduate/ed:karnataka_south_west,Karnataka South-West
ocd-division/country:in/state:ka/special:graduate/ed:karnataka_west,Karnataka West
ocd-division/country:in/state:ka/special:local_authority,Local body
ocd-division/country:in/state:ka/special:local_authority/ed:bangalore,Bangalore
ocd-division/country:in/state:ka/special:local_authority/ed:bangalore_rural,Bangalore Rural
ocd-division/country:in/state:ka/special:local_authority/ed:belgaum,Belgaum
ocd-division/country:in/state:ka/special:local_authority/ed:bellary,Bellary
ocd-division/country:in/state:ka/special:local_authority/ed:bidar,Bidar
ocd-division/country:in/state:ka/special:local_authority/ed:bijapur,Bijapur
ocd-division/country:in/state:ka/special:local_authority/ed:bijapur,Bijapur
ocd-division/country:in/state:ka/special:local_authority/ed:chickmagaluru,Chickmagaluru
ocd-division/country:in/state:ka/special:local_authority/ed:chitradurga,Chitradurga
ocd-division/country:in/state:ka/special:local_authority/ed:dakshina_kannada,Dakshina Kannada
ocd-division/country:in/state:ka/special:local_authority/ed:dharwad,Dharwad
ocd-division/country:in/state:ka/special:local_authority/ed:gulbarga,Gulbarga
ocd-division/country:in/state:ka/special:local_authority/ed:hassan,Hassan
ocd-division/country:in/state:ka/special:local_authority/ed:kodagu,Kodagu
ocd-division/country:in/state:ka/special:local_authority/ed:kolar,Kolar
ocd-division/country:in/state:ka/special:local_authority/ed:mandya,Mandya
ocd-division/country:in/state:ka/special:local_authority/ed:mysore,Mysore
ocd-division/country:in/state:ka/special:local_authority/ed:raichur,Raichur
ocd-division/country:in/state:ka/special:local_authority/ed:shimoga,Shimoga
ocd-division/country:in/state:ka/special:local_authority/ed:tumkur,Tumkur
ocd-division/country:in/state:ka/special:local_authority/ed:uttara_kannada,Uttara Kannada
ocd-division/country:in/state:ka/special:teacher,Teacher
ocd-division/country:in/state:ka/special:teacher/ed:bangalore,Bangalore
ocd-division/country:in/state:ka/special:teacher/ed:karnataka_north_east,Karnataka North-East
ocd-division/country:in/state:ka/special:teacher/ed:karnataka_north_west,Karnataka North-West
ocd-division/country:in/state:ka/special:teacher/ed:karnataka_south,Karnataka South
ocd-division/country:in/state:ka/special:teacher/ed:karnataka_south_east,Karnataka South-East
ocd-division/country:in/state:ka/special:teacher/ed:karnataka_south_west,Karnataka South-West
ocd-division/country:in/state:ka/special:teacher/ed:karnataka_west,Karnataka West
ocd-division/country:in/state:mh/special:graduate,Graduate
ocd-division/country:in/state:mh/special:graduate/ed:amravati,Amravati
ocd-division/country:in/state:mh/special:graduate/ed:aurangabad,Aurangabad
ocd-division/country:in/state:mh/special:graduate/ed:konkan,Konkan
ocd-division/country:in/state:mh/special:graduate/ed:mumbai,Mumbai
ocd-division/country:in/state:mh/special:graduate/ed:nagpur,Nagpur
ocd-division/country:in/state:mh/special:graduate/ed:nashik,Nashik
ocd-division/country:in/state:mh/special:graduate/ed:pune,Pune
ocd-division/country:in/state:mh/special:local_authority,Local body
ocd-division/country:in/state:mh/special:local_authority/ed:ahmednagar,Ahmednagar
ocd-division/country:in/state:mh/special:local_authority/ed:akola_buldhana_washim,Akola-Buldhana-Washim
ocd-division/country:in/state:mh/special:local_authority/ed:amravati,Amravati
ocd-division/country:in/state:mh/special:local_authority/ed:aurangabad_jalna,Aurangabad-Jalna
ocd-division/country:in/state:mh/special:local_authority/ed:bhandara,Bhandara
ocd-division/country:in/state:mh/special:local_authority/ed:dhule_nandurbar,Dhule-Nandurbar
ocd-division/country:in/state:mh/special:local_authority/ed:jalgaon,Jalgaon
ocd-division/country:in/state:mh/special:local_authority/ed:kolhapur,Kolhapur
ocd-division/country:in/state:mh/special:local_authority/ed:mumbai,Mumbai
ocd-division/country:in/state:mh/special:local_authority/ed:nagpur,Nagpur
ocd-division/country:in/state:mh/special:local_authority/ed:nanded,Nanded
ocd-division/country:in/state:mh/special:local_authority/ed:nashik,Nashik
ocd-division/country:in/state:mh/special:local_authority/ed:osmanabad_beed_latur,Osmanabad-Beed-Latur
ocd-division/country:in/state:mh/special:local_authority/ed:parbhani,Parbhani
ocd-division/country:in/state:mh/special:local_authority/ed:pune,Pune
ocd-division/country:in/state:mh/special:local_authority/ed:raigad_ratnagiri_sindhudurg,Raigad-Ratnagiri-Sindhudurg
ocd-division/country:in/state:mh/special:local_authority/ed:sangli_satara,Sangli-Satara
ocd-division/country:in/state:mh/special:local_authority/ed:solapur,Solapur
ocd-division/country:in/state:mh/special:local_authority/ed:thane,Thane
ocd-division/country:in/state:mh/special:local_authority/ed:wardha_chandrpur_gadchiroli,Wardha-Chandrpur-Gadchiroli
ocd-division/country:in/state:mh/special:local_authority/ed:yavatmal,Yavatmal
ocd-division/country:in/state:mh/special:teacher,Teacher
ocd-division/country:in/state:mh/special:teacher/ed:amravati,Amravati
ocd-division/country:in/state:mh/special:teacher/ed:aurangabad,Aurangabad
ocd-division/country:in/state:mh/special:teacher/ed:konkan,Konkan
ocd-division/country:in/state:mh/special:teacher/ed:mumbai,Mumbai
ocd-division/country:in/state:mh/special:teacher/ed:nagpur,Nagpur
ocd-division/country:in/state:mh/special:teacher/ed:nashik,Nashik
ocd-division/country:in/state:mh/special:teacher/ed:pune,Pune
ocd-division/country:in/state:tg/special:graduate,Graduate
ocd-division/country:in/state:tg/special:graduate/ed:karimnagar_medak_nizamabad_adilabad,Karimnagar-Medak-Nizamabad-Adilabad
ocd-division/country:in/state:tg/special:graduate/ed:mahabubnagar_ranga_reddy_hyderabad,Mahabubnagar-Ranga Reddy-Hyderabad
ocd-division/country:in/state:tg/special:graduate/ed:warangal_khammam_nalgonda,Warangal-Khammam-Nalgonda
ocd-division/country:in/state:tg/special:local_authority,Local body
ocd-division/country:in/state:tg/special:local_authority/ed:adilabad,Adilabad
ocd-division/country:in/state:tg/special:local_authority/ed:hyderabad,Hyderabad
ocd-division/country:in/state:tg/special:local_authority/ed:karimnagar,Karimnagar
ocd-division/country:in/state:tg/special:local_authority/ed:khammam,Khammam
ocd-division/country:in/state:tg/special:local_authority/ed:mahabubnagar,Mahabubnagar
ocd-division/country:in/state:tg/special:local_authority/ed:medak,Medak
ocd-division/country:in/state:tg/special:local_authority/ed:nalgonda,Nalgonda
ocd-division/country:in/state:tg/special:local_authority/ed:nizamabad,Nizamabad
ocd-division/country:in/state:tg/special:local_authority/ed:rangareddy,Rangareddy
ocd-division/country:in/state:tg/special:local_authority/ed:warangal,Warangal
ocd-division/country:in/state:tg/special:teacher,Teacher
ocd-division/country:in/state:tg/special:teacher/ed:hyderabad_ranga_reddy_mahabubnagar,Hyderabad-Ranga Reddy-Mahabubnagar
ocd-division/country:in/state:tg/special:teacher/ed:karimnagar_medak_adilabad,Karimnagar-Medak-Adilabad
ocd-division/country:in/state:tg/special:teacher/ed:warangal_khammam_nalgonda,Warangal-Khammam-Nalgonda
ocd-division/country:in/state:up/special:graduate,Graduate
ocd-division/country:in/state:up/special:graduate/ed:agra,Agra
ocd-division/country:in/state:up/special:graduate/ed:allahabad_jhansi,Allahabad-Jhansi
ocd-division/country:in/state:up/special:graduate/ed:bareilly_moradabad_block,Bareilly - Moradabad Block
ocd-division/country:in/state:up/special:graduate/ed:gorakhpur_faizabad,Gorakhpur - Faizabad
ocd-division/country:in/state:up/special:graduate/ed:kanpur_division,Kanpur Division
ocd-division/country:in/state:up/special:graduate/ed:lucknow,Lucknow
ocd-division/country:in/state:up/special:graduate/ed:meerut_division,Meerut Division
ocd-division/country:in/state:up/special:graduate/ed:varanasi,Varanasi
ocd-division/country:in/state:up/special:local_authority,Local body
ocd-division/country:in/state:up/special:local_authority/ed:agra_firozabad,Agra - Firozabad
ocd-division/country:in/state:up/special:local_authority/ed:aligarh,Aligarh
ocd-division/country:in/state:up/special:local_authority/ed:allahabad_kaushambi,Allahabad-Kaushambi
ocd-division/country:in/state:up/special:local_authority/ed:azamgarh_mau,Azamgarh-Mau
ocd-division/country:in/state:up/special:local_authority/ed:badaun,Badaun
ocd-division/country:in/state:up/special:local_authority/ed:bahraich,Bahraich
ocd-division/country:in/state:up/special:local_authority/ed:ballia,Ballia
ocd-division/country:in/state:up/special:local_authority/ed:banda_hamirpur,Banda-Hamirpur
ocd-division/country:in/state:up/special:local_authority/ed:barabanki,Barabanki
ocd-division/country:in/state:up/special:local_authority/ed:basti_siddharthnagar,Basti-Siddharthnagar
ocd-division/country:in/state:up/special:local_authority/ed:bulandshahr,Bulandshahr
ocd-division/country:in/state:up/special:local_authority/ed:deoria_kushinagar,Deoria-Kushinagar
ocd-division/country:in/state:up/special:local_authority/ed:etawah_farrukhabad,Etawah-Farrukhabad
ocd-division/country:in/state:up/special:local_authority/ed:faizabad,Faizabad
ocd-division/country:in/state:up/special:local_authority/ed:ghazipur,Ghazipur
ocd-division/country:in/state:up/special:local_authority/ed:goonda,Goonda
ocd-division/country:in/state:up/special:local_authority/ed:gorakhpur_maharajganj,Gorakhpur-Maharajganj
ocd-division/country:in/state:up/special:local_authority/ed:hardoi,Hardoi
ocd-division/country:in/state:up/special:local_authority/ed:jaunpur,Jaunpur
ocd-division/country:in/state:up/special:local_authority/ed:jhansi_jalaun_lalitpur,Jhansi-Jalaun-Lalitpur
ocd-division/country:in/state:up/special:local_authority/ed:kanpur_fatehpur,Kanpur-Fatehpur
ocd-division/country:in/state:up/special:local_authority/ed:lakhimpur_kheri,Lakhimpur Kheri
ocd-division/country:in/state:up/special:local_authority/ed:lucknow_unnao,Lucknow-Unnao
ocd-division/country:in/state:up/special:local_authority/ed:mathura_etah_mainpuri,Mathura-Etah-Mainpuri
ocd-division/country:in/state:up/special:local_authority/ed:mathura_etah_mainpuri,Mathura-Etah-Mainpuri
ocd-division/country:in/state:up/special:local_authority/ed:meerut_ghaziabad,Meerut-Ghaziabad
ocd-division/country:in/state:up/special:local_authority/ed:mirjapur_sonbhadra,Mirjapur-Sonbhadra
ocd-division/country:in/state:up/special:local_authority/ed:moradabad_bijnor,Moradabad-Bijnor
ocd-division/country:in/state:up/special:local_authority/ed:muzaffarnagar_saharanpur,Muzaffarnagar-Saharanpur
ocd-division/country:in/state:up/special:local_authority/ed:pilibhit_shahjahanpur,Pilibhit-Shahjahanpur
ocd-division/country:in/state:up/special:local_authority/ed:pratapgarh,Pratapgarh
ocd-division/country:in/state:up/special:local_authority/ed:rae_bareli,Rae Bareli
ocd-division/country:in/state:up/special:local_authority/ed:rampur_bareilly,Rampur-Bareilly
ocd-division/country:in/state:up/special:local_authority/ed:sitapur,Sitapur
ocd-division/country:in/state:up/special:local_authority/ed:sultanpur,Sultanpur
ocd-division/country:in/state:up/special:local_authority/ed:varanasi,Varanasi
ocd-division/country:in/state:up/special:teacher,Teacher
ocd-division/country:in/state:up/special:teacher/ed:agra,Agra
ocd-division/country:in/state:up/special:teacher/ed:allahabad_jhansi_block,Allahabad - Jhansi Block
ocd-division/country:in/state:up/special:teacher/ed:bareilly_moradabad,Bareilly-Moradabad
ocd-division/country:in/state:up/special:teacher/ed:gorakhpur_faizabad,Gorakhpur-Faizabad
ocd-division/country:in/state:up/special:teacher/ed:kanpur_block,Kanpur Block
ocd-division/country:in/state:up/special:teacher/ed:lucknow,Lucknow
ocd-division/country:in/state:up/special:teacher/ed:meerut,Meerut
ocd-division/country:in/state:up/special:teacher/ed:varanasi,Varanasi