id,sameAs,sameAsNote
ocd-division/country:us/state:ak/place:anchorage,ocd-division/country:us/state:ak/borough:anchorage,City-borough of Anchorage AK -- coterminous and colosidated gov
ocd-division/country:us/state:ak/place:juneau,ocd-division/country:us/state:ak/borough:juneau,City-borough of Juneau AK -- coterminous and colosidated gov
ocd-division/country:us/state:ak/place:sitka,ocd-division/country:us/state:ak/borough:sitka,City-borough of Sitka AK -- coterminous and colosidated gov
ocd-division/country:us/state:ak/place:wrangell,ocd-division/country:us/state:ak/borough:wrangell,City-borough of Wrangell AK -- coterminous and colosidated gov
ocd-division/country:us/state:ca/place:san_francisco,ocd-division/country:us/state:ca/county:san_francisco,City-county of San Francisco CA -- coterminous and colosidated gov
ocd-division/country:us/state:co/place:broomfield,ocd-division/country:us/state:co/county:broomfield,City-county of Broomfield CO -- coterminous and colosidated gov
ocd-division/country:us/state:co/place:denver,ocd-division/country:us/state:co/county:denver,City-county of Denver CO -- coterminous and colosidated gov
ocd-division/country:us/state:ky/place:lexington,ocd-division/country:us/state:ky/county:fayette,Lexington-Fayette KY city-county -- coterminous and colosidated gov
ocd-division/country:us/state:la/place:new_orleans,ocd-division/country:us/state:la/parish:orleans,(New) Orleans city-parish -- coterminous and colosidated gov
ocd-division/country:us/state:ma/place:nantucket,ocd-division/country:us/state:ma/county:nantucket,Nantucket MA town-county -- coterminous and colosidated gov
ocd-division/country:us/state:mt/place:anaconda,ocd-division/country:us/state:mt/county:deer_lodge,Anaconda-Deer Lodge city-county -- coterminous and colosidated gov
ocd-division/country:us/state:ga/place:columbus,ocd-division/country:us/state:ga/county:muscogee,Columbus-Muscogee GA city-county -- coterminous and colosidated gov
ocd-division/country:us/state:tn/place:lynchburg,ocd-division/country:us/state:tn/county:moore,Lynchburg-Moore city-county -- coterminous and colosidated gov
ocd-division/country:us/state:va/county:alexandria,ocd-division/country:us/state:va/place:alexandria,Alexandria VA -- indepdent city: not a county
ocd-division/country:us/state:va/county:bedford_city,ocd-division/country:us/state:va/place:bedford,Bedford VA -- indepdent city: not a county
ocd-division/country:us/state:va/county:bristol,ocd-division/country:us/state:va/place:bristol,Bristol VA -- indepdent city: not a county
ocd-division/country:us/state:va/county:buena_vista,ocd-division/country:us/state:va/place:buena_vista,Buena Vista VA -- indepdent city: not a county
ocd-division/country:us/state:va/county:charlottesville,ocd-division/country:us/state:va/place:charlottesville,Charlottesvill VA -- indepdent city: not a county
ocd-division/country:us/state:va/county:chesapeake,ocd-division/country:us/state:va/place:chesapeake,Chesapeake VA -- indepdent city: not a county
ocd-division/country:us/state:va/county:colonial_heights,ocd-division/country:us/state:va/place:colonial_heights,Colonial Heights VA -- indepdent city: not a county
ocd-division/country:us/state:va/county:covington,ocd-division/country:us/state:va/place:covington,Covington VA -- indepdent city: not a county
ocd-division/country:us/state:va/county:danville,ocd-division/country:us/state:va/place:danville,Danville VA -- indepdent city: not a county
ocd-division/country:us/state:va/county:emporia,ocd-division/country:us/state:va/place:emporia,Emporia VA -- indepdent city: not a county
ocd-division/country:us/state:va/county:fairfax_city,ocd-division/country:us/state:va/place:fairfax,Fairfax VA -- indepdent city: not a county
ocd-division/country:us/state:va/county:falls_church,ocd-division/country:us/state:va/place:falls_church,Falls Church VA -- indepdent city: not a county
ocd-division/country:us/state:va/county:franklin_city,ocd-division/country:us/state:va/place:franklin,Franklin VA -- indepdent city: not a county
ocd-division/country:us/state:va/county:fredericksburg,ocd-division/country:us/state:va/place:fredericksburg,Fredericksburg VA -- indepdent city: not a county
ocd-division/country:us/state:va/county:galax,ocd-division/country:us/state:va/place:galax,Galax VA -- indepdent city: not a county
ocd-division/country:us/state:va/county:hampton,ocd-division/country:us/state:va/place:hampton,Hampton VA -- indepdent city: not a county
ocd-division/country:us/state:va/county:harrisonburg,ocd-division/country:us/state:va/place:harrisonburg,Harrisonburg VA -- indepdent city: not a county
ocd-division/country:us/state:va/county:hopewell,ocd-division/country:us/state:va/place:hopewell,Hopewell VA -- indepdent city: not a county
ocd-division/country:us/state:va/county:lexington,ocd-division/country:us/state:va/place:lexington,Lexington VA -- indepdent city: not a county
ocd-division/country:us/state:va/county:lynchburg,ocd-division/country:us/state:va/place:lynchburg,Lynchburg VA -- indepdent city: not a county
ocd-division/country:us/state:va/county:manassas,ocd-division/country:us/state:va/place:manassas,Manassas VA -- indepdent city: not a county
ocd-division/country:us/state:va/county:manassas_park,ocd-division/country:us/state:va/place:manassas_park,Manassas Park VA -- indepdent city: not a county
ocd-division/country:us/state:va/county:martinsville,ocd-division/country:us/state:va/place:martinsville,Martinsville VA -- indepdent city: not a county
ocd-division/country:us/state:va/county:newport_news,ocd-division/country:us/state:va/place:newport_news,Newport News VA -- indepdent city: not a county
ocd-division/country:us/state:va/county:norfolk,ocd-division/country:us/state:va/place:norfolk,Norfolk VA -- indepdent city: not a county
ocd-division/country:us/state:va/county:norton,ocd-division/country:us/state:va/place:norton,Norton VA -- indepdent city: not a county
ocd-division/country:us/state:va/county:petersburg,ocd-division/country:us/state:va/place:petersburg,Petersburg VA -- indepdent city: not a county
ocd-division/country:us/state:va/county:poquoson,ocd-division/country:us/state:va/place:poquoson,Poquoson VA -- indepdent city: not a county
ocd-division/country:us/state:va/county:portsmouth,ocd-division/country:us/state:va/place:portsmouth,Portsmouth VA -- indepdent city: not a county
ocd-division/country:us/state:va/county:radford,ocd-division/country:us/state:va/place:radford,Radford VA -- indepdent city: not a county
ocd-division/country:us/state:va/county:richmond_city,ocd-division/country:us/state:va/place:richmond,Richmond VA -- indepdent city: not a county
ocd-division/country:us/state:va/county:roanoke_city,ocd-division/country:us/state:va/place:roanoke,Roanoke VA -- indepdent city: not a county
ocd-division/country:us/state:va/county:salem,ocd-division/country:us/state:va/place:salem,Salem VA -- indepdent city: not a county
ocd-division/country:us/state:va/county:staunton,ocd-division/country:us/state:va/place:staunton,Staunton VA -- indepdent city: not a county
ocd-division/country:us/state:va/county:suffolk,ocd-division/country:us/state:va/place:suffolk,Suffolk VA -- indepdent city: not a county
ocd-division/country:us/state:va/county:virginia_beach,ocd-division/country:us/state:va/place:virginia_beach,Virginia Beach VA -- indepdent city: not a county
ocd-division/country:us/state:va/county:waynesboro,ocd-division/country:us/state:va/place:waynesboro,Waynesboro VA -- indepdent city: not a county
ocd-division/country:us/state:va/county:williamsburg,ocd-division/country:us/state:va/place:williamsburg,Williamsburg VA -- indepdent city: not a county
ocd-division/country:us/state:va/county:winchester,ocd-division/country:us/state:va/place:winchester,Winchester VA -- indepdent city: not a county
ocd-division/country:us/state:md/county:baltimore_city,ocd-division/country:us/state:md/place:baltimore,Baltimore MD -- indepdent city: not a county
ocd-division/country:us/state:nv/county:carson_city,ocd-division/country:us/state:nv/place:carson_city,Carson City NV -- indepdent city: not a county
ocd-division/country:us/state:mo/county:st_louis_city,ocd-division/country:us/state:mo/place:st_louis,St Louis (City) MO is an independent city: not a county; do not confuse with St Louis County
ocd-division/country:us/state:mo/county:st_louis_county,ocd-division/country:us/state:mo/county:st_louis,St Louis (County) MO is not to be confused with St Louis (city)
ocd-division/country:us/state:hi/place:honolulu,ocd-division/country:us/state:hi/county:honolulu,Honolulu HI city-county -- census does not recognize city
ocd-division/country:us/state:ca/place:angels_camp,ocd-division/country:us/state:ca/place:angels,Angels Camp CA -- census considers Camp to be suffix
ocd-division/country:us/state:al/place:mountainboro,ocd-division/country:us/state:al/place:boaz,Mountainboro AL is a neighborhood only -- used to be separate -- now consolidated with Boaz
ocd-division/country:us/state:fl/place:grant,ocd-division/country:us/state:fl/place:grant-valkaria,Grant FL is now part of Grant-Valkaria FL
ocd-division/country:us/state:fl/place:valkaria,ocd-division/country:us/state:fl/place:grant-valkaria,Valkaria FL is now part of Grant-Valkaria FL
ocd-division/country:us/state:ga/county:chattahoochee_hill_country,ocd-division/country:us/state:ga/place:chattahoochee_hills,The official name is Chattahoochee Hills GA
ocd-division/country:us/state:mi/place:grosse_pointe_shores,ocd-division/country:us/state:mi/place:village_of_grosse_pointe_shores, The official name is Village of Grosse Point Shores MI
ocd-division/country:us/state:mn/place:elko,ocd-division/country:us/state:mn/place:elko_new_market,Elko MN is now part of Elko New Market MN
ocd-division/country:us/state:mn/place:new_market,ocd-division/country:us/state:mn/place:elko_new_market,New Market MN is now part of Elko New Market MN
ocd-division/country:us/state:nj/place:west_paterson,ocd-division/country:us/state:nj/place:woodland_park,West Paterson NJ is now Woodland Park NJ
ocd-division/country:us/state:pa/place:osborne,ocd-division/country:us/state:pa/place:glen_osborne,Osborne PA is now Glen Osborne PA
ocd-division/country:us/state:tx/place:spring_valley,ocd-division/country:us/state:tx/place:spring_valley_village,Spring Valley TX is officially Spring Valley Village TX
ocd-division/country:us/state:wy/place:grand_encampment,ocd-division/country:us/state:wy/place:encampment,Grand Encampment WY is officially Encampment WY
ocd-division/country:us/state:as,ocd-division/country:us/territory:as,American Samoa is a territory
ocd-division/country:us/state:dc,ocd-division/country:us/district:dc,DC is a district not a state
ocd-division/country:us/state:gu,ocd-division/country:us/territory:gu,Guam is a terrritory
ocd-division/country:us/state:mp,ocd-division/country:us/territory:mp,Northern Mariana Islands is a territory
ocd-division/country:us/state:pr,ocd-division/country:us/territory:pr,Puerto Rico is a territory
ocd-division/country:us/state:vi,ocd-division/country:us/territory:vi,Virgin Islands is a territory
ocd-division/country:us/state:ma/place:agawam,ocd-division/country:us/state:ma/place:agawam_town,Census is likely wrong but we never overrule Census
ocd-division/country:us/state:co/place:creede,ocd-division/country:us/state:co/place:city_of_creede,Census is likely wrong but we never overrule Census
ocd-division/country:us/state:ma/place:amesbury,ocd-division/country:us/state:ma/place:amesbury_town,Census is likely wrong but we never overrule Census
ocd-division/country:us/state:ma/place:barnstable,ocd-division/country:us/state:ma/place:barnstable_town,Census is likely wrong but we never overrule Census
ocd-division/country:us/state:ma/place:braintree,ocd-division/country:us/state:ma/place:braintree_town,Census is likely wrong but we never overrule Census
ocd-division/country:us/state:ma/place:easthampton,ocd-division/country:us/state:ma/place:easthampton_town,Census is likely wrong but we never overrule Census
ocd-division/country:us/state:ma/place:franklin,ocd-division/country:us/state:ma/place:franklin_town,Census is likely wrong but we never overrule Census
ocd-division/country:us/state:ma/place:greenfield,ocd-division/country:us/state:ma/place:greenfield_town,Census is likely wrong but we never overrule Census
ocd-division/country:us/state:ma/place:methuen,ocd-division/country:us/state:ma/place:methuen_town,Census is likely wrong but we never overrule Census
ocd-division/country:us/state:ma/place:palmer,ocd-division/country:us/state:ma/place:palmer_town,Census is likely wrong but we never overrule Census
ocd-division/country:us/state:ma/place:southbridge,ocd-division/country:us/state:ma/place:southbridge_town,Census is likely wrong but we never overrule Census
ocd-division/country:us/state:ma/place:watertown,ocd-division/country:us/state:ma/place:watertown_town,Census is likely wrong but we never overrule Census
ocd-division/country:us/state:ma/place:west_springfield,ocd-division/country:us/state:ma/place:west_springfield_town,Census is likely wrong but we never overrule Census
ocd-division/country:us/state:ma/place:weymouth,ocd-division/country:us/state:ma/place:weymouth_town,Census is likely wrong but we never overrule Census
ocd-division/country:us/state:ma/place:winthrop,ocd-division/country:us/state:ma/place:winthrop_town,Census is likely wrong but we never overrule Census
ocd-division/country:us/state:ny/place:new_york/county:bronx,ocd-division/country:us/state:ny/county:bronx,New York City boroughs treated like any other county
ocd-division/country:us/state:ny/place:new_york/county:kings,ocd-division/country:us/state:ny/county:kings,New York City boroughs treated like any other county
ocd-division/country:us/state:ny/place:new_york/county:new_york,ocd-division/country:us/state:ny/county:new_york,New York City boroughs treated like any other county
ocd-division/country:us/state:ny/place:new_york/county:queens,ocd-division/country:us/state:ny/county:queens,New York City boroughs treated like any other county
ocd-division/country:us/state:ny/place:new_york/county:richmond,ocd-division/country:us/state:ny/county:richmond,New York City boroughs treated like any other county
ocd-division/country:us/state:ny/borough:bronx,ocd-division/country:us/state:ny/county:bronx,New York City boroughs treated like any other county
ocd-division/country:us/state:ny/borough:brooklyn,ocd-division/country:us/state:ny/county:kings,New York City boroughs treated like any other county
ocd-division/country:us/state:ny/borough:manhattan,ocd-division/country:us/state:ny/county:new_york,New York City boroughs treated like any other county
ocd-division/country:us/state:ny/borough:queens,ocd-division/country:us/state:ny/county:queens,New York City boroughs treated like any other county
ocd-division/country:us/state:ny/borough:staten_island,ocd-division/country:us/state:ny/county:richmond,New York City boroughs treated like any other county
ocd-division/country:us/state:ne/sldl:1,ocd-division/country:us/state:ne/sldu:1,Nebraska is unicameral
ocd-division/country:us/state:ne/sldl:2,ocd-division/country:us/state:ne/sldu:2,Nebraska is unicameral
ocd-division/country:us/state:ne/sldl:3,ocd-division/country:us/state:ne/sldu:3,Nebraska is unicameral
ocd-division/country:us/state:ne/sldl:4,ocd-division/country:us/state:ne/sldu:4,Nebraska is unicameral
ocd-division/country:us/state:ne/sldl:5,ocd-division/country:us/state:ne/sldu:5,Nebraska is unicameral
ocd-division/country:us/state:ne/sldl:6,ocd-division/country:us/state:ne/sldu:6,Nebraska is unicameral
ocd-division/country:us/state:ne/sldl:7,ocd-division/country:us/state:ne/sldu:7,Nebraska is unicameral
ocd-division/country:us/state:ne/sldl:8,ocd-division/country:us/state:ne/sldu:8,Nebraska is unicameral
ocd-division/country:us/state:ne/sldl:9,ocd-division/country:us/state:ne/sldu:9,Nebraska is unicameral
ocd-division/country:us/state:ne/sldl:10,ocd-division/country:us/state:ne/sldu:10,Nebraska is unicameral
ocd-division/country:us/state:ne/sldl:11,ocd-division/country:us/state:ne/sldu:11,Nebraska is unicameral
ocd-division/country:us/state:ne/sldl:12,ocd-division/country:us/state:ne/sldu:12,Nebraska is unicameral
ocd-division/country:us/state:ne/sldl:13,ocd-division/country:us/state:ne/sldu:13,Nebraska is unicameral
ocd-division/country:us/state:ne/sldl:14,ocd-division/country:us/state:ne/sldu:14,Nebraska is unicameral
ocd-division/country:us/state:ne/sldl:15,ocd-division/country:us/state:ne/sldu:15,Nebraska is unicameral
ocd-division/country:us/state:ne/sldl:16,ocd-division/country:us/state:ne/sldu:16,Nebraska is unicameral
ocd-division/country:us/state:ne/sldl:17,ocd-division/country:us/state:ne/sldu:17,Nebraska is unicameral
ocd-division/country:us/state:ne/sldl:18,ocd-division/country:us/state:ne/sldu:18,Nebraska is unicameral
ocd-division/country:us/state:ne/sldl:19,ocd-division/country:us/state:ne/sldu:19,Nebraska is unicameral
ocd-division/country:us/state:ne/sldl:20,ocd-division/country:us/state:ne/sldu:20,Nebraska is unicameral
ocd-division/country:us/state:ne/sldl:21,ocd-division/country:us/state:ne/sldu:21,Nebraska is unicameral
ocd-division/country:us/state:ne/sldl:22,ocd-division/country:us/state:ne/sldu:22,Nebraska is unicameral
ocd-division/country:us/state:ne/sldl:23,ocd-division/country:us/state:ne/sldu:23,Nebraska is unicameral
ocd-division/country:us/state:ne/sldl:24,ocd-division/country:us/state:ne/sldu:24,Nebraska is unicameral
ocd-division/country:us/state:ne/sldl:25,ocd-division/country:us/state:ne/sldu:25,Nebraska is unicameral
ocd-division/country:us/state:ne/sldl:26,ocd-division/country:us/state:ne/sldu:26,Nebraska is unicameral
ocd-division/country:us/state:ne/sldl:27,ocd-division/country:us/state:ne/sldu:27,Nebraska is unicameral
ocd-division/country:us/state:ne/sldl:28,ocd-division/country:us/state:ne/sldu:28,Nebraska is unicameral
ocd-division/country:us/state:ne/sldl:29,ocd-division/country:us/state:ne/sldu:29,Nebraska is unicameral
ocd-division/country:us/state:ne/sldl:30,ocd-division/country:us/state:ne/sldu:30,Nebraska is unicameral
ocd-division/country:us/state:ne/sldl:31,ocd-division/country:us/state:ne/sldu:31,Nebraska is unicameral
ocd-division/country:us/state:ne/sldl:32,ocd-division/country:us/state:ne/sldu:32,Nebraska is unicameral
ocd-division/country:us/state:ne/sldl:33,ocd-division/country:us/state:ne/sldu:33,Nebraska is unicameral
ocd-division/country:us/state:ne/sldl:34,ocd-division/country:us/state:ne/sldu:34,Nebraska is unicameral
ocd-division/country:us/state:ne/sldl:35,ocd-division/country:us/state:ne/sldu:35,Nebraska is unicameral
ocd-division/country:us/state:ne/sldl:36,ocd-division/country:us/state:ne/sldu:36,Nebraska is unicameral
ocd-division/country:us/state:ne/sldl:37,ocd-division/country:us/state:ne/sldu:37,Nebraska is unicameral
ocd-division/country:us/state:ne/sldl:38,ocd-division/country:us/state:ne/sldu:38,Nebraska is unicameral
ocd-division/country:us/state:ne/sldl:39,ocd-division/country:us/state:ne/sldu:39,Nebraska is unicameral
ocd-division/country:us/state:ne/sldl:40,ocd-division/country:us/state:ne/sldu:40,Nebraska is unicameral
ocd-division/country:us/state:ne/sldl:41,ocd-division/country:us/state:ne/sldu:41,Nebraska is unicameral
ocd-division/country:us/state:ne/sldl:42,ocd-division/country:us/state:ne/sldu:42,Nebraska is unicameral
ocd-division/country:us/state:ne/sldl:43,ocd-division/country:us/state:ne/sldu:43,Nebraska is unicameral
ocd-division/country:us/state:ne/sldl:44,ocd-division/country:us/state:ne/sldu:44,Nebraska is unicameral
ocd-division/country:us/state:ne/sldl:45,ocd-division/country:us/state:ne/sldu:45,Nebraska is unicameral
ocd-division/country:us/state:ne/sldl:46,ocd-division/country:us/state:ne/sldu:46,Nebraska is unicameral
ocd-division/country:us/state:ne/sldl:47,ocd-division/country:us/state:ne/sldu:47,Nebraska is unicameral
ocd-division/country:us/state:ne/sldl:48,ocd-division/country:us/state:ne/sldu:48,Nebraska is unicameral
ocd-division/country:us/state:ne/sldl:49,ocd-division/country:us/state:ne/sldu:49,Nebraska is unicameral
ocd-division/country:us/state:nj/sldl:1,ocd-division/country:us/state:nj/sldu:1,Same as New Jersey State Senate District
ocd-division/country:us/state:nj/sldl:2,ocd-division/country:us/state:nj/sldu:2,Same as New Jersey State Senate District
ocd-division/country:us/state:nj/sldl:3,ocd-division/country:us/state:nj/sldu:3,Same as New Jersey State Senate District
ocd-division/country:us/state:nj/sldl:4,ocd-division/country:us/state:nj/sldu:4,Same as New Jersey State Senate District
ocd-division/country:us/state:nj/sldl:5,ocd-division/country:us/state:nj/sldu:5,Same as New Jersey State Senate District
ocd-division/country:us/state:nj/sldl:6,ocd-division/country:us/state:nj/sldu:6,Same as New Jersey State Senate District
ocd-division/country:us/state:nj/sldl:7,ocd-division/country:us/state:nj/sldu:7,Same as New Jersey State Senate District
ocd-division/country:us/state:nj/sldl:8,ocd-division/country:us/state:nj/sldu:8,Same as New Jersey State Senate District
ocd-division/country:us/state:nj/sldl:9,ocd-division/country:us/state:nj/sldu:9,Same as New Jersey State Senate District
ocd-division/country:us/state:nj/sldl:10,ocd-division/country:us/state:nj/sldu:10,Same as New Jersey State Senate District
ocd-division/country:us/state:nj/sldl:11,ocd-division/country:us/state:nj/sldu:11,Same as New Jersey State Senate District
ocd-division/country:us/state:nj/sldl:12,ocd-division/country:us/state:nj/sldu:12,Same as New Jersey State Senate District
ocd-division/country:us/state:nj/sldl:13,ocd-division/country:us/state:nj/sldu:13,Same as New Jersey State Senate District
ocd-division/country:us/state:nj/sldl:14,ocd-division/country:us/state:nj/sldu:14,Same as New Jersey State Senate District
ocd-division/country:us/state:nj/sldl:15,ocd-division/country:us/state:nj/sldu:15,Same as New Jersey State Senate District
ocd-division/country:us/state:nj/sldl:16,ocd-division/country:us/state:nj/sldu:16,Same as New Jersey State Senate District
ocd-division/country:us/state:nj/sldl:17,ocd-division/country:us/state:nj/sldu:17,Same as New Jersey State Senate District
ocd-division/country:us/state:nj/sldl:18,ocd-division/country:us/state:nj/sldu:18,Same as New Jersey State Senate District
ocd-division/country:us/state:nj/sldl:19,ocd-division/country:us/state:nj/sldu:19,Same as New Jersey State Senate District
ocd-division/country:us/state:nj/sldl:20,ocd-division/country:us/state:nj/sldu:20,Same as New Jersey State Senate District
ocd-division/country:us/state:nj/sldl:21,ocd-division/country:us/state:nj/sldu:21,Same as New Jersey State Senate District
ocd-division/country:us/state:nj/sldl:22,ocd-division/country:us/state:nj/sldu:22,Same as New Jersey State Senate District
ocd-division/country:us/state:nj/sldl:23,ocd-division/country:us/state:nj/sldu:23,Same as New Jersey State Senate District
ocd-division/country:us/state:nj/sldl:24,ocd-division/country:us/state:nj/sldu:24,Same as New Jersey State Senate District
ocd-division/country:us/state:nj/sldl:25,ocd-division/country:us/state:nj/sldu:25,Same as New Jersey State Senate District
ocd-division/country:us/state:nj/sldl:26,ocd-division/country:us/state:nj/sldu:26,Same as New Jersey State Senate District
ocd-division/country:us/state:nj/sldl:27,ocd-division/country:us/state:nj/sldu:27,Same as New Jersey State Senate District
ocd-division/country:us/state:nj/sldl:28,ocd-division/country:us/state:nj/sldu:28,Same as New Jersey State Senate District
ocd-division/country:us/state:nj/sldl:29,ocd-division/country:us/state:nj/sldu:29,Same as New Jersey State Senate District
ocd-division/country:us/state:nj/sldl:30,ocd-division/country:us/state:nj/sldu:30,Same as New Jersey State Senate District
ocd-division/country:us/state:nj/sldl:31,ocd-division/country:us/state:nj/sldu:31,Same as New Jersey State Senate District
ocd-division/country:us/state:nj/sldl:32,ocd-division/country:us/state:nj/sldu:32,Same as New Jersey State Senate District
ocd-division/country:us/state:nj/sldl:33,ocd-division/country:us/state:nj/sldu:33,Same as New Jersey State Senate District
ocd-division/country:us/state:nj/sldl:34,ocd-division/country:us/state:nj/sldu:34,Same as New Jersey State Senate District
ocd-division/country:us/state:nj/sldl:35,ocd-division/country:us/state:nj/sldu:35,Same as New Jersey State Senate District
ocd-division/country:us/state:nj/sldl:36,ocd-division/country:us/state:nj/sldu:36,Same as New Jersey State Senate District
ocd-division/country:us/state:nj/sldl:37,ocd-division/country:us/state:nj/sldu:37,Same as New Jersey State Senate District
ocd-division/country:us/state:nj/sldl:38,ocd-division/country:us/state:nj/sldu:38,Same as New Jersey State Senate District
ocd-division/country:us/state:nj/sldl:39,ocd-division/country:us/state:nj/sldu:39,Same as New Jersey State Senate District
ocd-division/country:us/state:nj/sldl:40,ocd-division/country:us/state:nj/sldu:40,Same as New Jersey State Senate District
ocd-division/country:us/state:sd/sldl:1,ocd-division/country:us/state:sd/sldu:1,Same as South Dakota State Senate District
ocd-division/country:us/state:sd/sldl:2,ocd-division/country:us/state:sd/sldu:2,Same as South Dakota State Senate District
ocd-division/country:us/state:sd/sldl:3,ocd-division/country:us/state:sd/sldu:3,Same as South Dakota State Senate District
ocd-division/country:us/state:sd/sldl:4,ocd-division/country:us/state:sd/sldu:4,Same as South Dakota State Senate District
ocd-division/country:us/state:sd/sldl:5,ocd-division/country:us/state:sd/sldu:5,Same as South Dakota State Senate District
ocd-division/country:us/state:sd/sldl:6,ocd-division/country:us/state:sd/sldu:6,Same as South Dakota State Senate District
ocd-division/country:us/state:sd/sldl:7,ocd-division/country:us/state:sd/sldu:7,Same as South Dakota State Senate District
ocd-division/country:us/state:sd/sldl:8,ocd-division/country:us/state:sd/sldu:8,Same as South Dakota State Senate District
ocd-division/country:us/state:sd/sldl:9,ocd-division/country:us/state:sd/sldu:9,Same as South Dakota State Senate District
ocd-division/country:us/state:sd/sldl:10,ocd-division/country:us/state:sd/sldu:10,Same as South Dakota State Senate District
ocd-division/country:us/state:sd/sldl:11,ocd-division/country:us/state:sd/sldu:11,Same as South Dakota State Senate District
ocd-division/country:us/state:sd/sldl:12,ocd-division/country:us/state:sd/sldu:12,Same as South Dakota State Senate District
ocd-division/country:us/state:sd/sldl:13,ocd-division/country:us/state:sd/sldu:13,Same as South Dakota State Senate District
ocd-division/country:us/state:sd/sldl:14,ocd-division/country:us/state:sd/sldu:14,Same as South Dakota State Senate District
ocd-division/country:us/state:sd/sldl:15,ocd-division/country:us/state:sd/sldu:15,Same as South Dakota State Senate District
ocd-division/country:us/state:sd/sldl:16,ocd-division/country:us/state:sd/sldu:16,Same as South Dakota State Senate District
ocd-division/country:us/state:sd/sldl:17,ocd-division/country:us/state:sd/sldu:17,Same as South Dakota State Senate District
ocd-division/country:us/state:sd/sldl:18,ocd-division/country:us/state:sd/sldu:18,Same as South Dakota State Senate District
ocd-division/country:us/state:sd/sldl:19,ocd-division/country:us/state:sd/sldu:19,Same as South Dakota State Senate District
ocd-division/country:us/state:sd/sldl:20,ocd-division/country:us/state:sd/sldu:20,Same as South Dakota State Senate District
ocd-division/country:us/state:sd/sldl:21,ocd-division/country:us/state:sd/sldu:21,Same as South Dakota State Senate District
ocd-division/country:us/state:sd/sldl:22,ocd-division/country:us/state:sd/sldu:22,Same as South Dakota State Senate District
ocd-division/country:us/state:sd/sldl:23,ocd-division/country:us/state:sd/sldu:23,Same as South Dakota State Senate District
ocd-division/country:us/state:sd/sldl:24,ocd-division/country:us/state:sd/sldu:24,Same as South Dakota State Senate District
ocd-division/country:us/state:sd/sldl:25,ocd-division/country:us/state:sd/sldu:25,Same as South Dakota State Senate District
ocd-division/country:us/state:sd/sldl:27,ocd-division/country:us/state:sd/sldu:27,Same as South Dakota State Senate District
ocd-division/country:us/state:sd/sldl:29,ocd-division/country:us/state:sd/sldu:29,Same as South Dakota State Senate District
ocd-division/country:us/state:sd/sldl:30,ocd-division/country:us/state:sd/sldu:30,Same as South Dakota State Senate District
ocd-division/country:us/state:sd/sldl:31,ocd-division/country:us/state:sd/sldu:31,Same as South Dakota State Senate District
ocd-division/country:us/state:sd/sldl:32,ocd-division/country:us/state:sd/sldu:32,Same as South Dakota State Senate District
ocd-division/country:us/state:sd/sldl:33,ocd-division/country:us/state:sd/sldu:33,Same as South Dakota State Senate District
ocd-division/country:us/state:sd/sldl:34,ocd-division/country:us/state:sd/sldu:34,Same as South Dakota State Senate District
ocd-division/country:us/state:sd/sldl:35,ocd-division/country:us/state:sd/sldu:35,Same as South Dakota State Senate District
ocd-division/country:us/state:id/sldl:1,ocd-division/country:us/state:id/sldu:1,Same as Idaho State Senate District
ocd-division/country:us/state:id/sldl:2,ocd-division/country:us/state:id/sldu:2,Same as Idaho State Senate District
ocd-division/country:us/state:id/sldl:3,ocd-division/country:us/state:id/sldu:3,Same as Idaho State Senate District
ocd-division/country:us/state:id/sldl:4,ocd-division/country:us/state:id/sldu:4,Same as Idaho State Senate District
ocd-division/country:us/state:id/sldl:5,ocd-division/country:us/state:id/sldu:5,Same as Idaho State Senate District
ocd-division/country:us/state:id/sldl:6,ocd-division/country:us/state:id/sldu:6,Same as Idaho State Senate District
ocd-division/country:us/state:id/sldl:7,ocd-division/country:us/state:id/sldu:7,Same as Idaho State Senate District
ocd-division/country:us/state:id/sldl:8,ocd-division/country:us/state:id/sldu:8,Same as Idaho State Senate District
ocd-division/country:us/state:id/sldl:9,ocd-division/country:us/state:id/sldu:9,Same as Idaho State Senate District
ocd-division/country:us/state:id/sldl:10,ocd-division/country:us/state:id/sldu:10,Same as Idaho State Senate District
ocd-division/country:us/state:id/sldl:11,ocd-division/country:us/state:id/sldu:11,Same as Idaho State Senate District
ocd-division/country:us/state:id/sldl:12,ocd-division/country:us/state:id/sldu:12,Same as Idaho State Senate District
ocd-division/country:us/state:id/sldl:13,ocd-division/country:us/state:id/sldu:13,Same as Idaho State Senate District
ocd-division/country:us/state:id/sldl:14,ocd-division/country:us/state:id/sldu:14,Same as Idaho State Senate District
ocd-division/country:us/state:id/sldl:15,ocd-division/country:us/state:id/sldu:15,Same as Idaho State Senate District
ocd-division/country:us/state:id/sldl:16,ocd-division/country:us/state:id/sldu:16,Same as Idaho State Senate District
ocd-division/country:us/state:id/sldl:17,ocd-division/country:us/state:id/sldu:17,Same as Idaho State Senate District
ocd-division/country:us/state:id/sldl:18,ocd-division/country:us/state:id/sldu:18,Same as Idaho State Senate District
ocd-division/country:us/state:id/sldl:19,ocd-division/country:us/state:id/sldu:19,Same as Idaho State Senate District
ocd-division/country:us/state:id/sldl:20,ocd-division/country:us/state:id/sldu:20,Same as Idaho State Senate District
ocd-division/country:us/state:id/sldl:21,ocd-division/country:us/state:id/sldu:21,Same as Idaho State Senate District
ocd-division/country:us/state:id/sldl:22,ocd-division/country:us/state:id/sldu:22,Same as Idaho State Senate District
ocd-division/country:us/state:id/sldl:23,ocd-division/country:us/state:id/sldu:23,Same as Idaho State Senate District
ocd-division/country:us/state:id/sldl:24,ocd-division/country:us/state:id/sldu:24,Same as Idaho State Senate District
ocd-division/country:us/state:id/sldl:25,ocd-division/country:us/state:id/sldu:25,Same as Idaho State Senate District
ocd-division/country:us/state:id/sldl:26,ocd-division/country:us/state:id/sldu:26,Same as Idaho State Senate District
ocd-division/country:us/state:id/sldl:27,ocd-division/country:us/state:id/sldu:27,Same as Idaho State Senate District
ocd-division/country:us/state:id/sldl:28,ocd-division/country:us/state:id/sldu:28,Same as Idaho State Senate District
ocd-division/country:us/state:id/sldl:29,ocd-division/country:us/state:id/sldu:29,Same as Idaho State Senate District
ocd-division/country:us/state:id/sldl:30,ocd-division/country:us/state:id/sldu:30,Same as Idaho State Senate District
ocd-division/country:us/state:id/sldl:31,ocd-division/country:us/state:id/sldu:31,Same as Idaho State Senate District
ocd-division/country:us/state:id/sldl:32,ocd-division/country:us/state:id/sldu:32,Same as Idaho State Senate District
ocd-division/country:us/state:id/sldl:33,ocd-division/country:us/state:id/sldu:33,Same as Idaho State Senate District
ocd-division/country:us/state:id/sldl:34,ocd-division/country:us/state:id/sldu:34,Same as Idaho State Senate District
ocd-division/country:us/state:id/sldl:35,ocd-division/country:us/state:id/sldu:35,Same as Idaho State Senate District
ocd-division/country:us/state:az/sldl:1,ocd-division/country:us/state:az/sldu:1,Same as Arizona State Senate District
ocd-division/country:us/state:az/sldl:2,ocd-division/country:us/state:az/sldu:2,Same as Arizona State Senate District
ocd-division/country:us/state:az/sldl:3,ocd-division/country:us/state:az/sldu:3,Same as Arizona State Senate District
ocd-division/country:us/state:az/sldl:4,ocd-division/country:us/state:az/sldu:4,Same as Arizona State Senate District
ocd-division/country:us/state:az/sldl:5,ocd-division/country:us/state:az/sldu:5,Same as Arizona State Senate District
ocd-division/country:us/state:az/sldl:6,ocd-division/country:us/state:az/sldu:6,Same as Arizona State Senate District
ocd-division/country:us/state:az/sldl:7,ocd-division/country:us/state:az/sldu:7,Same as Arizona State Senate District
ocd-division/country:us/state:az/sldl:8,ocd-division/country:us/state:az/sldu:8,Same as Arizona State Senate District
ocd-division/country:us/state:az/sldl:9,ocd-division/country:us/state:az/sldu:9,Same as Arizona State Senate District
ocd-division/country:us/state:az/sldl:10,ocd-division/country:us/state:az/sldu:10,Same as Arizona State Senate District
ocd-division/country:us/state:az/sldl:11,ocd-division/country:us/state:az/sldu:11,Same as Arizona State Senate District
ocd-division/country:us/state:az/sldl:12,ocd-division/country:us/state:az/sldu:12,Same as Arizona State Senate District
ocd-division/country:us/state:az/sldl:13,ocd-division/country:us/state:az/sldu:13,Same as Arizona State Senate District
ocd-division/country:us/state:az/sldl:14,ocd-division/country:us/state:az/sldu:14,Same as Arizona State Senate District
ocd-division/country:us/state:az/sldl:15,ocd-division/country:us/state:az/sldu:15,Same as Arizona State Senate District
ocd-division/country:us/state:az/sldl:16,ocd-division/country:us/state:az/sldu:16,Same as Arizona State Senate District
ocd-division/country:us/state:az/sldl:17,ocd-division/country:us/state:az/sldu:17,Same as Arizona State Senate District
ocd-division/country:us/state:az/sldl:18,ocd-division/country:us/state:az/sldu:18,Same as Arizona State Senate District
ocd-division/country:us/state:az/sldl:19,ocd-division/country:us/state:az/sldu:19,Same as Arizona State Senate District
ocd-division/country:us/state:az/sldl:20,ocd-division/country:us/state:az/sldu:20,Same as Arizona State Senate District
ocd-division/country:us/state:az/sldl:21,ocd-division/country:us/state:az/sldu:21,Same as Arizona State Senate District
ocd-division/country:us/state:az/sldl:22,ocd-division/country:us/state:az/sldu:22,Same as Arizona State Senate District
ocd-division/country:us/state:az/sldl:23,ocd-division/country:us/state:az/sldu:23,Same as Arizona State Senate District
ocd-division/country:us/state:az/sldl:24,ocd-division/country:us/state:az/sldu:24,Same as Arizona State Senate District
ocd-division/country:us/state:az/sldl:25,ocd-division/country:us/state:az/sldu:25,Same as Arizona State Senate District
ocd-division/country:us/state:az/sldl:26,ocd-division/country:us/state:az/sldu:26,Same as Arizona State Senate District
ocd-division/country:us/state:az/sldl:27,ocd-division/country:us/state:az/sldu:27,Same as Arizona State Senate District
ocd-division/country:us/state:az/sldl:28,ocd-division/country:us/state:az/sldu:28,Same as Arizona State Senate District
ocd-division/country:us/state:az/sldl:29,ocd-division/country:us/state:az/sldu:29,Same as Arizona State Senate District
ocd-division/country:us/state:az/sldl:30,ocd-division/country:us/state:az/sldu:30,Same as Arizona State Senate District
ocd-division/country:us/state:md/sldl:4,ocd-division/country:us/state:md/sldu:4,Same as Maryland State Senate District
ocd-division/country:us/state:md/sldl:5,ocd-division/country:us/state:md/sldu:5,Same as Maryland State Senate District
ocd-division/country:us/state:md/sldl:6,ocd-division/country:us/state:md/sldu:6,Same as Maryland State Senate District
ocd-division/country:us/state:md/sldl:7,ocd-division/country:us/state:md/sldu:7,Same as Maryland State Senate District
ocd-division/country:us/state:md/sldl:8,ocd-division/country:us/state:md/sldu:8,Same as Maryland State Senate District
ocd-division/country:us/state:md/sldl:10,ocd-division/country:us/state:md/sldu:10,Same as Maryland State Senate District
ocd-division/country:us/state:md/sldl:11,ocd-division/country:us/state:md/sldu:11,Same as Maryland State Senate District
ocd-division/country:us/state:md/sldl:12,ocd-division/country:us/state:md/sldu:12,Same as Maryland State Senate District
ocd-division/country:us/state:md/sldl:13,ocd-division/country:us/state:md/sldu:13,Same as Maryland State Senate District
ocd-division/country:us/state:md/sldl:14,ocd-division/country:us/state:md/sldu:14,Same as Maryland State Senate District
ocd-division/country:us/state:md/sldl:15,ocd-division/country:us/state:md/sldu:15,Same as Maryland State Senate District
ocd-division/country:us/state:md/sldl:16,ocd-division/country:us/state:md/sldu:16,Same as Maryland State Senate District
ocd-division/country:us/state:md/sldl:17,ocd-division/country:us/state:md/sldu:17,Same as Maryland State Senate District
ocd-division/country:us/state:md/sldl:18,ocd-division/country:us/state:md/sldu:18,Same as Maryland State Senate District
ocd-division/country:us/state:md/sldl:19,ocd-division/country:us/state:md/sldu:19,Same as Maryland State Senate District
ocd-division/country:us/state:md/sldl:20,ocd-division/country:us/state:md/sldu:20,Same as Maryland State Senate District
ocd-division/country:us/state:md/sldl:21,ocd-division/country:us/state:md/sldu:21,Same as Maryland State Senate District
ocd-division/country:us/state:md/sldl:22,ocd-division/country:us/state:md/sldu:22,Same as Maryland State Senate District
ocd-division/country:us/state:md/sldl:24,ocd-division/country:us/state:md/sldu:24,Same as Maryland State Senate District
ocd-division/country:us/state:md/sldl:25,ocd-division/country:us/state:md/sldu:25,Same as Maryland State Senate District
ocd-division/country:us/state:md/sldl:26,ocd-division/country:us/state:md/sldu:26,Same as Maryland State Senate District
ocd-division/country:us/state:md/sldl:28,ocd-division/country:us/state:md/sldu:28,Same as Maryland State Senate District
ocd-division/country:us/state:md/sldl:30,ocd-division/country:us/state:md/sldu:30,Same as Maryland State Senate District
ocd-division/country:us/state:md/sldl:31,ocd-division/country:us/state:md/sldu:31,Same as Maryland State Senate District
ocd-division/country:us/state:md/sldl:32,ocd-division/country:us/state:md/sldu:32,Same as Maryland State Senate District
ocd-division/country:us/state:md/sldl:33,ocd-division/country:us/state:md/sldu:33,Same as Maryland State Senate District
ocd-division/country:us/state:md/sldl:36,ocd-division/country:us/state:md/sldu:36,Same as Maryland State Senate District
ocd-division/country:us/state:md/sldl:39,ocd-division/country:us/state:md/sldu:39,Same as Maryland State Senate District
ocd-division/country:us/state:md/sldl:40,ocd-division/country:us/state:md/sldu:40,Same as Maryland State Senate District
ocd-division/country:us/state:md/sldl:41,ocd-division/country:us/state:md/sldu:41,Same as Maryland State Senate District
ocd-division/country:us/state:md/sldl:42,ocd-division/country:us/state:md/sldu:42,Same as Maryland State Senate District
ocd-division/country:us/state:md/sldl:43,ocd-division/country:us/state:md/sldu:43,Same as Maryland State Senate District
ocd-division/country:us/state:md/sldl:44,ocd-division/country:us/state:md/sldu:44,Same as Maryland State Senate District
ocd-division/country:us/state:md/sldl:45,ocd-division/country:us/state:md/sldu:45,Same as Maryland State Senate District
ocd-division/country:us/state:md/sldl:46,ocd-division/country:us/state:md/sldu:46,Same as Maryland State Senate District
ocd-division/country:us/state:md/sldl:47,ocd-division/country:us/state:md/sldu:47,Same as Maryland State Senate District
ocd-division/country:us/state:nd/sldl:1,ocd-division/country:us/state:nd/sldu:1,Same as North Dakota State Senate District
ocd-division/country:us/state:nd/sldl:2,ocd-division/country:us/state:nd/sldu:2,Same as North Dakota State Senate District
ocd-division/country:us/state:nd/sldl:3,ocd-division/country:us/state:nd/sldu:3,Same as North Dakota State Senate District
ocd-division/country:us/state:nd/sldl:4,ocd-division/country:us/state:nd/sldu:4,Same as North Dakota State Senate District
ocd-division/country:us/state:nd/sldl:5,ocd-division/country:us/state:nd/sldu:5,Same as North Dakota State Senate District
ocd-division/country:us/state:nd/sldl:6,ocd-division/country:us/state:nd/sldu:6,Same as North Dakota State Senate District
ocd-division/country:us/state:nd/sldl:7,ocd-division/country:us/state:nd/sldu:7,Same as North Dakota State Senate District
ocd-division/country:us/state:nd/sldl:8,ocd-division/country:us/state:nd/sldu:8,Same as North Dakota State Senate District
ocd-division/country:us/state:nd/sldl:9,ocd-division/country:us/state:nd/sldu:9,Same as North Dakota State Senate District
ocd-division/country:us/state:nd/sldl:10,ocd-division/country:us/state:nd/sldu:10,Same as North Dakota State Senate District
ocd-division/country:us/state:nd/sldl:11,ocd-division/country:us/state:nd/sldu:11,Same as North Dakota State Senate District
ocd-division/country:us/state:nd/sldl:12,ocd-division/country:us/state:nd/sldu:12,Same as North Dakota State Senate District
ocd-division/country:us/state:nd/sldl:13,ocd-division/country:us/state:nd/sldu:13,Same as North Dakota State Senate District
ocd-division/country:us/state:nd/sldl:14,ocd-division/country:us/state:nd/sldu:14,Same as North Dakota State Senate District
ocd-division/country:us/state:nd/sldl:15,ocd-division/country:us/state:nd/sldu:15,Same as North Dakota State Senate District
ocd-division/country:us/state:nd/sldl:16,ocd-division/country:us/state:nd/sldu:16,Same as North Dakota State Senate District
ocd-division/country:us/state:nd/sldl:17,ocd-division/country:us/state:nd/sldu:17,Same as North Dakota State Senate District
ocd-division/country:us/state:nd/sldl:18,ocd-division/country:us/state:nd/sldu:18,Same as North Dakota State Senate District
ocd-division/country:us/state:nd/sldl:19,ocd-division/country:us/state:nd/sldu:19,Same as North Dakota State Senate District
ocd-division/country:us/state:nd/sldl:20,ocd-division/country:us/state:nd/sldu:20,Same as North Dakota State Senate District
ocd-division/country:us/state:nd/sldl:21,ocd-division/country:us/state:nd/sldu:21,Same as North Dakota State Senate District
ocd-division/country:us/state:nd/sldl:22,ocd-division/country:us/state:nd/sldu:22,Same as North Dakota State Senate District
ocd-division/country:us/state:nd/sldl:23,ocd-division/country:us/state:nd/sldu:23,Same as North Dakota State Senate District
ocd-division/country:us/state:nd/sldl:24,ocd-division/country:us/state:nd/sldu:24,Same as North Dakota State Senate District
ocd-division/country:us/state:nd/sldl:25,ocd-division/country:us/state:nd/sldu:25,Same as North Dakota State Senate District
ocd-division/country:us/state:nd/sldl:26,ocd-division/country:us/state:nd/sldu:26,Same as North Dakota State Senate District
ocd-division/country:us/state:nd/sldl:27,ocd-division/country:us/state:nd/sldu:27,Same as North Dakota State Senate District
ocd-division/country:us/state:nd/sldl:28,ocd-division/country:us/state:nd/sldu:28,Same as North Dakota State Senate District
ocd-division/country:us/state:nd/sldl:29,ocd-division/country:us/state:nd/sldu:29,Same as North Dakota State Senate District
ocd-division/country:us/state:nd/sldl:30,ocd-division/country:us/state:nd/sldu:30,Same as North Dakota State Senate District
ocd-division/country:us/state:nd/sldl:31,ocd-division/country:us/state:nd/sldu:31,Same as North Dakota State Senate District
ocd-division/country:us/state:nd/sldl:32,ocd-division/country:us/state:nd/sldu:32,Same as North Dakota State Senate District
ocd-division/country:us/state:nd/sldl:33,ocd-division/country:us/state:nd/sldu:33,Same as North Dakota State Senate District
ocd-division/country:us/state:nd/sldl:34,ocd-division/country:us/state:nd/sldu:34,Same as North Dakota State Senate District
ocd-division/country:us/state:nd/sldl:35,ocd-division/country:us/state:nd/sldu:35,Same as North Dakota State Senate District
ocd-division/country:us/state:nd/sldl:36,ocd-division/country:us/state:nd/sldu:36,Same as North Dakota State Senate District
ocd-division/country:us/state:nd/sldl:37,ocd-division/country:us/state:nd/sldu:37,Same as North Dakota State Senate District
ocd-division/country:us/state:nd/sldl:38,ocd-division/country:us/state:nd/sldu:38,Same as North Dakota State Senate District
ocd-division/country:us/state:nd/sldl:39,ocd-division/country:us/state:nd/sldu:39,Same as North Dakota State Senate District
ocd-division/country:us/state:nd/sldl:40,ocd-division/country:us/state:nd/sldu:40,Same as North Dakota State Senate District
ocd-division/country:us/state:nd/sldl:41,ocd-division/country:us/state:nd/sldu:41,Same as North Dakota State Senate District
ocd-division/country:us/state:nd/sldl:42,ocd-division/country:us/state:nd/sldu:42,Same as North Dakota State Senate District
ocd-division/country:us/state:nd/sldl:43,ocd-division/country:us/state:nd/sldu:43,Same as North Dakota State Senate District
ocd-division/country:us/state:nd/sldl:44,ocd-division/country:us/state:nd/sldu:44,Same as North Dakota State Senate District
ocd-division/country:us/state:nd/sldl:45,ocd-division/country:us/state:nd/sldu:45,Same as North Dakota State Senate District
ocd-division/country:us/state:nd/sldl:46,ocd-division/country:us/state:nd/sldu:46,Same as North Dakota State Senate District
ocd-division/country:us/state:nd/sldl:47,ocd-division/country:us/state:nd/sldu:47,Same as North Dakota State Senate District
ocd-division/country:us/state:wa/sldl:1,ocd-division/country:us/state:wa/sldu:1,Same as Washington State Senate District
ocd-division/country:us/state:wa/sldl:2,ocd-division/country:us/state:wa/sldu:2,Same as Washington State Senate District
ocd-division/country:us/state:wa/sldl:3,ocd-division/country:us/state:wa/sldu:3,Same as Washington State Senate District
ocd-division/country:us/state:wa/sldl:4,ocd-division/country:us/state:wa/sldu:4,Same as Washington State Senate District
ocd-division/country:us/state:wa/sldl:5,ocd-division/country:us/state:wa/sldu:5,Same as Washington State Senate District
ocd-division/country:us/state:wa/sldl:6,ocd-division/country:us/state:wa/sldu:6,Same as Washington State Senate District
ocd-division/country:us/state:wa/sldl:7,ocd-division/country:us/state:wa/sldu:7,Same as Washington State Senate District
ocd-division/country:us/state:wa/sldl:8,ocd-division/country:us/state:wa/sldu:8,Same as Washington State Senate District
ocd-division/country:us/state:wa/sldl:9,ocd-division/country:us/state:wa/sldu:9,Same as Washington State Senate District
ocd-division/country:us/state:wa/sldl:10,ocd-division/country:us/state:wa/sldu:10,Same as Washington State Senate District
ocd-division/country:us/state:wa/sldl:11,ocd-division/country:us/state:wa/sldu:11,Same as Washington State Senate District
ocd-division/country:us/state:wa/sldl:12,ocd-division/country:us/state:wa/sldu:12,Same as Washington State Senate District
ocd-division/country:us/state:wa/sldl:13,ocd-division/country:us/state:wa/sldu:13,Same as Washington State Senate District
ocd-division/country:us/state:wa/sldl:14,ocd-division/country:us/state:wa/sldu:14,Same as Washington State Senate District
ocd-division/country:us/state:wa/sldl:15,ocd-division/country:us/state:wa/sldu:15,Same as Washington State Senate District
ocd-division/country:us/state:wa/sldl:16,ocd-division/country:us/state:wa/sldu:16,Same as Washington State Senate District
ocd-division/country:us/state:wa/sldl:17,ocd-division/country:us/state:wa/sldu:17,Same as Washington State Senate District
ocd-division/country:us/state:wa/sldl:18,ocd-division/country:us/state:wa/sldu:18,Same as Washington State Senate District
ocd-division/country:us/state:wa/sldl:19,ocd-division/country:us/state:wa/sldu:19,Same as Washington State Senate District
ocd-division/country:us/state:wa/sldl:20,ocd-division/country:us/state:wa/sldu:20,Same as Washington State Senate District
ocd-division/country:us/state:wa/sldl:21,ocd-division/country:us/state:wa/sldu:21,Same as Washington State Senate District
ocd-division/country:us/state:wa/sldl:22,ocd-division/country:us/state:wa/sldu:22,Same as Washington State Senate District
ocd-division/country:us/state:wa/sldl:23,ocd-division/country:us/state:wa/sldu:23,Same as Washington State Senate District
ocd-division/country:us/state:wa/sldl:24,ocd-division/country:us/state:wa/sldu:24,Same as Washington State Senate District
ocd-division/country:us/state:wa/sldl:25,ocd-division/country:us/state:wa/sldu:25,Same as Washington State Senate District
ocd-division/country:us/state:wa/sldl:26,ocd-division/country:us/state:wa/sldu:26,Same as Washington State Senate District
ocd-division/country:us/state:wa/sldl:27,ocd-division/country:us/state:wa/sldu:27,Same as Washington State Senate District
ocd-division/country:us/state:wa/sldl:28,ocd-division/country:us/state:wa/sldu:28,Same as Washington State Senate District
ocd-division/country:us/state:wa/sldl:29,ocd-division/country:us/state:wa/sldu:29,Same as Washington State Senate District
ocd-division/country:us/state:wa/sldl:30,ocd-division/country:us/state:wa/sldu:30,Same as Washington State Senate District
ocd-division/country:us/state:wa/sldl:31,ocd-division/country:us/state:wa/sldu:31,Same as Washington State Senate District
ocd-division/country:us/state:wa/sldl:32,ocd-division/country:us/state:wa/sldu:32,Same as Washington State Senate District
ocd-division/country:us/state:wa/sldl:33,ocd-division/country:us/state:wa/sldu:33,Same as Washington State Senate District
ocd-division/country:us/state:wa/sldl:34,ocd-division/country:us/state:wa/sldu:34,Same as Washington State Senate District
ocd-division/country:us/state:wa/sldl:35,ocd-division/country:us/state:wa/sldu:35,Same as Washington State Senate District
ocd-division/country:us/state:wa/sldl:36,ocd-division/country:us/state:wa/sldu:36,Same as Washington State Senate District
ocd-division/country:us/state:wa/sldl:37,ocd-division/country:us/state:wa/sldu:37,Same as Washington State Senate District
ocd-division/country:us/state:wa/sldl:38,ocd-division/country:us/state:wa/sldu:38,Same as Washington State Senate District
ocd-division/country:us/state:wa/sldl:39,ocd-division/country:us/state:wa/sldu:39,Same as Washington State Senate District
ocd-division/country:us/state:wa/sldl:40,ocd-division/country:us/state:wa/sldu:40,Same as Washington State Senate District
ocd-division/country:us/state:wa/sldl:41,ocd-division/country:us/state:wa/sldu:41,Same as Washington State Senate District
ocd-division/country:us/state:wa/sldl:42,ocd-division/country:us/state:wa/sldu:42,Same as Washington State Senate District
ocd-division/country:us/state:wa/sldl:43,ocd-division/country:us/state:wa/sldu:43,Same as Washington State Senate District
ocd-division/country:us/state:wa/sldl:44,ocd-division/country:us/state:wa/sldu:44,Same as Washington State Senate District
ocd-division/country:us/state:wa/sldl:45,ocd-division/country:us/state:wa/sldu:45,Same as Washington State Senate District
ocd-division/country:us/state:wa/sldl:46,ocd-division/country:us/state:wa/sldu:46,Same as Washington State Senate District
ocd-division/country:us/state:wa/sldl:47,ocd-division/country:us/state:wa/sldu:47,Same as Washington State Senate District
ocd-division/country:us/state:wa/sldl:48,ocd-division/country:us/state:wa/sldu:48,Same as Washington State Senate District
ocd-division/country:us/state:wa/sldl:49,ocd-division/country:us/state:wa/sldu:49,Same as Washington State Senate District
ocd-division/country:us/state:vt/place:essex/precinct:chittenden_8-2,ocd-division/country:us/state:vt/place:essex_junction,The Essex precinct of Chittenden 8-2 is the same as the Village of Essex Junction
ocd-division/country:us/state:vt/place:springfield/precinct:windsor_3-1,ocd-division/country:us/state:vt/place:springfield,Do not believe this precinct exists because there is one polling place and no mention of precincts on clerk's website
ocd-division/country:us/state:vt/place:springfield/precinct:windsor_3-2,ocd-division/country:us/state:vt/place:springfield,Do not believe this precinct exists because there is one polling place and no mention of precincts on clerk's website
ocd-division/country:us/territory:pr/sldu:at-large,ocd-division/country:us/territory:pr,At-large district in PR
ocd-division/country:us/territory:pr/sldl:at-large,ocd-division/country:us/territory:pr,At-large district in PR
