Alameda County,ocd-division/country:us/state:ca/county:alameda
Alpine County,ocd-division/country:us/state:ca/county:alpine
Amador County,ocd-division/country:us/state:ca/county:amador
Butte County,ocd-division/country:us/state:ca/county:butte
Calaveras County,ocd-division/country:us/state:ca/county:calaveras
Colusa County,ocd-division/country:us/state:ca/county:colusa
Contra Costa County,ocd-division/country:us/state:ca/county:contra_costa
Del Norte County,ocd-division/country:us/state:ca/county:del_norte
El Dorado County,ocd-division/country:us/state:ca/county:el_dorado
Fresno County,ocd-division/country:us/state:ca/county:fresno
Glenn County,ocd-division/country:us/state:ca/county:glenn
Humboldt County,ocd-division/country:us/state:ca/county:humboldt
Imperial County,ocd-division/country:us/state:ca/county:imperial
Inyo County,ocd-division/country:us/state:ca/county:inyo
Kern County,ocd-division/country:us/state:ca/county:kern
Kings County,ocd-division/country:us/state:ca/county:kings
Lake County,ocd-division/country:us/state:ca/county:lake
Lassen County,ocd-division/country:us/state:ca/county:lassen
Los Angeles County,ocd-division/country:us/state:ca/county:los_angeles
Madera County,ocd-division/country:us/state:ca/county:madera
Marin County,ocd-division/country:us/state:ca/county:marin
Mariposa County,ocd-division/country:us/state:ca/county:mariposa
Mendocino County,ocd-division/country:us/state:ca/county:mendocino
Merced County,ocd-division/country:us/state:ca/county:merced
Modoc County,ocd-division/country:us/state:ca/county:modoc
Mono County,ocd-division/country:us/state:ca/county:mono
Monterey County,ocd-division/country:us/state:ca/county:monterey
Napa County,ocd-division/country:us/state:ca/county:napa
Nevada County,ocd-division/country:us/state:ca/county:nevada
Orange County,ocd-division/country:us/state:ca/county:orange
Placer County,ocd-division/country:us/state:ca/county:placer
Plumas County,ocd-division/country:us/state:ca/county:plumas
Riverside County,ocd-division/country:us/state:ca/county:riverside
Sacramento County,ocd-division/country:us/state:ca/county:sacramento
San Benito County,ocd-division/country:us/state:ca/county:san_benito
San Bernardino County,ocd-division/country:us/state:ca/county:san_bernardino
San Diego County,ocd-division/country:us/state:ca/county:san_diego
San Francisco County,ocd-division/country:us/state:ca/county:san_francisco
San Joaquin County,ocd-division/country:us/state:ca/county:san_joaquin
San Luis Obispo County,ocd-division/country:us/state:ca/county:san_luis_obispo
San Mateo County,ocd-division/country:us/state:ca/county:san_mateo
Santa Barbara County,ocd-division/country:us/state:ca/county:santa_barbara
Santa Clara County,ocd-division/country:us/state:ca/county:santa_clara
Santa Cruz County,ocd-division/country:us/state:ca/county:santa_cruz
Shasta County,ocd-division/country:us/state:ca/county:shasta
Sierra County,ocd-division/country:us/state:ca/county:sierra
Siskiyou County,ocd-division/country:us/state:ca/county:siskiyou
Solano County,ocd-division/country:us/state:ca/county:solano
Sonoma County,ocd-division/country:us/state:ca/county:sonoma
Stanislaus County,ocd-division/country:us/state:ca/county:stanislaus
Sutter County,ocd-division/country:us/state:ca/county:sutter
Tehama County,ocd-division/country:us/state:ca/county:tehama
Trinity County,ocd-division/country:us/state:ca/county:trinity
Tulare County,ocd-division/country:us/state:ca/county:tulare
Tuolumne County,ocd-division/country:us/state:ca/county:tuolumne
Ventura County,ocd-division/country:us/state:ca/county:ventura
Yolo County,ocd-division/country:us/state:ca/county:yolo
Yuba County,ocd-division/country:us/state:ca/county:yuba
Adelanto city,ocd-division/country:us/state:ca/place:adelanto
Agoura Hills city,ocd-division/country:us/state:ca/place:agoura_hills
Alameda city,ocd-division/country:us/state:ca/place:alameda
Albany city,ocd-division/country:us/state:ca/place:albany
Alhambra city,ocd-division/country:us/state:ca/place:alhambra
Aliso Viejo city,ocd-division/country:us/state:ca/place:aliso_viejo
Alturas city,ocd-division/country:us/state:ca/place:alturas
Amador City city,ocd-division/country:us/state:ca/place:amador_city
American Canyon city,ocd-division/country:us/state:ca/place:american_canyon
Anaheim city,ocd-division/country:us/state:ca/place:anaheim
Anderson city,ocd-division/country:us/state:ca/place:anderson
Angels city,ocd-division/country:us/state:ca/place:angels
Antioch city,ocd-division/country:us/state:ca/place:antioch
Apple Valley town,ocd-division/country:us/state:ca/place:apple_valley
Arcadia city,ocd-division/country:us/state:ca/place:arcadia
Arcata city,ocd-division/country:us/state:ca/place:arcata
Arroyo Grande city,ocd-division/country:us/state:ca/place:arroyo_grande
Artesia city,ocd-division/country:us/state:ca/place:artesia
Arvin city,ocd-division/country:us/state:ca/place:arvin
Atascadero city,ocd-division/country:us/state:ca/place:atascadero
Atherton town,ocd-division/country:us/state:ca/place:atherton
Atwater city,ocd-division/country:us/state:ca/place:atwater
Auburn city,ocd-division/country:us/state:ca/place:auburn
Avalon city,ocd-division/country:us/state:ca/place:avalon
Avenal city,ocd-division/country:us/state:ca/place:avenal
Azusa city,ocd-division/country:us/state:ca/place:azusa
Bakersfield city,ocd-division/country:us/state:ca/place:bakersfield
Baldwin Park city,ocd-division/country:us/state:ca/place:baldwin_park
Banning city,ocd-division/country:us/state:ca/place:banning
Barstow city,ocd-division/country:us/state:ca/place:barstow
Beaumont city,ocd-division/country:us/state:ca/place:beaumont
Bell city,ocd-division/country:us/state:ca/place:bell
Bell Gardens city,ocd-division/country:us/state:ca/place:bell_gardens
Bellflower city,ocd-division/country:us/state:ca/place:bellflower
Belmont city,ocd-division/country:us/state:ca/place:belmont
Belvedere city,ocd-division/country:us/state:ca/place:belvedere
Benicia city,ocd-division/country:us/state:ca/place:benicia
Berkeley city,ocd-division/country:us/state:ca/place:berkeley
Beverly Hills city,ocd-division/country:us/state:ca/place:beverly_hills
Big Bear Lake city,ocd-division/country:us/state:ca/place:big_bear_lake
Biggs city,ocd-division/country:us/state:ca/place:biggs
Bishop city,ocd-division/country:us/state:ca/place:bishop
Blue Lake city,ocd-division/country:us/state:ca/place:blue_lake
Blythe city,ocd-division/country:us/state:ca/place:blythe
Bradbury city,ocd-division/country:us/state:ca/place:bradbury
Brawley city,ocd-division/country:us/state:ca/place:brawley
Brea city,ocd-division/country:us/state:ca/place:brea
Brentwood city,ocd-division/country:us/state:ca/place:brentwood
Brisbane city,ocd-division/country:us/state:ca/place:brisbane
Buellton city,ocd-division/country:us/state:ca/place:buellton
Buena Park city,ocd-division/country:us/state:ca/place:buena_park
Burbank city,ocd-division/country:us/state:ca/place:burbank
Burlingame city,ocd-division/country:us/state:ca/place:burlingame
Calabasas city,ocd-division/country:us/state:ca/place:calabasas
Calexico city,ocd-division/country:us/state:ca/place:calexico
California City city,ocd-division/country:us/state:ca/place:california_city
Calimesa city,ocd-division/country:us/state:ca/place:calimesa
Calipatria city,ocd-division/country:us/state:ca/place:calipatria
Calistoga city,ocd-division/country:us/state:ca/place:calistoga
Camarillo city,ocd-division/country:us/state:ca/place:camarillo
Campbell city,ocd-division/country:us/state:ca/place:campbell
Canyon Lake city,ocd-division/country:us/state:ca/place:canyon_lake
Capitola city,ocd-division/country:us/state:ca/place:capitola
Carlsbad city,ocd-division/country:us/state:ca/place:carlsbad
Carmel-by-the-Sea city,ocd-division/country:us/state:ca/place:carmel-by-the-sea
Carpinteria city,ocd-division/country:us/state:ca/place:carpinteria
Carson city,ocd-division/country:us/state:ca/place:carson
Cathedral City city,ocd-division/country:us/state:ca/place:cathedral_city
Ceres city,ocd-division/country:us/state:ca/place:ceres
Cerritos city,ocd-division/country:us/state:ca/place:cerritos
Chico city,ocd-division/country:us/state:ca/place:chico
Chino city,ocd-division/country:us/state:ca/place:chino
Chino Hills city,ocd-division/country:us/state:ca/place:chino_hills
Chowchilla city,ocd-division/country:us/state:ca/place:chowchilla
Chula Vista city,ocd-division/country:us/state:ca/place:chula_vista
Citrus Heights city,ocd-division/country:us/state:ca/place:citrus_heights
Claremont city,ocd-division/country:us/state:ca/place:claremont
Clayton city,ocd-division/country:us/state:ca/place:clayton
Clearlake city,ocd-division/country:us/state:ca/place:clearlake
Cloverdale city,ocd-division/country:us/state:ca/place:cloverdale
Clovis city,ocd-division/country:us/state:ca/place:clovis
Coachella city,ocd-division/country:us/state:ca/place:coachella
Coalinga city,ocd-division/country:us/state:ca/place:coalinga
Colfax city,ocd-division/country:us/state:ca/place:colfax
Colma town,ocd-division/country:us/state:ca/place:colma
Colton city,ocd-division/country:us/state:ca/place:colton
Colusa city,ocd-division/country:us/state:ca/place:colusa
Commerce city,ocd-division/country:us/state:ca/place:commerce
Compton city,ocd-division/country:us/state:ca/place:compton
Concord city,ocd-division/country:us/state:ca/place:concord
Corcoran city,ocd-division/country:us/state:ca/place:corcoran
Corning city,ocd-division/country:us/state:ca/place:corning
Corona city,ocd-division/country:us/state:ca/place:corona
Coronado city,ocd-division/country:us/state:ca/place:coronado
Corte Madera town,ocd-division/country:us/state:ca/place:corte_madera
Costa Mesa city,ocd-division/country:us/state:ca/place:costa_mesa
Cotati city,ocd-division/country:us/state:ca/place:cotati
Covina city,ocd-division/country:us/state:ca/place:covina
Crescent City city,ocd-division/country:us/state:ca/place:crescent_city
Cudahy city,ocd-division/country:us/state:ca/place:cudahy
Culver City city,ocd-division/country:us/state:ca/place:culver_city
Cupertino city,ocd-division/country:us/state:ca/place:cupertino
Cypress city,ocd-division/country:us/state:ca/place:cypress
Daly City city,ocd-division/country:us/state:ca/place:daly_city
Dana Point city,ocd-division/country:us/state:ca/place:dana_point
Danville town,ocd-division/country:us/state:ca/place:danville
Davis city,ocd-division/country:us/state:ca/place:davis
Del Mar city,ocd-division/country:us/state:ca/place:del_mar
Del Rey Oaks city,ocd-division/country:us/state:ca/place:del_rey_oaks
Delano city,ocd-division/country:us/state:ca/place:delano
Desert Hot Springs city,ocd-division/country:us/state:ca/place:desert_hot_springs
Diamond Bar city,ocd-division/country:us/state:ca/place:diamond_bar
Dinuba city,ocd-division/country:us/state:ca/place:dinuba
Dixon city,ocd-division/country:us/state:ca/place:dixon
Dorris city,ocd-division/country:us/state:ca/place:dorris
Dos Palos city,ocd-division/country:us/state:ca/place:dos_palos
Downey city,ocd-division/country:us/state:ca/place:downey
Duarte city,ocd-division/country:us/state:ca/place:duarte
Dublin city,ocd-division/country:us/state:ca/place:dublin
Dunsmuir city,ocd-division/country:us/state:ca/place:dunsmuir
East Palo Alto city,ocd-division/country:us/state:ca/place:east_palo_alto
El Cajon city,ocd-division/country:us/state:ca/place:el_cajon
El Centro city,ocd-division/country:us/state:ca/place:el_centro
El Cerrito city,ocd-division/country:us/state:ca/place:el_cerrito
El Monte city,ocd-division/country:us/state:ca/place:el_monte
El Paso de Robles (Paso Robles) city,ocd-division/country:us/state:ca/place:el_paso_de_robles_~paso_robles~
El Segundo city,ocd-division/country:us/state:ca/place:el_segundo
Elk Grove city,ocd-division/country:us/state:ca/place:elk_grove
Emeryville city,ocd-division/country:us/state:ca/place:emeryville
Encinitas city,ocd-division/country:us/state:ca/place:encinitas
Escalon city,ocd-division/country:us/state:ca/place:escalon
Escondido city,ocd-division/country:us/state:ca/place:escondido
Etna city,ocd-division/country:us/state:ca/place:etna
Eureka city,ocd-division/country:us/state:ca/place:eureka
Exeter city,ocd-division/country:us/state:ca/place:exeter
Fairfax town,ocd-division/country:us/state:ca/place:fairfax
Fairfield city,ocd-division/country:us/state:ca/place:fairfield
Farmersville city,ocd-division/country:us/state:ca/place:farmersville
Ferndale city,ocd-division/country:us/state:ca/place:ferndale
Fillmore city,ocd-division/country:us/state:ca/place:fillmore
Firebaugh city,ocd-division/country:us/state:ca/place:firebaugh
Folsom city,ocd-division/country:us/state:ca/place:folsom
Fontana city,ocd-division/country:us/state:ca/place:fontana
Fort Bragg city,ocd-division/country:us/state:ca/place:fort_bragg
Fort Jones city,ocd-division/country:us/state:ca/place:fort_jones
Fortuna city,ocd-division/country:us/state:ca/place:fortuna
Foster City city,ocd-division/country:us/state:ca/place:foster_city
Fountain Valley city,ocd-division/country:us/state:ca/place:fountain_valley
Fowler city,ocd-division/country:us/state:ca/place:fowler
Fremont city,ocd-division/country:us/state:ca/place:fremont
Fresno city,ocd-division/country:us/state:ca/place:fresno
Fullerton city,ocd-division/country:us/state:ca/place:fullerton
Galt city,ocd-division/country:us/state:ca/place:galt
Garden Grove city,ocd-division/country:us/state:ca/place:garden_grove
Gardena city,ocd-division/country:us/state:ca/place:gardena
Gilroy city,ocd-division/country:us/state:ca/place:gilroy
Glendale city,ocd-division/country:us/state:ca/place:glendale
Glendora city,ocd-division/country:us/state:ca/place:glendora
Goleta city,ocd-division/country:us/state:ca/place:goleta
Gonzales city,ocd-division/country:us/state:ca/place:gonzales
Grand Terrace city,ocd-division/country:us/state:ca/place:grand_terrace
Grass Valley city,ocd-division/country:us/state:ca/place:grass_valley
Greenfield city,ocd-division/country:us/state:ca/place:greenfield
Gridley city,ocd-division/country:us/state:ca/place:gridley
Grover Beach city,ocd-division/country:us/state:ca/place:grover_beach
Guadalupe city,ocd-division/country:us/state:ca/place:guadalupe
Gustine city,ocd-division/country:us/state:ca/place:gustine
Half Moon Bay city,ocd-division/country:us/state:ca/place:half_moon_bay
Hanford city,ocd-division/country:us/state:ca/place:hanford
Hawaiian Gardens city,ocd-division/country:us/state:ca/place:hawaiian_gardens
Hawthorne city,ocd-division/country:us/state:ca/place:hawthorne
Hayward city,ocd-division/country:us/state:ca/place:hayward
Healdsburg city,ocd-division/country:us/state:ca/place:healdsburg
Hemet city,ocd-division/country:us/state:ca/place:hemet
Hercules city,ocd-division/country:us/state:ca/place:hercules
Hermosa Beach city,ocd-division/country:us/state:ca/place:hermosa_beach
Hesperia city,ocd-division/country:us/state:ca/place:hesperia
Hidden Hills city,ocd-division/country:us/state:ca/place:hidden_hills
Highland city,ocd-division/country:us/state:ca/place:highland
Hillsborough town,ocd-division/country:us/state:ca/place:hillsborough
Hollister city,ocd-division/country:us/state:ca/place:hollister
Holtville city,ocd-division/country:us/state:ca/place:holtville
Hughson city,ocd-division/country:us/state:ca/place:hughson
Huntington Beach city,ocd-division/country:us/state:ca/place:huntington_beach
Huntington Park city,ocd-division/country:us/state:ca/place:huntington_park
Huron city,ocd-division/country:us/state:ca/place:huron
Imperial city,ocd-division/country:us/state:ca/place:imperial
Imperial Beach city,ocd-division/country:us/state:ca/place:imperial_beach
Indian Wells city,ocd-division/country:us/state:ca/place:indian_wells
Indio city,ocd-division/country:us/state:ca/place:indio
Industry city,ocd-division/country:us/state:ca/place:industry
Inglewood city,ocd-division/country:us/state:ca/place:inglewood
Ione city,ocd-division/country:us/state:ca/place:ione
Irvine city,ocd-division/country:us/state:ca/place:irvine
Irwindale city,ocd-division/country:us/state:ca/place:irwindale
Isleton city,ocd-division/country:us/state:ca/place:isleton
Jackson city,ocd-division/country:us/state:ca/place:jackson
Kerman city,ocd-division/country:us/state:ca/place:kerman
King City city,ocd-division/country:us/state:ca/place:king_city
Kingsburg city,ocd-division/country:us/state:ca/place:kingsburg
La Cañada Flintridge city,ocd-division/country:us/state:ca/place:la_ca~ada_flintridge
La Habra city,ocd-division/country:us/state:ca/place:la_habra
La Habra Heights city,ocd-division/country:us/state:ca/place:la_habra_heights
La Mesa city,ocd-division/country:us/state:ca/place:la_mesa
La Mirada city,ocd-division/country:us/state:ca/place:la_mirada
La Palma city,ocd-division/country:us/state:ca/place:la_palma
La Puente city,ocd-division/country:us/state:ca/place:la_puente
La Quinta city,ocd-division/country:us/state:ca/place:la_quinta
La Verne city,ocd-division/country:us/state:ca/place:la_verne
Lafayette city,ocd-division/country:us/state:ca/place:lafayette
Laguna Beach city,ocd-division/country:us/state:ca/place:laguna_beach
Laguna Hills city,ocd-division/country:us/state:ca/place:laguna_hills
Laguna Niguel city,ocd-division/country:us/state:ca/place:laguna_niguel
Laguna Woods city,ocd-division/country:us/state:ca/place:laguna_woods
Lake Elsinore city,ocd-division/country:us/state:ca/place:lake_elsinore
Lake Forest city,ocd-division/country:us/state:ca/place:lake_forest
Lakeport city,ocd-division/country:us/state:ca/place:lakeport
Lakewood city,ocd-division/country:us/state:ca/place:lakewood
Lancaster city,ocd-division/country:us/state:ca/place:lancaster
Larkspur city,ocd-division/country:us/state:ca/place:larkspur
Lathrop city,ocd-division/country:us/state:ca/place:lathrop
Lawndale city,ocd-division/country:us/state:ca/place:lawndale
Lemon Grove city,ocd-division/country:us/state:ca/place:lemon_grove
Lemoore city,ocd-division/country:us/state:ca/place:lemoore
Lincoln city,ocd-division/country:us/state:ca/place:lincoln
Lindsay city,ocd-division/country:us/state:ca/place:lindsay
Live Oak city,ocd-division/country:us/state:ca/place:live_oak
Livermore city,ocd-division/country:us/state:ca/place:livermore
Livingston city,ocd-division/country:us/state:ca/place:livingston
Lodi city,ocd-division/country:us/state:ca/place:lodi
Loma Linda city,ocd-division/country:us/state:ca/place:loma_linda
Lomita city,ocd-division/country:us/state:ca/place:lomita
Lompoc city,ocd-division/country:us/state:ca/place:lompoc
Long Beach city,ocd-division/country:us/state:ca/place:long_beach
Loomis town,ocd-division/country:us/state:ca/place:loomis
Los Alamitos city,ocd-division/country:us/state:ca/place:los_alamitos
Los Altos city,ocd-division/country:us/state:ca/place:los_altos
Los Altos Hills town,ocd-division/country:us/state:ca/place:los_altos_hills
Los Angeles city,ocd-division/country:us/state:ca/place:los_angeles
Los Banos city,ocd-division/country:us/state:ca/place:los_banos
Los Gatos town,ocd-division/country:us/state:ca/place:los_gatos
Loyalton city,ocd-division/country:us/state:ca/place:loyalton
Lynwood city,ocd-division/country:us/state:ca/place:lynwood
Madera city,ocd-division/country:us/state:ca/place:madera
Malibu city,ocd-division/country:us/state:ca/place:malibu
Mammoth Lakes town,ocd-division/country:us/state:ca/place:mammoth_lakes
Manhattan Beach city,ocd-division/country:us/state:ca/place:manhattan_beach
Manteca city,ocd-division/country:us/state:ca/place:manteca
Maricopa city,ocd-division/country:us/state:ca/place:maricopa
Marina city,ocd-division/country:us/state:ca/place:marina
Martinez city,ocd-division/country:us/state:ca/place:martinez
Marysville city,ocd-division/country:us/state:ca/place:marysville
Maywood city,ocd-division/country:us/state:ca/place:maywood
McFarland city,ocd-division/country:us/state:ca/place:mcfarland
Mendota city,ocd-division/country:us/state:ca/place:mendota
Menifee city,ocd-division/country:us/state:ca/place:menifee
Menlo Park city,ocd-division/country:us/state:ca/place:menlo_park
Merced city,ocd-division/country:us/state:ca/place:merced
Mill Valley city,ocd-division/country:us/state:ca/place:mill_valley
Millbrae city,ocd-division/country:us/state:ca/place:millbrae
Milpitas city,ocd-division/country:us/state:ca/place:milpitas
Mission Viejo city,ocd-division/country:us/state:ca/place:mission_viejo
Modesto city,ocd-division/country:us/state:ca/place:modesto
Monrovia city,ocd-division/country:us/state:ca/place:monrovia
Montague city,ocd-division/country:us/state:ca/place:montague
Montclair city,ocd-division/country:us/state:ca/place:montclair
Monte Sereno city,ocd-division/country:us/state:ca/place:monte_sereno
Montebello city,ocd-division/country:us/state:ca/place:montebello
Monterey city,ocd-division/country:us/state:ca/place:monterey
Monterey Park city,ocd-division/country:us/state:ca/place:monterey_park
Moorpark city,ocd-division/country:us/state:ca/place:moorpark
Moraga town,ocd-division/country:us/state:ca/place:moraga
Moreno Valley city,ocd-division/country:us/state:ca/place:moreno_valley
Morgan Hill city,ocd-division/country:us/state:ca/place:morgan_hill
Morro Bay city,ocd-division/country:us/state:ca/place:morro_bay
Mount Shasta city,ocd-division/country:us/state:ca/place:mount_shasta
Mountain View city,ocd-division/country:us/state:ca/place:mountain_view
Murrieta city,ocd-division/country:us/state:ca/place:murrieta
Napa city,ocd-division/country:us/state:ca/place:napa
National City city,ocd-division/country:us/state:ca/place:national_city
Needles city,ocd-division/country:us/state:ca/place:needles
Nevada City city,ocd-division/country:us/state:ca/place:nevada_city
Newark city,ocd-division/country:us/state:ca/place:newark
Newman city,ocd-division/country:us/state:ca/place:newman
Newport Beach city,ocd-division/country:us/state:ca/place:newport_beach
Norco city,ocd-division/country:us/state:ca/place:norco
Norwalk city,ocd-division/country:us/state:ca/place:norwalk
Novato city,ocd-division/country:us/state:ca/place:novato
Oakdale city,ocd-division/country:us/state:ca/place:oakdale
Oakland city,ocd-division/country:us/state:ca/place:oakland
Oakley city,ocd-division/country:us/state:ca/place:oakley
Oceanside city,ocd-division/country:us/state:ca/place:oceanside
Ojai city,ocd-division/country:us/state:ca/place:ojai
Ontario city,ocd-division/country:us/state:ca/place:ontario
Orange city,ocd-division/country:us/state:ca/place:orange
Orange Cove city,ocd-division/country:us/state:ca/place:orange_cove
Orinda city,ocd-division/country:us/state:ca/place:orinda
Orland city,ocd-division/country:us/state:ca/place:orland
Oroville city,ocd-division/country:us/state:ca/place:oroville
Oxnard city,ocd-division/country:us/state:ca/place:oxnard
Pacific Grove city,ocd-division/country:us/state:ca/place:pacific_grove
Pacifica city,ocd-division/country:us/state:ca/place:pacifica
Palm Desert city,ocd-division/country:us/state:ca/place:palm_desert
Palm Springs city,ocd-division/country:us/state:ca/place:palm_springs
Palmdale city,ocd-division/country:us/state:ca/place:palmdale
Palo Alto city,ocd-division/country:us/state:ca/place:palo_alto
Palos Verdes Estates city,ocd-division/country:us/state:ca/place:palos_verdes_estates
Paradise town,ocd-division/country:us/state:ca/place:paradise
Paramount city,ocd-division/country:us/state:ca/place:paramount
Parlier city,ocd-division/country:us/state:ca/place:parlier
Pasadena city,ocd-division/country:us/state:ca/place:pasadena
Patterson city,ocd-division/country:us/state:ca/place:patterson
Perris city,ocd-division/country:us/state:ca/place:perris
Petaluma city,ocd-division/country:us/state:ca/place:petaluma
Pico Rivera city,ocd-division/country:us/state:ca/place:pico_rivera
Piedmont city,ocd-division/country:us/state:ca/place:piedmont
Pinole city,ocd-division/country:us/state:ca/place:pinole
Pismo Beach city,ocd-division/country:us/state:ca/place:pismo_beach
Pittsburg city,ocd-division/country:us/state:ca/place:pittsburg
Placentia city,ocd-division/country:us/state:ca/place:placentia
Placerville city,ocd-division/country:us/state:ca/place:placerville
Pleasant Hill city,ocd-division/country:us/state:ca/place:pleasant_hill
Pleasanton city,ocd-division/country:us/state:ca/place:pleasanton
Plymouth city,ocd-division/country:us/state:ca/place:plymouth
Point Arena city,ocd-division/country:us/state:ca/place:point_arena
Pomona city,ocd-division/country:us/state:ca/place:pomona
Port Hueneme city,ocd-division/country:us/state:ca/place:port_hueneme
Porterville city,ocd-division/country:us/state:ca/place:porterville
Portola city,ocd-division/country:us/state:ca/place:portola
Portola Valley town,ocd-division/country:us/state:ca/place:portola_valley
Poway city,ocd-division/country:us/state:ca/place:poway
Rancho Cordova city,ocd-division/country:us/state:ca/place:rancho_cordova
Rancho Cucamonga city,ocd-division/country:us/state:ca/place:rancho_cucamonga
Rancho Mirage city,ocd-division/country:us/state:ca/place:rancho_mirage
Rancho Palos Verdes city,ocd-division/country:us/state:ca/place:rancho_palos_verdes
Rancho Santa Margarita city,ocd-division/country:us/state:ca/place:rancho_santa_margarita
Red Bluff city,ocd-division/country:us/state:ca/place:red_bluff
Redding city,ocd-division/country:us/state:ca/place:redding
Redlands city,ocd-division/country:us/state:ca/place:redlands
Redondo Beach city,ocd-division/country:us/state:ca/place:redondo_beach
Redwood City city,ocd-division/country:us/state:ca/place:redwood_city
Reedley city,ocd-division/country:us/state:ca/place:reedley
Rialto city,ocd-division/country:us/state:ca/place:rialto
Richmond city,ocd-division/country:us/state:ca/place:richmond
Ridgecrest city,ocd-division/country:us/state:ca/place:ridgecrest
Rio Dell city,ocd-division/country:us/state:ca/place:rio_dell
Rio Vista city,ocd-division/country:us/state:ca/place:rio_vista
Ripon city,ocd-division/country:us/state:ca/place:ripon
Riverbank city,ocd-division/country:us/state:ca/place:riverbank
Riverside city,ocd-division/country:us/state:ca/place:riverside
Rocklin city,ocd-division/country:us/state:ca/place:rocklin
Rohnert Park city,ocd-division/country:us/state:ca/place:rohnert_park
Rolling Hills city,ocd-division/country:us/state:ca/place:rolling_hills
Rolling Hills Estates city,ocd-division/country:us/state:ca/place:rolling_hills_estates
Rosemead city,ocd-division/country:us/state:ca/place:rosemead
Roseville city,ocd-division/country:us/state:ca/place:roseville
Ross town,ocd-division/country:us/state:ca/place:ross
Sacramento city,ocd-division/country:us/state:ca/place:sacramento
Salinas city,ocd-division/country:us/state:ca/place:salinas
San Anselmo town,ocd-division/country:us/state:ca/place:san_anselmo
San Bernardino city,ocd-division/country:us/state:ca/place:san_bernardino
San Bruno city,ocd-division/country:us/state:ca/place:san_bruno
San Buenaventura (Ventura) city,ocd-division/country:us/state:ca/place:san_buenaventura_~ventura~
San Carlos city,ocd-division/country:us/state:ca/place:san_carlos
San Clemente city,ocd-division/country:us/state:ca/place:san_clemente
San Diego city,ocd-division/country:us/state:ca/place:san_diego
San Dimas city,ocd-division/country:us/state:ca/place:san_dimas
San Fernando city,ocd-division/country:us/state:ca/place:san_fernando
San Francisco city,ocd-division/country:us/state:ca/place:san_francisco
San Gabriel city,ocd-division/country:us/state:ca/place:san_gabriel
San Jacinto city,ocd-division/country:us/state:ca/place:san_jacinto
San Joaquin city,ocd-division/country:us/state:ca/place:san_joaquin
San Jose city,ocd-division/country:us/state:ca/place:san_jose
San Juan Bautista city,ocd-division/country:us/state:ca/place:san_juan_bautista
San Juan Capistrano city,ocd-division/country:us/state:ca/place:san_juan_capistrano
San Leandro city,ocd-division/country:us/state:ca/place:san_leandro
San Luis Obispo city,ocd-division/country:us/state:ca/place:san_luis_obispo
San Marcos city,ocd-division/country:us/state:ca/place:san_marcos
San Marino city,ocd-division/country:us/state:ca/place:san_marino
San Mateo city,ocd-division/country:us/state:ca/place:san_mateo
San Pablo city,ocd-division/country:us/state:ca/place:san_pablo
San Rafael city,ocd-division/country:us/state:ca/place:san_rafael
San Ramon city,ocd-division/country:us/state:ca/place:san_ramon
Sand City city,ocd-division/country:us/state:ca/place:sand_city
Sanger city,ocd-division/country:us/state:ca/place:sanger
Santa Ana city,ocd-division/country:us/state:ca/place:santa_ana
Santa Barbara city,ocd-division/country:us/state:ca/place:santa_barbara
Santa Clara city,ocd-division/country:us/state:ca/place:santa_clara
Santa Clarita city,ocd-division/country:us/state:ca/place:santa_clarita
Santa Cruz city,ocd-division/country:us/state:ca/place:santa_cruz
Santa Fe Springs city,ocd-division/country:us/state:ca/place:santa_fe_springs
Santa Maria city,ocd-division/country:us/state:ca/place:santa_maria
Santa Monica city,ocd-division/country:us/state:ca/place:santa_monica
Santa Paula city,ocd-division/country:us/state:ca/place:santa_paula
Santa Rosa city,ocd-division/country:us/state:ca/place:santa_rosa
Santee city,ocd-division/country:us/state:ca/place:santee
Saratoga city,ocd-division/country:us/state:ca/place:saratoga
Sausalito city,ocd-division/country:us/state:ca/place:sausalito
Scotts Valley city,ocd-division/country:us/state:ca/place:scotts_valley
Seal Beach city,ocd-division/country:us/state:ca/place:seal_beach
Seaside city,ocd-division/country:us/state:ca/place:seaside
Sebastopol city,ocd-division/country:us/state:ca/place:sebastopol
Selma city,ocd-division/country:us/state:ca/place:selma
Shafter city,ocd-division/country:us/state:ca/place:shafter
Shasta Lake city,ocd-division/country:us/state:ca/place:shasta_lake
Sierra Madre city,ocd-division/country:us/state:ca/place:sierra_madre
Signal Hill city,ocd-division/country:us/state:ca/place:signal_hill
Simi Valley city,ocd-division/country:us/state:ca/place:simi_valley
Solana Beach city,ocd-division/country:us/state:ca/place:solana_beach
Soledad city,ocd-division/country:us/state:ca/place:soledad
Solvang city,ocd-division/country:us/state:ca/place:solvang
Sonoma city,ocd-division/country:us/state:ca/place:sonoma
Sonora city,ocd-division/country:us/state:ca/place:sonora
South El Monte city,ocd-division/country:us/state:ca/place:south_el_monte
South Gate city,ocd-division/country:us/state:ca/place:south_gate
South Lake Tahoe city,ocd-division/country:us/state:ca/place:south_lake_tahoe
South Pasadena city,ocd-division/country:us/state:ca/place:south_pasadena
South San Francisco city,ocd-division/country:us/state:ca/place:south_san_francisco
St. Helena city,ocd-division/country:us/state:ca/place:st_helena
Stanton city,ocd-division/country:us/state:ca/place:stanton
Stockton city,ocd-division/country:us/state:ca/place:stockton
Suisun City city,ocd-division/country:us/state:ca/place:suisun_city
Sunnyvale city,ocd-division/country:us/state:ca/place:sunnyvale
Susanville city,ocd-division/country:us/state:ca/place:susanville
Sutter Creek city,ocd-division/country:us/state:ca/place:sutter_creek
Taft city,ocd-division/country:us/state:ca/place:taft
Tehachapi city,ocd-division/country:us/state:ca/place:tehachapi
Tehama city,ocd-division/country:us/state:ca/place:tehama
Temecula city,ocd-division/country:us/state:ca/place:temecula
Temple City city,ocd-division/country:us/state:ca/place:temple_city
Thousand Oaks city,ocd-division/country:us/state:ca/place:thousand_oaks
Tiburon town,ocd-division/country:us/state:ca/place:tiburon
Torrance city,ocd-division/country:us/state:ca/place:torrance
Tracy city,ocd-division/country:us/state:ca/place:tracy
Trinidad city,ocd-division/country:us/state:ca/place:trinidad
Truckee town,ocd-division/country:us/state:ca/place:truckee
Tulare city,ocd-division/country:us/state:ca/place:tulare
Tulelake city,ocd-division/country:us/state:ca/place:tulelake
Turlock city,ocd-division/country:us/state:ca/place:turlock
Tustin city,ocd-division/country:us/state:ca/place:tustin
Twentynine Palms city,ocd-division/country:us/state:ca/place:twentynine_palms
Ukiah city,ocd-division/country:us/state:ca/place:ukiah
Union City city,ocd-division/country:us/state:ca/place:union_city
Upland city,ocd-division/country:us/state:ca/place:upland
Vacaville city,ocd-division/country:us/state:ca/place:vacaville
Vallejo city,ocd-division/country:us/state:ca/place:vallejo
Vernon city,ocd-division/country:us/state:ca/place:vernon
Victorville city,ocd-division/country:us/state:ca/place:victorville
Villa Park city,ocd-division/country:us/state:ca/place:villa_park
Visalia city,ocd-division/country:us/state:ca/place:visalia
Vista city,ocd-division/country:us/state:ca/place:vista
Walnut city,ocd-division/country:us/state:ca/place:walnut
Walnut Creek city,ocd-division/country:us/state:ca/place:walnut_creek
Wasco city,ocd-division/country:us/state:ca/place:wasco
Waterford city,ocd-division/country:us/state:ca/place:waterford
Watsonville city,ocd-division/country:us/state:ca/place:watsonville
Weed city,ocd-division/country:us/state:ca/place:weed
West Covina city,ocd-division/country:us/state:ca/place:west_covina
West Hollywood city,ocd-division/country:us/state:ca/place:west_hollywood
West Sacramento city,ocd-division/country:us/state:ca/place:west_sacramento
Westlake Village city,ocd-division/country:us/state:ca/place:westlake_village
Westminster city,ocd-division/country:us/state:ca/place:westminster
Westmorland city,ocd-division/country:us/state:ca/place:westmorland
Wheatland city,ocd-division/country:us/state:ca/place:wheatland
Whittier city,ocd-division/country:us/state:ca/place:whittier
Wildomar city,ocd-division/country:us/state:ca/place:wildomar
Williams city,ocd-division/country:us/state:ca/place:williams
Willits city,ocd-division/country:us/state:ca/place:willits
Willows city,ocd-division/country:us/state:ca/place:willows
Windsor town,ocd-division/country:us/state:ca/place:windsor
Winters city,ocd-division/country:us/state:ca/place:winters
Woodlake city,ocd-division/country:us/state:ca/place:woodlake
Woodland city,ocd-division/country:us/state:ca/place:woodland
Woodside town,ocd-division/country:us/state:ca/place:woodside
Yorba Linda city,ocd-division/country:us/state:ca/place:yorba_linda
Yountville city,ocd-division/country:us/state:ca/place:yountville
Yreka city,ocd-division/country:us/state:ca/place:yreka
Yuba City city,ocd-division/country:us/state:ca/place:yuba_city
Yucaipa city,ocd-division/country:us/state:ca/place:yucaipa
Yucca Valley town,ocd-division/country:us/state:ca/place:yucca_valley
