ocd-division/country:us/state:nd/county:adams/precinct:1,Adams County Precinct 1
ocd-division/country:us/state:nd/county:barnes/precinct:1,Barnes County Precinct 1
ocd-division/country:us/state:nd/county:barnes/precinct:2,Barnes County Precinct 2
ocd-division/country:us/state:nd/county:barnes/precinct:3,Barnes County Precinct 3
ocd-division/country:us/state:nd/county:barnes/precinct:4,Barnes County Precinct 4
ocd-division/country:us/state:nd/county:barnes/precinct:5,Barnes County Precinct 5
ocd-division/country:us/state:nd/county:barnes/precinct:6,Barnes County Precinct 6
ocd-division/country:us/state:nd/county:barnes/precinct:7,Barnes County Precinct 7
ocd-division/country:us/state:nd/county:barnes/precinct:8,Barnes County Precinct 8
ocd-division/country:us/state:nd/county:barnes/precinct:9,Barnes County Precinct 9
ocd-division/country:us/state:nd/county:barnes/precinct:10,Barnes County Precinct 10
ocd-division/country:us/state:nd/county:barnes/precinct:11,Barnes County Precinct 11
ocd-division/country:us/state:nd/county:barnes/precinct:12,Barnes County Precinct 12
ocd-division/country:us/state:nd/county:barnes/precinct:13,Barnes County Precinct 13
ocd-division/country:us/state:nd/county:barnes/precinct:14,Barnes County Precinct 14
ocd-division/country:us/state:nd/county:barnes/precinct:15,Barnes County Precinct 15
ocd-division/country:us/state:nd/county:benson/precinct:3-esmond,Benson County Precinct 3-Esmond
ocd-division/country:us/state:nd/county:benson/precinct:7-ft_totten,Benson County Precinct 7-Ft Totten
ocd-division/country:us/state:nd/county:benson/precinct:1-knox,Benson County Precinct 1-Knox
ocd-division/country:us/state:nd/county:benson/precinct:2-leeds,Benson County Precinct 2-Leeds
ocd-division/country:us/state:nd/county:benson/precinct:4-maddock,Benson County Precinct 4-Maddock
ocd-division/country:us/state:nd/county:benson/precinct:5-minnewaukan,Benson County Precinct 5-Minnewaukan
ocd-division/country:us/state:nd/county:benson/precinct:6-oberon,Benson County Precinct 6-Oberon
ocd-division/country:us/state:nd/county:benson/precinct:8-warwick,Benson County Precinct 8-Warwick
ocd-division/country:us/state:nd/county:billings/precinct:1,Billings County Precinct 1
ocd-division/country:us/state:nd/county:billings/precinct:2,Billings County Precinct 2
ocd-division/country:us/state:nd/county:billings/precinct:3,Billings County Precinct 3
ocd-division/country:us/state:nd/county:bottineau/precinct:1,Bottineau County Precinct 1
ocd-division/country:us/state:nd/county:bottineau/precinct:2,Bottineau County Precinct 2
ocd-division/country:us/state:nd/county:bottineau/precinct:3,Bottineau County Precinct 3
ocd-division/country:us/state:nd/county:bottineau/precinct:4,Bottineau County Precinct 4
ocd-division/country:us/state:nd/county:bottineau/precinct:5,Bottineau County Precinct 5
ocd-division/country:us/state:nd/county:bowman/precinct:1-bowman_city,Bowman County Precinct 1-Bowman City
ocd-division/country:us/state:nd/county:bowman/precinct:2-bowman_four_seasons,Bowman County Precinct 2-Bowman Four Seasons
ocd-division/country:us/state:nd/county:bowman/precinct:3-rhame,Bowman County Precinct 3-Rhame
ocd-division/country:us/state:nd/county:bowman/precinct:4-scranton,Bowman County Precinct 4-Scranton
ocd-division/country:us/state:nd/county:burke/precinct:1,Burke County Precinct 1
ocd-division/country:us/state:nd/county:burke/precinct:2,Burke County Precinct 2
ocd-division/country:us/state:nd/county:burke/precinct:3,Burke County Precinct 3
ocd-division/country:us/state:nd/county:burke/precinct:4,Burke County Precinct 4
ocd-division/country:us/state:nd/county:burke/precinct:5,Burke County Precinct 5
ocd-division/country:us/state:nd/county:burke/precinct:6,Burke County Precinct 6
ocd-division/country:us/state:nd/county:burleigh/precinct:701-1st_evangelical_free_church,Burleigh County Precinct 701-1St Evangelical Free Church
ocd-division/country:us/state:nd/county:burleigh/precinct:806-1st_evangelical_free_church,Burleigh County Precinct 806-1St Evangelical Free Church
ocd-division/country:us/state:nd/county:burleigh/precinct:3203-bis_civic_center,Burleigh County Precinct 3203-Bis Civic Center
ocd-division/country:us/state:nd/county:burleigh/precinct:3206-bis_civic_center_moses,Burleigh County Precinct 3206-Bis Civic Center Moses
ocd-division/country:us/state:nd/county:burleigh/precinct:3204-bis_civic_center_myhre,Burleigh County Precinct 3204-Bis Civic Center Myhre
ocd-division/country:us/state:nd/county:burleigh/precinct:3207-bis_civic_center_riverwood,Burleigh County Precinct 3207-Bis Civic Center Riverwood
ocd-division/country:us/state:nd/county:burleigh/precinct:3205-bis_civic_center_wachter,Burleigh County Precinct 3205-Bis Civic Center Wachter
ocd-division/country:us/state:nd/county:burleigh/precinct:2803-burleigh_county_4h_building,Burleigh County Precinct 2803-Burleigh County 4H Building
ocd-division/country:us/state:nd/county:burleigh/precinct:705-burleigh_county_4h_building,Burleigh County Precinct 705-Burleigh County 4H Building
ocd-division/country:us/state:nd/county:burleigh/precinct:804-burleigh_county_4h_building,Burleigh County Precinct 804-Burleigh County 4H Building
ocd-division/country:us/state:nd/county:burleigh/precinct:4704-centennial_school,Burleigh County Precinct 4704-Centennial School
ocd-division/country:us/state:nd/county:burleigh/precinct:702-evangel_assembly_of_god,Burleigh County Precinct 702-Evangel Assembly Of God
ocd-division/country:us/state:nd/county:burleigh/precinct:805-evangel_assembly_of_god,Burleigh County Precinct 805-Evangel Assembly Of God
ocd-division/country:us/state:nd/county:burleigh/precinct:4702-gateway_mall,Burleigh County Precinct 4702-Gateway Mall
ocd-division/country:us/state:nd/county:burleigh/precinct:4703-grimsrud_school,Burleigh County Precinct 4703-Grimsrud School
ocd-division/country:us/state:nd/county:burleigh/precinct:3501-highland_acres_school,Burleigh County Precinct 3501-Highland Acres School
ocd-division/country:us/state:nd/county:burleigh/precinct:4701-horizon_middle_school,Burleigh County Precinct 4701-Horizon Middle School
ocd-division/country:us/state:nd/county:burleigh/precinct:706-lincoln_city_hall,Burleigh County Precinct 706-Lincoln City Hall
ocd-division/country:us/state:nd/county:burleigh/precinct:3003-lord_of_life_church,Burleigh County Precinct 3003-Lord Of Life Church
ocd-division/country:us/state:nd/county:burleigh/precinct:2802-menoken_school,Burleigh County Precinct 2802-Menoken School
ocd-division/country:us/state:nd/county:burleigh/precinct:3502-nd_state_capitol_building,Burleigh County Precinct 3502-Nd State Capitol Building
ocd-division/country:us/state:nd/county:burleigh/precinct:3503-northridge_school,Burleigh County Precinct 3503-Northridge School
ocd-division/country:us/state:nd/county:burleigh/precinct:3504-pioneer_school,Burleigh County Precinct 3504-Pioneer School
ocd-division/country:us/state:nd/county:burleigh/precinct:3201-riverside_school,Burleigh County Precinct 3201-Riverside School
ocd-division/country:us/state:nd/county:burleigh/precinct:3505-robert_miller_school,Burleigh County Precinct 3505-Robert Miller School
ocd-division/country:us/state:nd/county:burleigh/precinct:3202-roosevelt_school,Burleigh County Precinct 3202-Roosevelt School
ocd-division/country:us/state:nd/county:burleigh/precinct:3002-senior_center,Burleigh County Precinct 3002-Senior Center
ocd-division/country:us/state:nd/county:burleigh/precinct:703-shiloh_christian_school,Burleigh County Precinct 703-Shiloh Christian School
ocd-division/country:us/state:nd/county:burleigh/precinct:3506-simle_middle_school,Burleigh County Precinct 3506-Simle Middle School
ocd-division/country:us/state:nd/county:burleigh/precinct:3004-solheim_school,Burleigh County Precinct 3004-Solheim School
ocd-division/country:us/state:nd/county:burleigh/precinct:2801-sterling_school,Burleigh County Precinct 2801-Sterling School
ocd-division/country:us/state:nd/county:burleigh/precinct:704-sunrise_elementary_school,Burleigh County Precinct 704-Sunrise Elementary School
ocd-division/country:us/state:nd/county:burleigh/precinct:3001-united_tribes_tech_college,Burleigh County Precinct 3001-United Tribes Tech College
ocd-division/country:us/state:nd/county:burleigh/precinct:801-wilton_county_shop,Burleigh County Precinct 801-Wilton County Shop
ocd-division/country:us/state:nd/county:burleigh/precinct:802-wilton_county_shop_regan,Burleigh County Precinct 802-Wilton County Shop Regan
ocd-division/country:us/state:nd/county:burleigh/precinct:803-wing_fire_hall,Burleigh County Precinct 803-Wing Fire Hall
ocd-division/country:us/state:nd/county:cass/precinct:1101-olivet_lutheran_church,Cass County Precinct 1101-Olivet Lutheran Church
ocd-division/country:us/state:nd/county:cass/precinct:1102-doublewood_inn,Cass County Precinct 1102-Doublewood Inn
ocd-division/country:us/state:nd/county:cass/precinct:1301-westside_elem_school,Cass County Precinct 1301-Westside Elem School
ocd-division/country:us/state:nd/county:cass/precinct:1302-west_fargo_city_hall,Cass County Precinct 1302-West Fargo City Hall
ocd-division/country:us/state:nd/county:cass/precinct:1303-veterans_memorial_arena,Cass County Precinct 1303-Veterans Memorial Arena
ocd-division/country:us/state:nd/county:cass/precinct:1601-meadowridge_bible_chapel,Cass County Precinct 1601-Meadowridge Bible Chapel
ocd-division/country:us/state:nd/county:cass/precinct:1602-holy_cross_church,Cass County Precinct 1602-Holy Cross Church
ocd-division/country:us/state:nd/county:cass/precinct:1603-scheels_arena,Cass County Precinct 1603-Scheels Arena
ocd-division/country:us/state:nd/county:cass/precinct:2001-northern_cass_psd,Cass County Precinct 2001-Northern Cass Psd
ocd-division/country:us/state:nd/county:cass/precinct:2101-robert_d_johnson_rec_ctr,Cass County Precinct 2101-Robert D Johnson Rec Ctr
ocd-division/country:us/state:nd/county:cass/precinct:2102-fargo_civic_center,Cass County Precinct 2102-Fargo Civic Center
ocd-division/country:us/state:nd/county:cass/precinct:2201-page_senior_ctr,Cass County Precinct 2201-Page Senior Ctr
ocd-division/country:us/state:nd/county:cass/precinct:2202-arthur_community_hall,Cass County Precinct 2202-Arthur Community Hall
ocd-division/country:us/state:nd/county:cass/precinct:2203-buffalo_community_center,Cass County Precinct 2203-Buffalo Community Center
ocd-division/country:us/state:nd/county:cass/precinct:2204-days_inn_casselton,Cass County Precinct 2204-Days Inn Casselton
ocd-division/country:us/state:nd/county:cass/precinct:2205-mapleton_community_ctr,Cass County Precinct 2205-Mapleton Community Ctr
ocd-division/country:us/state:nd/county:cass/precinct:2206-shiloh_evangelical_church,Cass County Precinct 2206-Shiloh Evangelical Church
ocd-division/country:us/state:nd/county:cass/precinct:2207-davenport_community_ctr,Cass County Precinct 2207-Davenport Community Ctr
ocd-division/country:us/state:nd/county:cass/precinct:2208-horace_senior_center,Cass County Precinct 2208-Horace Senior Center
ocd-division/country:us/state:nd/county:cass/precinct:2401-tower_city_community_ctr,Cass County Precinct 2401-Tower City Community Ctr
ocd-division/country:us/state:nd/county:cass/precinct:2402-nu_tech_offices_alice,Cass County Precinct 2402-Nu Tech Offices Alice
ocd-division/country:us/state:nd/county:cass/precinct:2501-hickson_community_center,Cass County Precinct 2501-Hickson Community Center
ocd-division/country:us/state:nd/county:cass/precinct:2502-kindred_city_hall,Cass County Precinct 2502-Kindred City Hall
ocd-division/country:us/state:nd/county:cass/precinct:2701-west_acres_main_entrance,Cass County Precinct 2701-West Acres Main Entrance
ocd-division/country:us/state:nd/county:cass/precinct:2702-living_waters_church,Cass County Precinct 2702-Living Waters Church
ocd-division/country:us/state:nd/county:cass/precinct:2703-calvary_united_methodist,Cass County Precinct 2703-Calvary United Methodist
ocd-division/country:us/state:nd/county:cass/precinct:4101-bethel_evangelical_church,Cass County Precinct 4101-Bethel Evangelical Church
ocd-division/country:us/state:nd/county:cass/precinct:4102-first_assembly_of_god,Cass County Precinct 4102-First Assembly Of God
ocd-division/country:us/state:nd/county:cass/precinct:4401-el_zagal_shrine,Cass County Precinct 4401-El Zagal Shrine
ocd-division/country:us/state:nd/county:cass/precinct:4402-knollbrook_covenant_chrch,Cass County Precinct 4402-Knollbrook Covenant Chrch
ocd-division/country:us/state:nd/county:cass/precinct:4501-fargodome,Cass County Precinct 4501-Fargodome
ocd-division/country:us/state:nd/county:cass/precinct:4502-harwood_city_offices,Cass County Precinct 4502-Harwood City Offices
ocd-division/country:us/state:nd/county:cass/precinct:4503-argusville_fire_hall,Cass County Precinct 4503-Argusville Fire Hall
ocd-division/country:us/state:nd/county:cass/precinct:4601-vista_inn_and_suites,Cass County Precinct 4601-Vista Inn And Suites
ocd-division/country:us/state:nd/county:cass/precinct:4602-atonement_lutheran_church,Cass County Precinct 4602-Atonement Lutheran Church
ocd-division/country:us/state:nd/county:cass/precinct:4603-riverview_place,Cass County Precinct 4603-Riverview Place
ocd-division/country:us/state:nd/county:cavalier/precinct:1,Cavalier County Precinct 1
ocd-division/country:us/state:nd/county:dickey/precinct:1,Dickey County Precinct 1
ocd-division/country:us/state:nd/county:dickey/precinct:2,Dickey County Precinct 2
ocd-division/country:us/state:nd/county:dickey/precinct:3,Dickey County Precinct 3
ocd-division/country:us/state:nd/county:divide/precinct:1,Divide County Precinct 1
ocd-division/country:us/state:nd/county:divide/precinct:2,Divide County Precinct 2
ocd-division/country:us/state:nd/county:divide/precinct:3,Divide County Precinct 3
ocd-division/country:us/state:nd/county:divide/precinct:4,Divide County Precinct 4
ocd-division/country:us/state:nd/county:dunn/precinct:1-antelope_twin_buttes,Dunn County Precinct 1-Antelope Twin Buttes
ocd-division/country:us/state:nd/county:dunn/precinct:2-collins~halliday,Dunn County Precinct 2-Collins/Halliday
ocd-division/country:us/state:nd/county:dunn/precinct:11-dodge~loring,Dunn County Precinct 11-Dodge/Loring
ocd-division/country:us/state:nd/county:dunn/precinct:3-dunn_center~decorah,Dunn County Precinct 3-Dunn Center/Decorah
ocd-division/country:us/state:nd/county:dunn/precinct:8-killdeer_city,Dunn County Precinct 8-Killdeer City
ocd-division/country:us/state:nd/county:dunn/precinct:9-killdeer_unorganized,Dunn County Precinct 9-Killdeer Unorganized
ocd-division/country:us/state:nd/county:dunn/precinct:10-kyseth,Dunn County Precinct 10-Kyseth
ocd-division/country:us/state:nd/county:dunn/precinct:12-manning,Dunn County Precinct 12-Manning
ocd-division/country:us/state:nd/county:dunn/precinct:14-new_hradec,Dunn County Precinct 14-New Hradec
ocd-division/country:us/state:nd/county:dunn/precinct:15-north_fox,Dunn County Precinct 15-North Fox
ocd-division/country:us/state:nd/county:dunn/precinct:16-oakdale,Dunn County Precinct 16-Oakdale
ocd-division/country:us/state:nd/county:eddy/precinct:1,Eddy County Precinct 1
ocd-division/country:us/state:nd/county:eddy/precinct:2,Eddy County Precinct 2
ocd-division/country:us/state:nd/county:eddy/precinct:3,Eddy County Precinct 3
ocd-division/country:us/state:nd/county:eddy/precinct:4,Eddy County Precinct 4
ocd-division/country:us/state:nd/county:emmons/precinct:1,Emmons County Precinct 1
ocd-division/country:us/state:nd/county:emmons/precinct:2,Emmons County Precinct 2
ocd-division/country:us/state:nd/county:emmons/precinct:3,Emmons County Precinct 3
ocd-division/country:us/state:nd/county:emmons/precinct:4,Emmons County Precinct 4
ocd-division/country:us/state:nd/county:emmons/precinct:5,Emmons County Precinct 5
ocd-division/country:us/state:nd/county:foster/precinct:1,Foster County Precinct 1
ocd-division/country:us/state:nd/county:foster/precinct:2,Foster County Precinct 2
ocd-division/country:us/state:nd/county:foster/precinct:3,Foster County Precinct 3
ocd-division/country:us/state:nd/county:foster/precinct:4,Foster County Precinct 4
ocd-division/country:us/state:nd/county:foster/precinct:5,Foster County Precinct 5
ocd-division/country:us/state:nd/county:foster/precinct:6,Foster County Precinct 6
ocd-division/country:us/state:nd/county:golden_valley/precinct:1,Golden Valley County Precinct 1
ocd-division/country:us/state:nd/county:grand_forks/precinct:1-alerus,Grand Forks County Precinct 1-Alerus
ocd-division/country:us/state:nd/county:grand_forks/precinct:5-alerus,Grand Forks County Precinct 5-Alerus
ocd-division/country:us/state:nd/county:grand_forks/precinct:24-alerus,Grand Forks County Precinct 24-Alerus
ocd-division/country:us/state:nd/county:grand_forks/precinct:26-alerus,Grand Forks County Precinct 26-Alerus
ocd-division/country:us/state:nd/county:grand_forks/precinct:27-alerus,Grand Forks County Precinct 27-Alerus
ocd-division/country:us/state:nd/county:grand_forks/precinct:6-bible_baptist_church,Grand Forks County Precinct 6-Bible Baptist Church
ocd-division/country:us/state:nd/county:grand_forks/precinct:17-emerado_community_hall,Grand Forks County Precinct 17-Emerado Community Hall
ocd-division/country:us/state:nd/county:grand_forks/precinct:23-faith_evangelical_church,Grand Forks County Precinct 23-Faith Evangelical Church
ocd-division/country:us/state:nd/county:grand_forks/precinct:25-faith_evangelical_church,Grand Forks County Precinct 25-Faith Evangelical Church
ocd-division/country:us/state:nd/county:grand_forks/precinct:13-gilby_community_center,Grand Forks County Precinct 13-Gilby Community Center
ocd-division/country:us/state:nd/county:grand_forks/precinct:2-holy_family,Grand Forks County Precinct 2-Holy Family
ocd-division/country:us/state:nd/county:grand_forks/precinct:12-hope_evangelical_church,Grand Forks County Precinct 12-Hope Evangelical Church
ocd-division/country:us/state:nd/county:grand_forks/precinct:3-kelly_elementary_school,Grand Forks County Precinct 3-Kelly Elementary School
ocd-division/country:us/state:nd/county:grand_forks/precinct:20-lake_agassiz_school,Grand Forks County Precinct 20-Lake Agassiz School
ocd-division/country:us/state:nd/county:grand_forks/precinct:14-larimore_senior_citizens_cente,Grand Forks County Precinct 14-Larimore Senior Citizens Cente
ocd-division/country:us/state:nd/county:grand_forks/precinct:15-manvel_public_school,Grand Forks County Precinct 15-Manvel Public School
ocd-division/country:us/state:nd/county:grand_forks/precinct:16-northwood_community_center,Grand Forks County Precinct 16-Northwood Community Center
ocd-division/country:us/state:nd/county:grand_forks/precinct:19-public_works,Grand Forks County Precinct 19-Public Works
ocd-division/country:us/state:nd/county:grand_forks/precinct:4-schroeder_middle_school,Grand Forks County Precinct 4-Schroeder Middle School
ocd-division/country:us/state:nd/county:grand_forks/precinct:10-st_paul~s_episcopal_church,Grand Forks County Precinct 10-St Paul'S Episcopal Church
ocd-division/country:us/state:nd/county:grand_forks/precinct:11-st_paul~s_episcopal_church,Grand Forks County Precinct 11-St Paul'S Episcopal Church
ocd-division/country:us/state:nd/county:grand_forks/precinct:18-thompson_community_center,Grand Forks County Precinct 18-Thompson Community Center
ocd-division/country:us/state:nd/county:grand_forks/precinct:21-und_wellness_center,Grand Forks County Precinct 21-Und Wellness Center
ocd-division/country:us/state:nd/county:grand_forks/precinct:22-und_wellness_center,Grand Forks County Precinct 22-Und Wellness Center
ocd-division/country:us/state:nd/county:grand_forks/precinct:8-wilder_school,Grand Forks County Precinct 8-Wilder School
ocd-division/country:us/state:nd/county:grand_forks/precinct:7-winship_elementary_school,Grand Forks County Precinct 7-Winship Elementary School
ocd-division/country:us/state:nd/county:grand_forks/precinct:9-winship_elementary_school,Grand Forks County Precinct 9-Winship Elementary School
ocd-division/country:us/state:nd/county:grant/precinct:2-carson,Grant County Precinct 2-Carson
ocd-division/country:us/state:nd/county:grant/precinct:3-elgin,Grant County Precinct 3-Elgin
ocd-division/country:us/state:nd/county:grant/precinct:4-new_leipzig,Grant County Precinct 4-New Leipzig
ocd-division/country:us/state:nd/county:grant/precinct:1-raleigh,Grant County Precinct 1-Raleigh
ocd-division/country:us/state:nd/county:griggs/precinct:1,Griggs County Precinct 1
ocd-division/country:us/state:nd/county:griggs/precinct:2,Griggs County Precinct 2
ocd-division/country:us/state:nd/county:griggs/precinct:3,Griggs County Precinct 3
ocd-division/country:us/state:nd/county:griggs/precinct:4,Griggs County Precinct 4
ocd-division/country:us/state:nd/county:griggs/precinct:5,Griggs County Precinct 5
ocd-division/country:us/state:nd/county:hettinger/precinct:4-indian_creek,Hettinger County Precinct 4-Indian Creek
ocd-division/country:us/state:nd/county:hettinger/precinct:1-mott,Hettinger County Precinct 1-Mott
ocd-division/country:us/state:nd/county:hettinger/precinct:3-new_england,Hettinger County Precinct 3-New England
ocd-division/country:us/state:nd/county:hettinger/precinct:2-regent,Hettinger County Precinct 2-Regent
ocd-division/country:us/state:nd/county:kidder/precinct:5-dawson,Kidder County Precinct 5-Dawson
ocd-division/country:us/state:nd/county:kidder/precinct:3-pettibone,Kidder County Precinct 3-Pettibone
ocd-division/country:us/state:nd/county:kidder/precinct:2-robinson,Kidder County Precinct 2-Robinson
ocd-division/country:us/state:nd/county:kidder/precinct:4-steele,Kidder County Precinct 4-Steele
ocd-division/country:us/state:nd/county:kidder/precinct:6-tappen,Kidder County Precinct 6-Tappen
ocd-division/country:us/state:nd/county:kidder/precinct:1-tuttle,Kidder County Precinct 1-Tuttle
ocd-division/country:us/state:nd/county:lamoure/precinct:1,Lamoure County Precinct 1
ocd-division/country:us/state:nd/county:lamoure/precinct:2,Lamoure County Precinct 2
ocd-division/country:us/state:nd/county:lamoure/precinct:3,Lamoure County Precinct 3
ocd-division/country:us/state:nd/county:lamoure/precinct:4,Lamoure County Precinct 4
ocd-division/country:us/state:nd/county:logan/precinct:1-american_legion,Logan County Precinct 1-American Legion
ocd-division/country:us/state:nd/county:logan/precinct:2-american_legion,Logan County Precinct 2-American Legion
ocd-division/country:us/state:nd/county:logan/precinct:3-gackle_school,Logan County Precinct 3-Gackle School
ocd-division/country:us/state:nd/county:logan/precinct:4-lehr_com_cent,Logan County Precinct 4-Lehr Com Cent
ocd-division/country:us/state:nd/county:logan/precinct:5-fredonia_mini_ml,Logan County Precinct 5-Fredonia Mini Ml
ocd-division/country:us/state:nd/county:mchenry/precinct:16,Mchenry County Precinct 16
ocd-division/country:us/state:nd/county:mchenry/precinct:18,Mchenry County Precinct 18
ocd-division/country:us/state:nd/county:mchenry/precinct:27,Mchenry County Precinct 27
ocd-division/country:us/state:nd/county:mchenry/precinct:41,Mchenry County Precinct 41
ocd-division/country:us/state:nd/county:mchenry/precinct:47,Mchenry County Precinct 47
ocd-division/country:us/state:nd/county:mchenry/precinct:55,Mchenry County Precinct 55
ocd-division/country:us/state:nd/county:mchenry/precinct:58,Mchenry County Precinct 58
ocd-division/country:us/state:nd/county:mchenry/precinct:62,Mchenry County Precinct 62
ocd-division/country:us/state:nd/county:mcintosh/precinct:1-city_of_ashley,Mcintosh County Precinct 1-City Of Ashley
ocd-division/country:us/state:nd/county:mcintosh/precinct:2-rural_ashley,Mcintosh County Precinct 2-Rural Ashley
ocd-division/country:us/state:nd/county:mcintosh/precinct:3-lehr~rural_lehr,Mcintosh County Precinct 3-Lehr/Rural Lehr
ocd-division/country:us/state:nd/county:mcintosh/precinct:4-city_of_wishek,Mcintosh County Precinct 4-City Of Wishek
ocd-division/country:us/state:nd/county:mcintosh/precinct:5-rural_wishek,Mcintosh County Precinct 5-Rural Wishek
ocd-division/country:us/state:nd/county:mcintosh/precinct:6-zeeland~rural,Mcintosh County Precinct 6-Zeeland/Rural
ocd-division/country:us/state:nd/county:mckenzie/precinct:1-four_bears,Mckenzie County Precinct 1-Four Bears
ocd-division/country:us/state:nd/county:mckenzie/precinct:2-mandaree,Mckenzie County Precinct 2-Mandaree
ocd-division/country:us/state:nd/county:mckenzie/precinct:3-yellowstone,Mckenzie County Precinct 3-Yellowstone
ocd-division/country:us/state:nd/county:mckenzie/precinct:4-sioux,Mckenzie County Precinct 4-Sioux
ocd-division/country:us/state:nd/county:mckenzie/precinct:5-alexander,Mckenzie County Precinct 5-Alexander
ocd-division/country:us/state:nd/county:mckenzie/precinct:6-arnegard,Mckenzie County Precinct 6-Arnegard
ocd-division/country:us/state:nd/county:mckenzie/precinct:7-bennie_pierre,Mckenzie County Precinct 7-Bennie Pierre
ocd-division/country:us/state:nd/county:mckenzie/precinct:8-rhoades,Mckenzie County Precinct 8-Rhoades
ocd-division/country:us/state:nd/county:mckenzie/precinct:9-ideal,Mckenzie County Precinct 9-Ideal
ocd-division/country:us/state:nd/county:mckenzie/precinct:10-schafer,Mckenzie County Precinct 10-Schafer
ocd-division/country:us/state:nd/county:mckenzie/precinct:11-watford_city,Mckenzie County Precinct 11-Watford City
ocd-division/country:us/state:nd/county:mckenzie/precinct:12-blue_buttes,Mckenzie County Precinct 12-Blue Buttes
ocd-division/country:us/state:nd/county:mclean/precinct:3-legislative_4_mclean_less_0402,Mclean County Precinct 3-Legislative 4 Mclean Less 0402
ocd-division/country:us/state:nd/county:mclean/precinct:1-legislative_8_mclean_county,Mclean County Precinct 1-Legislative 8 Mclean County
ocd-division/country:us/state:nd/county:mclean/precinct:2-white_shield~ziegler_rural,Mclean County Precinct 2-White Shield/Ziegler Rural
ocd-division/country:us/state:nd/county:mercer/precinct:401,Mercer County Precinct 401
ocd-division/country:us/state:nd/county:mercer/precinct:3301,Mercer County Precinct 3301
ocd-division/country:us/state:nd/county:mercer/precinct:3303,Mercer County Precinct 3303
ocd-division/country:us/state:nd/county:mercer/precinct:3313,Mercer County Precinct 3313
ocd-division/country:us/state:nd/county:mercer/precinct:3314,Mercer County Precinct 3314
ocd-division/country:us/state:nd/county:mercer/precinct:3316,Mercer County Precinct 3316
ocd-division/country:us/state:nd/county:mercer/precinct:3320,Mercer County Precinct 3320
ocd-division/country:us/state:nd/county:mercer/precinct:3321,Mercer County Precinct 3321
ocd-division/country:us/state:nd/county:mercer/precinct:3322,Mercer County Precinct 3322
ocd-division/country:us/state:nd/county:mercer/precinct:3323,Mercer County Precinct 3323
ocd-division/country:us/state:nd/county:mercer/precinct:3324,Mercer County Precinct 3324
ocd-division/country:us/state:nd/county:mercer/precinct:3381,Mercer County Precinct 3381
ocd-division/country:us/state:nd/county:mercer/precinct:3382,Mercer County Precinct 3382
ocd-division/country:us/state:nd/county:mercer/precinct:3383,Mercer County Precinct 3383
ocd-division/country:us/state:nd/county:morton/precinct:1,Morton County Precinct 1
ocd-division/country:us/state:nd/county:morton/precinct:2,Morton County Precinct 2
ocd-division/country:us/state:nd/county:morton/precinct:3,Morton County Precinct 3
ocd-division/country:us/state:nd/county:morton/precinct:4,Morton County Precinct 4
ocd-division/country:us/state:nd/county:morton/precinct:5,Morton County Precinct 5
ocd-division/country:us/state:nd/county:morton/precinct:6,Morton County Precinct 6
ocd-division/country:us/state:nd/county:morton/precinct:7,Morton County Precinct 7
ocd-division/country:us/state:nd/county:morton/precinct:8,Morton County Precinct 8
ocd-division/country:us/state:nd/county:morton/precinct:17,Morton County Precinct 17
ocd-division/country:us/state:nd/county:morton/precinct:18,Morton County Precinct 18
ocd-division/country:us/state:nd/county:morton/precinct:20,Morton County Precinct 20
ocd-division/country:us/state:nd/county:morton/precinct:23,Morton County Precinct 23
ocd-division/country:us/state:nd/county:morton/precinct:24,Morton County Precinct 24
ocd-division/country:us/state:nd/county:morton/precinct:32,Morton County Precinct 32
ocd-division/country:us/state:nd/county:morton/precinct:33,Morton County Precinct 33
ocd-division/country:us/state:nd/county:morton/precinct:34,Morton County Precinct 34
ocd-division/country:us/state:nd/county:morton/precinct:36,Morton County Precinct 36
ocd-division/country:us/state:nd/county:morton/precinct:38,Morton County Precinct 38
ocd-division/country:us/state:nd/county:mountrail/precinct:1,Mountrail County Precinct 1
ocd-division/country:us/state:nd/county:mountrail/precinct:2,Mountrail County Precinct 2
ocd-division/country:us/state:nd/county:mountrail/precinct:3,Mountrail County Precinct 3
ocd-division/country:us/state:nd/county:mountrail/precinct:4,Mountrail County Precinct 4
ocd-division/country:us/state:nd/county:mountrail/precinct:5,Mountrail County Precinct 5
ocd-division/country:us/state:nd/county:mountrail/precinct:6,Mountrail County Precinct 6
ocd-division/country:us/state:nd/county:mountrail/precinct:7,Mountrail County Precinct 7
ocd-division/country:us/state:nd/county:mountrail/precinct:8,Mountrail County Precinct 8
ocd-division/country:us/state:nd/county:mountrail/precinct:9,Mountrail County Precinct 9
ocd-division/country:us/state:nd/county:nelson/precinct:1-nelson_county,Nelson County Precinct 1-Nelson County
ocd-division/country:us/state:nd/county:oliver/precinct:1-southeast_oliver,Oliver County Precinct 1-Southeast Oliver
ocd-division/country:us/state:nd/county:oliver/precinct:2-center~west_side,Oliver County Precinct 2-Center/West Side
ocd-division/country:us/state:nd/county:oliver/precinct:3-hensler,Oliver County Precinct 3-Hensler
ocd-division/country:us/state:nd/county:oliver/precinct:4-fort_clark,Oliver County Precinct 4-Fort Clark
ocd-division/country:us/state:nd/county:oliver/precinct:5-far_west_oliver,Oliver County Precinct 5-Far West Oliver
ocd-division/country:us/state:nd/county:oliver/precinct:6-hannover,Oliver County Precinct 6-Hannover
ocd-division/country:us/state:nd/county:oliver/precinct:7-center~east_side,Oliver County Precinct 7-Center/East Side
ocd-division/country:us/state:nd/county:pembina/precinct:1,Pembina County Precinct 1
ocd-division/country:us/state:nd/county:pembina/precinct:2,Pembina County Precinct 2
ocd-division/country:us/state:nd/county:pembina/precinct:3,Pembina County Precinct 3
ocd-division/country:us/state:nd/county:pembina/precinct:4,Pembina County Precinct 4
ocd-division/country:us/state:nd/county:pembina/precinct:5,Pembina County Precinct 5
ocd-division/country:us/state:nd/county:pembina/precinct:6,Pembina County Precinct 6
ocd-division/country:us/state:nd/county:pierce/precinct:1,Pierce County Precinct 1
ocd-division/country:us/state:nd/county:pierce/precinct:2,Pierce County Precinct 2
ocd-division/country:us/state:nd/county:pierce/precinct:3,Pierce County Precinct 3
ocd-division/country:us/state:nd/county:pierce/precinct:4-1st_ward_1st,Pierce County Precinct 4-1St Ward 1St
ocd-division/country:us/state:nd/county:pierce/precinct:5-1st_ward_2nd,Pierce County Precinct 5-1St Ward 2Nd
ocd-division/country:us/state:nd/county:pierce/precinct:6-2nd_ward,Pierce County Precinct 6-2Nd Ward
ocd-division/country:us/state:nd/county:pierce/precinct:7-3rd_ward,Pierce County Precinct 7-3Rd Ward
ocd-division/country:us/state:nd/county:pierce/precinct:8-4th_ward,Pierce County Precinct 8-4Th Ward
ocd-division/country:us/state:nd/county:ramsey/precinct:1,Ramsey County Precinct 1
ocd-division/country:us/state:nd/county:ramsey/precinct:2,Ramsey County Precinct 2
ocd-division/country:us/state:nd/county:ramsey/precinct:3,Ramsey County Precinct 3
ocd-division/country:us/state:nd/county:ramsey/precinct:4,Ramsey County Precinct 4
ocd-division/country:us/state:nd/county:ransom/precinct:1,Ransom County Precinct 1
ocd-division/country:us/state:nd/county:ransom/precinct:2,Ransom County Precinct 2
ocd-division/country:us/state:nd/county:ransom/precinct:3,Ransom County Precinct 3
ocd-division/country:us/state:nd/county:ransom/precinct:4,Ransom County Precinct 4
ocd-division/country:us/state:nd/county:renville/precinct:5-glenburn,Renville County Precinct 5-Glenburn
ocd-division/country:us/state:nd/county:renville/precinct:3-mohall,Renville County Precinct 3-Mohall
ocd-division/country:us/state:nd/county:renville/precinct:1-sherwood,Renville County Precinct 1-Sherwood
ocd-division/country:us/state:nd/county:renville/precinct:2-tolley,Renville County Precinct 2-Tolley
ocd-division/country:us/state:nd/county:renville/precinct:4-white_ash,Renville County Precinct 4-White Ash
ocd-division/country:us/state:nd/county:richland/precinct:39-abercrombie,Richland County Precinct 39-Abercrombie
ocd-division/country:us/state:nd/county:richland/precinct:37r-barrie_helendale,Richland County Precinct 37R-Barrie Helendale
ocd-division/country:us/state:nd/county:richland/precinct:48r-brightwood_elma_belford,Richland County Precinct 48R-Brightwood Elma Belford
ocd-division/country:us/state:nd/county:richland/precinct:49-christine,Richland County Precinct 49-Christine
ocd-division/country:us/state:nd/county:richland/precinct:38-colfax,Richland County Precinct 38-Colfax
ocd-division/country:us/state:nd/county:richland/precinct:46-fairmount,Richland County Precinct 46-Fairmount
ocd-division/country:us/state:nd/county:richland/precinct:48-hankinson,Richland County Precinct 48-Hankinson
ocd-division/country:us/state:nd/county:richland/precinct:47-lidgerwood,Richland County Precinct 47-Lidgerwood
ocd-division/country:us/state:nd/county:richland/precinct:41-mooreton,Richland County Precinct 41-Mooreton
ocd-division/country:us/state:nd/county:richland/precinct:53-wahpeton_city_hall,Richland County Precinct 53-Wahpeton City Hall
ocd-division/country:us/state:nd/county:richland/precinct:51-wahpeton_comm_center,Richland County Precinct 51-Wahpeton Comm Center
ocd-division/country:us/state:nd/county:richland/precinct:54-wahpeton_middle_school,Richland County Precinct 54-Wahpeton Middle School
ocd-division/country:us/state:nd/county:richland/precinct:52-wahpeton_richland_lec,Richland County Precinct 52-Wahpeton Richland Lec
ocd-division/country:us/state:nd/county:richland/precinct:37-walcott,Richland County Precinct 37-Walcott
ocd-division/country:us/state:nd/county:richland/precinct:45-wyndmere,Richland County Precinct 45-Wyndmere
ocd-division/country:us/state:nd/county:rolette/precinct:4-dunseith,Rolette County Precinct 4-Dunseith
ocd-division/country:us/state:nd/county:rolette/precinct:5-rolette,Rolette County Precinct 5-Rolette
ocd-division/country:us/state:nd/county:rolette/precinct:1-rolla,Rolette County Precinct 1-Rolla
ocd-division/country:us/state:nd/county:rolette/precinct:2-st_john,Rolette County Precinct 2-St John
ocd-division/country:us/state:nd/county:rolette/precinct:3-turtle_mtn_reservation,Rolette County Precinct 3-Turtle Mtn Reservation
ocd-division/country:us/state:nd/county:sargent/precinct:3-cogswell,Sargent County Precinct 3-Cogswell
ocd-division/country:us/state:nd/county:sargent/precinct:4-forman_havana,Sargent County Precinct 4-Forman Havana
ocd-division/country:us/state:nd/county:sargent/precinct:2-gwinner,Sargent County Precinct 2-Gwinner
ocd-division/country:us/state:nd/county:sargent/precinct:1-milnor,Sargent County Precinct 1-Milnor
ocd-division/country:us/state:nd/county:sargent/precinct:5-rutland_cayuga,Sargent County Precinct 5-Rutland Cayuga
ocd-division/country:us/state:nd/county:sheridan/precinct:1,Sheridan County Precinct 1
ocd-division/country:us/state:nd/county:sioux/precinct:1-cannonball,Sioux County Precinct 1-Cannonball
ocd-division/country:us/state:nd/county:sioux/precinct:3-fy_east,Sioux County Precinct 3-Fy East
ocd-division/country:us/state:nd/county:sioux/precinct:4-fy_west,Sioux County Precinct 4-Fy West
ocd-division/country:us/state:nd/county:sioux/precinct:6-porcupine,Sioux County Precinct 6-Porcupine
ocd-division/country:us/state:nd/county:sioux/precinct:5-selfridge,Sioux County Precinct 5-Selfridge
ocd-division/country:us/state:nd/county:sioux/precinct:2-solen,Sioux County Precinct 2-Solen
ocd-division/country:us/state:nd/county:slope/precinct:2-amidon_courthouse,Slope County Precinct 2-Amidon Courthouse
ocd-division/country:us/state:nd/county:slope/precinct:3-marmarth_community_center,Slope County Precinct 3-Marmarth Community Center
ocd-division/country:us/state:nd/county:slope/precinct:1-pierce_church,Slope County Precinct 1-Pierce Church
ocd-division/country:us/state:nd/county:stark/precinct:1-armory,Stark County Precinct 1-Armory
ocd-division/country:us/state:nd/county:stark/precinct:2-bac,Stark County Precinct 2-Bac
ocd-division/country:us/state:nd/county:stark/precinct:8-belfield,Stark County Precinct 8-Belfield
ocd-division/country:us/state:nd/county:stark/precinct:5-gladstone,Stark County Precinct 5-Gladstone
ocd-division/country:us/state:nd/county:stark/precinct:6-range_95~96,Stark County Precinct 6-Range 95/96
ocd-division/country:us/state:nd/county:stark/precinct:3-richardton,Stark County Precinct 3-Richardton
ocd-division/country:us/state:nd/county:stark/precinct:7-south_heart,Stark County Precinct 7-South Heart
ocd-division/country:us/state:nd/county:stark/precinct:4-taylor,Stark County Precinct 4-Taylor
ocd-division/country:us/state:nd/county:steele/precinct:1,Steele County Precinct 1
ocd-division/country:us/state:nd/county:steele/precinct:2,Steele County Precinct 2
ocd-division/country:us/state:nd/county:steele/precinct:3,Steele County Precinct 3
ocd-division/country:us/state:nd/county:steele/precinct:4,Steele County Precinct 4
ocd-division/country:us/state:nd/county:steele/precinct:5,Steele County Precinct 5
ocd-division/country:us/state:nd/county:stutsman/precinct:91-j1,Stutsman County Precinct 91-J1
ocd-division/country:us/state:nd/county:stutsman/precinct:92-j2,Stutsman County Precinct 92-J2
ocd-division/country:us/state:nd/county:stutsman/precinct:93-j3,Stutsman County Precinct 93-J3
ocd-division/country:us/state:nd/county:stutsman/precinct:94-j4,Stutsman County Precinct 94-J4
ocd-division/country:us/state:nd/county:stutsman/precinct:95-j5,Stutsman County Precinct 95-J5
ocd-division/country:us/state:nd/county:stutsman/precinct:96-j6,Stutsman County Precinct 96-J6
ocd-division/country:us/state:nd/county:stutsman/precinct:1-p1,Stutsman County Precinct 1-P1
ocd-division/country:us/state:nd/county:stutsman/precinct:2-p2,Stutsman County Precinct 2-P2
ocd-division/country:us/state:nd/county:stutsman/precinct:3-p3,Stutsman County Precinct 3-P3
ocd-division/country:us/state:nd/county:stutsman/precinct:4-p4,Stutsman County Precinct 4-P4
ocd-division/country:us/state:nd/county:stutsman/precinct:5-p5,Stutsman County Precinct 5-P5
ocd-division/country:us/state:nd/county:stutsman/precinct:6-p6,Stutsman County Precinct 6-P6
ocd-division/country:us/state:nd/county:towner/precinct:1-cando,Towner County Precinct 1-Cando
ocd-division/country:us/state:nd/county:towner/precinct:2-egeland,Towner County Precinct 2-Egeland
ocd-division/country:us/state:nd/county:towner/precinct:3-rocklake,Towner County Precinct 3-Rocklake
ocd-division/country:us/state:nd/county:traill/precinct:1,Traill County Precinct 1
ocd-division/country:us/state:nd/county:traill/precinct:10,Traill County Precinct 10
ocd-division/country:us/state:nd/county:traill/precinct:11,Traill County Precinct 11
ocd-division/country:us/state:nd/county:traill/precinct:12,Traill County Precinct 12
ocd-division/country:us/state:nd/county:traill/precinct:2,Traill County Precinct 2
ocd-division/country:us/state:nd/county:traill/precinct:3,Traill County Precinct 3
ocd-division/country:us/state:nd/county:traill/precinct:4,Traill County Precinct 4
ocd-division/country:us/state:nd/county:traill/precinct:5,Traill County Precinct 5
ocd-division/country:us/state:nd/county:traill/precinct:6,Traill County Precinct 6
ocd-division/country:us/state:nd/county:traill/precinct:7,Traill County Precinct 7
ocd-division/country:us/state:nd/county:traill/precinct:8,Traill County Precinct 8
ocd-division/country:us/state:nd/county:traill/precinct:9,Traill County Precinct 9
ocd-division/country:us/state:nd/county:walsh/precinct:1-19,Walsh County Precinct 1-19
ocd-division/country:us/state:nd/county:walsh/precinct:2-10,Walsh County Precinct 2-10
ocd-division/country:us/state:nd/county:ward/precinct:1-afton_our_savior_lutheran,Ward County Precinct 1-Afton Our Savior Lutheran
ocd-division/country:us/state:nd/county:ward/precinct:2-berthold_sr_citizen_center,Ward County Precinct 2-Berthold Sr Citizen Center
ocd-division/country:us/state:nd/county:ward/precinct:3-burlington_city_hall,Ward County Precinct 3-Burlington City Hall
ocd-division/country:us/state:nd/county:ward/precinct:4-des_lacs_community_hall,Ward County Precinct 4-Des Lacs Community Hall
ocd-division/country:us/state:nd/county:ward/precinct:5-harrison_courthouse,Ward County Precinct 5-Harrison Courthouse
ocd-division/country:us/state:nd/county:ward/precinct:6-kenmare_memorial_hall,Ward County Precinct 6-Kenmare Memorial Hall
ocd-division/country:us/state:nd/county:ward/precinct:7-makoti_pioneer_sr_citizen_club,Ward County Precinct 7-Makoti Pioneer Sr Citizen Club
ocd-division/country:us/state:nd/county:ward/precinct:16-minot_a,Ward County Precinct 16-Minot A
ocd-division/country:us/state:nd/county:ward/precinct:17-minot_b,Ward County Precinct 17-Minot B
ocd-division/country:us/state:nd/county:ward/precinct:18-minot_c,Ward County Precinct 18-Minot C
ocd-division/country:us/state:nd/county:ward/precinct:19-minot_d,Ward County Precinct 19-Minot D
ocd-division/country:us/state:nd/county:ward/precinct:8-nedrose_school,Ward County Precinct 8-Nedrose School
ocd-division/country:us/state:nd/county:ward/precinct:9-north_central_lynch_immanuel,Ward County Precinct 9-North Central Lynch Immanuel
ocd-division/country:us/state:nd/county:ward/precinct:10-ruthville_lynch_immanuel,Ward County Precinct 10-Ruthville Lynch Immanuel
ocd-division/country:us/state:nd/county:ward/precinct:11-ryder_senior_citizen_center,Ward County Precinct 11-Ryder Senior Citizen Center
ocd-division/country:us/state:nd/county:ward/precinct:12-sawyer_city_hall,Ward County Precinct 12-Sawyer City Hall
ocd-division/country:us/state:nd/county:ward/precinct:13-south_prairie_school,Ward County Precinct 13-South Prairie School
ocd-division/country:us/state:nd/county:ward/precinct:14-sundre_bell_school,Ward County Precinct 14-Sundre Bell School
ocd-division/country:us/state:nd/county:ward/precinct:15-surrey_city_hall,Ward County Precinct 15-Surrey City Hall
ocd-division/country:us/state:nd/county:wells/precinct:1-harvey,Wells County Precinct 1-Harvey
ocd-division/country:us/state:nd/county:wells/precinct:2-fessenden,Wells County Precinct 2-Fessenden
ocd-division/country:us/state:nd/county:wells/precinct:3-bowdon,Wells County Precinct 3-Bowdon
ocd-division/country:us/state:nd/county:wells/precinct:4-sykeston,Wells County Precinct 4-Sykeston
ocd-division/country:us/state:nd/county:wells/precinct:5-harvey,Wells County Precinct 5-Harvey
ocd-division/country:us/state:nd/county:wells/precinct:6-fessenden,Wells County Precinct 6-Fessenden
ocd-division/country:us/state:nd/county:williams/precinct:43,Williams County Precinct 43
ocd-division/country:us/state:nd/county:williams/precinct:45,Williams County Precinct 45
ocd-division/country:us/state:nd/county:williams/precinct:48,Williams County Precinct 48
ocd-division/country:us/state:nd/county:williams/precinct:53,Williams County Precinct 53
ocd-division/country:us/state:nd/county:williams/precinct:55,Williams County Precinct 55
ocd-division/country:us/state:nd/county:williams/precinct:59,Williams County Precinct 59
ocd-division/country:us/state:nd/county:williams/precinct:60,Williams County Precinct 60
ocd-division/country:us/state:nd/county:williams/precinct:62,Williams County Precinct 62
ocd-division/country:us/state:nd/county:williams/precinct:63,Williams County Precinct 63
ocd-division/country:us/state:nd/county:williams/precinct:64,Williams County Precinct 64
ocd-division/country:us/state:nd/county:williams/precinct:65,Williams County Precinct 65
ocd-division/country:us/state:nd/county:williams/precinct:67,Williams County Precinct 67
ocd-division/country:us/state:nd/county:williams/precinct:74,Williams County Precinct 74
ocd-division/country:us/state:nd/county:williams/precinct:75,Williams County Precinct 75
ocd-division/country:us/state:nd/county:williams/precinct:76,Williams County Precinct 76
