ocd-division/country:us/state:al/county:autauga,Autauga County
ocd-division/country:us/state:al/county:baldwin,Baldwin County
ocd-division/country:us/state:al/county:barbour,Barbour County
ocd-division/country:us/state:al/county:bibb,Bibb County
ocd-division/country:us/state:al/county:blount,Blount County
ocd-division/country:us/state:al/county:bullock,Bullock County
ocd-division/country:us/state:al/county:butler,Butler County
ocd-division/country:us/state:al/county:calhoun,Calhoun County
ocd-division/country:us/state:al/county:chambers,Chambers County
ocd-division/country:us/state:al/county:cherokee,Cherokee County
ocd-division/country:us/state:al/county:chilton,Chilton County
ocd-division/country:us/state:al/county:choctaw,Choctaw County
ocd-division/country:us/state:al/county:clarke,Clarke County
ocd-division/country:us/state:al/county:clay,Clay County
ocd-division/country:us/state:al/county:cleburne,Cleburne County
ocd-division/country:us/state:al/county:coffee,Coffee County
ocd-division/country:us/state:al/county:colbert,Colbert County
ocd-division/country:us/state:al/county:conecuh,Conecuh County
ocd-division/country:us/state:al/county:coosa,Coosa County
ocd-division/country:us/state:al/county:covington,Covington County
ocd-division/country:us/state:al/county:crenshaw,Crenshaw County
ocd-division/country:us/state:al/county:cullman,Cullman County
ocd-division/country:us/state:al/county:dale,Dale County
ocd-division/country:us/state:al/county:dallas,Dallas County
ocd-division/country:us/state:al/county:dekalb,DeKalb County
ocd-division/country:us/state:al/county:elmore,Elmore County
ocd-division/country:us/state:al/county:escambia,Escambia County
ocd-division/country:us/state:al/county:etowah,Etowah County
ocd-division/country:us/state:al/county:fayette,Fayette County
ocd-division/country:us/state:al/county:franklin,Franklin County
ocd-division/country:us/state:al/county:geneva,Geneva County
ocd-division/country:us/state:al/county:greene,Greene County
ocd-division/country:us/state:al/county:hale,Hale County
ocd-division/country:us/state:al/county:henry,Henry County
ocd-division/country:us/state:al/county:houston,Houston County
ocd-division/country:us/state:al/county:jackson,Jackson County
ocd-division/country:us/state:al/county:jefferson,Jefferson County
ocd-division/country:us/state:al/county:lamar,Lamar County
ocd-division/country:us/state:al/county:lauderdale,Lauderdale County
ocd-division/country:us/state:al/county:lawrence,Lawrence County
ocd-division/country:us/state:al/county:lee,Lee County
ocd-division/country:us/state:al/county:limestone,Limestone County
ocd-division/country:us/state:al/county:lowndes,Lowndes County
ocd-division/country:us/state:al/county:macon,Macon County
ocd-division/country:us/state:al/county:madison,Madison County
ocd-division/country:us/state:al/county:marengo,Marengo County
ocd-division/country:us/state:al/county:marion,Marion County
ocd-division/country:us/state:al/county:marshall,Marshall County
ocd-division/country:us/state:al/county:mobile,Mobile County
ocd-division/country:us/state:al/county:monroe,Monroe County
ocd-division/country:us/state:al/county:montgomery,Montgomery County
ocd-division/country:us/state:al/county:morgan,Morgan County
ocd-division/country:us/state:al/county:perry,Perry County
ocd-division/country:us/state:al/county:pickens,Pickens County
ocd-division/country:us/state:al/county:pike,Pike County
ocd-division/country:us/state:al/county:randolph,Randolph County
ocd-division/country:us/state:al/county:russell,Russell County
ocd-division/country:us/state:al/county:shelby,Shelby County
ocd-division/country:us/state:al/county:st_clair,St. Clair County
ocd-division/country:us/state:al/county:sumter,Sumter County
ocd-division/country:us/state:al/county:talladega,Talladega County
ocd-division/country:us/state:al/county:tallapoosa,Tallapoosa County
ocd-division/country:us/state:al/county:tuscaloosa,Tuscaloosa County
ocd-division/country:us/state:al/county:walker,Walker County
ocd-division/country:us/state:al/county:washington,Washington County
ocd-division/country:us/state:al/county:wilcox,Wilcox County
ocd-division/country:us/state:al/county:winston,Winston County
ocd-division/country:us/state:al/place:abbeville,Abbeville city
ocd-division/country:us/state:al/place:adamsville,Adamsville city
ocd-division/country:us/state:al/place:addison,Addison town
ocd-division/country:us/state:al/place:akron,Akron town
ocd-division/country:us/state:al/place:alabaster,Alabaster city
ocd-division/country:us/state:al/place:albertville,Albertville city
ocd-division/country:us/state:al/place:alexander_city,Alexander City city
ocd-division/country:us/state:al/place:aliceville,Aliceville city
ocd-division/country:us/state:al/place:allgood,Allgood town
ocd-division/country:us/state:al/place:altoona,Altoona town
ocd-division/country:us/state:al/place:andalusia,Andalusia city
ocd-division/country:us/state:al/place:anderson,Anderson town
ocd-division/country:us/state:al/place:anniston,Anniston city
ocd-division/country:us/state:al/place:arab,Arab city
ocd-division/country:us/state:al/place:ardmore,Ardmore town
ocd-division/country:us/state:al/place:argo,Argo town
ocd-division/country:us/state:al/place:ariton,Ariton town
ocd-division/country:us/state:al/place:arley,Arley town
ocd-division/country:us/state:al/place:ashford,Ashford town
ocd-division/country:us/state:al/place:ashland,Ashland town
ocd-division/country:us/state:al/place:ashville,Ashville city
ocd-division/country:us/state:al/place:athens,Athens city
ocd-division/country:us/state:al/place:atmore,Atmore city
ocd-division/country:us/state:al/place:attalla,Attalla city
ocd-division/country:us/state:al/place:auburn,Auburn city
ocd-division/country:us/state:al/place:autaugaville,Autaugaville town
ocd-division/country:us/state:al/place:avon,Avon town
ocd-division/country:us/state:al/place:babbie,Babbie town
ocd-division/country:us/state:al/place:baileyton,Baileyton town
ocd-division/country:us/state:al/place:bakerhill,Bakerhill town
ocd-division/country:us/state:al/place:banks,Banks town
ocd-division/country:us/state:al/place:bay_minette,Bay Minette city
ocd-division/country:us/state:al/place:bayou_la_batre,Bayou La Batre city
ocd-division/country:us/state:al/place:bear_creek,Bear Creek town
ocd-division/country:us/state:al/place:beatrice,Beatrice town
ocd-division/country:us/state:al/place:beaverton,Beaverton town
ocd-division/country:us/state:al/place:belk,Belk town
ocd-division/country:us/state:al/place:benton,Benton town
ocd-division/country:us/state:al/place:berry,Berry town
ocd-division/country:us/state:al/place:bessemer,Bessemer city
ocd-division/country:us/state:al/place:billingsley,Billingsley town
ocd-division/country:us/state:al/place:birmingham,Birmingham city
ocd-division/country:us/state:al/place:black,Black town
ocd-division/country:us/state:al/place:blountsville,Blountsville town
ocd-division/country:us/state:al/place:blue_springs,Blue Springs town
ocd-division/country:us/state:al/place:boaz,Boaz city
ocd-division/country:us/state:al/place:boligee,Boligee town
ocd-division/country:us/state:al/place:bon_air,Bon Air town
ocd-division/country:us/state:al/place:brantley,Brantley town
ocd-division/country:us/state:al/place:brent,Brent city
ocd-division/country:us/state:al/place:brewton,Brewton city
ocd-division/country:us/state:al/place:bridgeport,Bridgeport city
ocd-division/country:us/state:al/place:brighton,Brighton city
ocd-division/country:us/state:al/place:brilliant,Brilliant town
ocd-division/country:us/state:al/place:brookside,Brookside town
ocd-division/country:us/state:al/place:brookwood,Brookwood town
ocd-division/country:us/state:al/place:brundidge,Brundidge city
ocd-division/country:us/state:al/place:butler,Butler town
ocd-division/country:us/state:al/place:calera,Calera city
ocd-division/country:us/state:al/place:camden,Camden city
ocd-division/country:us/state:al/place:camp_hill,Camp Hill town
ocd-division/country:us/state:al/place:carbon_hill,Carbon Hill city
ocd-division/country:us/state:al/place:cardiff,Cardiff town
ocd-division/country:us/state:al/place:carolina,Carolina town
ocd-division/country:us/state:al/place:carrollton,Carrollton town
ocd-division/country:us/state:al/place:castleberry,Castleberry town
ocd-division/country:us/state:al/place:cedar_bluff,Cedar Bluff town
ocd-division/country:us/state:al/place:center_point,Center Point city
ocd-division/country:us/state:al/place:centre,Centre city
ocd-division/country:us/state:al/place:centreville,Centreville city
ocd-division/country:us/state:al/place:chatom,Chatom town
ocd-division/country:us/state:al/place:chelsea,Chelsea city
ocd-division/country:us/state:al/place:cherokee,Cherokee town
ocd-division/country:us/state:al/place:chickasaw,Chickasaw city
ocd-division/country:us/state:al/place:childersburg,Childersburg city
ocd-division/country:us/state:al/place:citronelle,Citronelle city
ocd-division/country:us/state:al/place:clanton,Clanton city
ocd-division/country:us/state:al/place:clay,Clay city
ocd-division/country:us/state:al/place:clayhatchee,Clayhatchee town
ocd-division/country:us/state:al/place:clayton,Clayton town
ocd-division/country:us/state:al/place:cleveland,Cleveland town
ocd-division/country:us/state:al/place:clio,Clio city
ocd-division/country:us/state:al/place:coaling,Coaling town
ocd-division/country:us/state:al/place:coffee_springs,Coffee Springs town
ocd-division/country:us/state:al/place:coffeeville,Coffeeville town
ocd-division/country:us/state:al/place:coker,Coker town
ocd-division/country:us/state:al/place:collinsville,Collinsville town
ocd-division/country:us/state:al/place:colony,Colony town
ocd-division/country:us/state:al/place:columbia,Columbia town
ocd-division/country:us/state:al/place:columbiana,Columbiana city
ocd-division/country:us/state:al/place:coosada,Coosada town
ocd-division/country:us/state:al/place:cordova,Cordova city
ocd-division/country:us/state:al/place:cottonwood,Cottonwood town
ocd-division/country:us/state:al/place:county_line,County Line town
ocd-division/country:us/state:al/place:courtland,Courtland town
ocd-division/country:us/state:al/place:cowarts,Cowarts town
ocd-division/country:us/state:al/place:creola,Creola city
ocd-division/country:us/state:al/place:crossville,Crossville town
ocd-division/country:us/state:al/place:cuba,Cuba town
ocd-division/country:us/state:al/place:cullman,Cullman city
ocd-division/country:us/state:al/place:cusseta,Cusseta town
ocd-division/country:us/state:al/place:dadeville,Dadeville city
ocd-division/country:us/state:al/place:daleville,Daleville city
ocd-division/country:us/state:al/place:daphne,Daphne city
ocd-division/country:us/state:al/place:dauphin_island,Dauphin Island town
ocd-division/country:us/state:al/place:daviston,Daviston town
ocd-division/country:us/state:al/place:dayton,Dayton town
ocd-division/country:us/state:al/place:deatsville,Deatsville town
ocd-division/country:us/state:al/place:decatur,Decatur city
ocd-division/country:us/state:al/place:demopolis,Demopolis city
ocd-division/country:us/state:al/place:detroit,Detroit town
ocd-division/country:us/state:al/place:dodge_city,Dodge City town
ocd-division/country:us/state:al/place:dora,Dora city
ocd-division/country:us/state:al/place:dothan,Dothan city
ocd-division/country:us/state:al/place:double_springs,Double Springs town
ocd-division/country:us/state:al/place:douglas,Douglas town
ocd-division/country:us/state:al/place:dozier,Dozier town
ocd-division/country:us/state:al/place:dutton,Dutton town
ocd-division/country:us/state:al/place:east_brewton,East Brewton city
ocd-division/country:us/state:al/place:eclectic,Eclectic town
ocd-division/country:us/state:al/place:edwardsville,Edwardsville town
ocd-division/country:us/state:al/place:elba,Elba city
ocd-division/country:us/state:al/place:elberta,Elberta town
ocd-division/country:us/state:al/place:eldridge,Eldridge town
ocd-division/country:us/state:al/place:elkmont,Elkmont town
ocd-division/country:us/state:al/place:elmore,Elmore town
ocd-division/country:us/state:al/place:emelle,Emelle town
ocd-division/country:us/state:al/place:enterprise,Enterprise city
ocd-division/country:us/state:al/place:epes,Epes town
ocd-division/country:us/state:al/place:ethelsville,Ethelsville town
ocd-division/country:us/state:al/place:eufaula,Eufaula city
ocd-division/country:us/state:al/place:eutaw,Eutaw town
ocd-division/country:us/state:al/place:eva,Eva town
ocd-division/country:us/state:al/place:evergreen,Evergreen city
ocd-division/country:us/state:al/place:excel,Excel town
ocd-division/country:us/state:al/place:fairfield,Fairfield city
ocd-division/country:us/state:al/place:fairhope,Fairhope city
ocd-division/country:us/state:al/place:fairview,Fairview town
ocd-division/country:us/state:al/place:falkville,Falkville town
ocd-division/country:us/state:al/place:faunsdale,Faunsdale town
ocd-division/country:us/state:al/place:fayette,Fayette city
ocd-division/country:us/state:al/place:five_points,Five Points town
ocd-division/country:us/state:al/place:flomaton,Flomaton town
ocd-division/country:us/state:al/place:florala,Florala town
ocd-division/country:us/state:al/place:florence,Florence city
ocd-division/country:us/state:al/place:foley,Foley city
ocd-division/country:us/state:al/place:forkland,Forkland town
ocd-division/country:us/state:al/place:fort_deposit,Fort Deposit town
ocd-division/country:us/state:al/place:fort_payne,Fort Payne city
ocd-division/country:us/state:al/place:franklin,Franklin town
ocd-division/country:us/state:al/place:frisco_city,Frisco City town
ocd-division/country:us/state:al/place:fruithurst,Fruithurst town
ocd-division/country:us/state:al/place:fulton,Fulton town
ocd-division/country:us/state:al/place:fultondale,Fultondale city
ocd-division/country:us/state:al/place:fyffe,Fyffe town
ocd-division/country:us/state:al/place:gadsden,Gadsden city
ocd-division/country:us/state:al/place:gainesville,Gainesville town
ocd-division/country:us/state:al/place:gantt,Gantt town
ocd-division/country:us/state:al/place:garden_city,Garden City town
ocd-division/country:us/state:al/place:gardendale,Gardendale city
ocd-division/country:us/state:al/place:gaylesville,Gaylesville town
ocd-division/country:us/state:al/place:geiger,Geiger town
ocd-division/country:us/state:al/place:geneva,Geneva city
ocd-division/country:us/state:al/place:georgiana,Georgiana town
ocd-division/country:us/state:al/place:geraldine,Geraldine town
ocd-division/country:us/state:al/place:gilbertown,Gilbertown town
ocd-division/country:us/state:al/place:glen_allen,Glen Allen town
ocd-division/country:us/state:al/place:glencoe,Glencoe city
ocd-division/country:us/state:al/place:glenwood,Glenwood town
ocd-division/country:us/state:al/place:goldville,Goldville town
ocd-division/country:us/state:al/place:good_hope,Good Hope town
ocd-division/country:us/state:al/place:goodwater,Goodwater town
ocd-division/country:us/state:al/place:gordo,Gordo town
ocd-division/country:us/state:al/place:gordon,Gordon town
ocd-division/country:us/state:al/place:gordonville,Gordonville town
ocd-division/country:us/state:al/place:goshen,Goshen town
ocd-division/country:us/state:al/place:grant,Grant town
ocd-division/country:us/state:al/place:graysville,Graysville city
ocd-division/country:us/state:al/place:greensboro,Greensboro city
ocd-division/country:us/state:al/place:greenville,Greenville city
ocd-division/country:us/state:al/place:grimes,Grimes town
ocd-division/country:us/state:al/place:grove_hill,Grove Hill town
ocd-division/country:us/state:al/place:gu-win,Gu-Win town
ocd-division/country:us/state:al/place:guin,Guin city
ocd-division/country:us/state:al/place:gulf_shores,Gulf Shores city
ocd-division/country:us/state:al/place:guntersville,Guntersville city
ocd-division/country:us/state:al/place:gurley,Gurley town
ocd-division/country:us/state:al/place:hackleburg,Hackleburg town
ocd-division/country:us/state:al/place:haleburg,Haleburg town
ocd-division/country:us/state:al/place:haleyville,Haleyville city
ocd-division/country:us/state:al/place:hamilton,Hamilton city
ocd-division/country:us/state:al/place:hammondville,Hammondville town
ocd-division/country:us/state:al/place:hanceville,Hanceville city
ocd-division/country:us/state:al/place:harpersville,Harpersville town
ocd-division/country:us/state:al/place:hartford,Hartford city
ocd-division/country:us/state:al/place:hartselle,Hartselle city
ocd-division/country:us/state:al/place:hayden,Hayden town
ocd-division/country:us/state:al/place:hayneville,Hayneville town
ocd-division/country:us/state:al/place:headland,Headland city
ocd-division/country:us/state:al/place:heath,Heath town
ocd-division/country:us/state:al/place:heflin,Heflin city
ocd-division/country:us/state:al/place:helena,Helena city
ocd-division/country:us/state:al/place:henagar,Henagar city
ocd-division/country:us/state:al/place:highland_lake,Highland Lake town
ocd-division/country:us/state:al/place:hillsboro,Hillsboro town
ocd-division/country:us/state:al/place:hobson_city,Hobson City town
ocd-division/country:us/state:al/place:hodges,Hodges town
ocd-division/country:us/state:al/place:hokes_bluff,Hokes Bluff city
ocd-division/country:us/state:al/place:holly_pond,Holly Pond town
ocd-division/country:us/state:al/place:hollywood,Hollywood town
ocd-division/country:us/state:al/place:homewood,Homewood city
ocd-division/country:us/state:al/place:hoover,Hoover city
ocd-division/country:us/state:al/place:horn_hill,Horn Hill town
ocd-division/country:us/state:al/place:hueytown,Hueytown city
ocd-division/country:us/state:al/place:huntsville,Huntsville city
ocd-division/country:us/state:al/place:hurtsboro,Hurtsboro town
ocd-division/country:us/state:al/place:hytop,Hytop town
ocd-division/country:us/state:al/place:ider,Ider town
ocd-division/country:us/state:al/place:indian_springs_village,Indian Springs Village city
ocd-division/country:us/state:al/place:irondale,Irondale city
ocd-division/country:us/state:al/place:jackson,Jackson city
ocd-division/country:us/state:al/place:jacksons~_gap,Jacksons' Gap town
ocd-division/country:us/state:al/place:jacksonville,Jacksonville city
ocd-division/country:us/state:al/place:jasper,Jasper city
ocd-division/country:us/state:al/place:jemison,Jemison city
ocd-division/country:us/state:al/place:kansas,Kansas town
ocd-division/country:us/state:al/place:kellyton,Kellyton town
ocd-division/country:us/state:al/place:kennedy,Kennedy town
ocd-division/country:us/state:al/place:killen,Killen town
ocd-division/country:us/state:al/place:kimberly,Kimberly town
ocd-division/country:us/state:al/place:kinsey,Kinsey town
ocd-division/country:us/state:al/place:kinston,Kinston town
ocd-division/country:us/state:al/place:la_fayette,La Fayette city
ocd-division/country:us/state:al/place:lake_view,Lake View town
ocd-division/country:us/state:al/place:lakeview,Lakeview town
ocd-division/country:us/state:al/place:lanett,Lanett city
ocd-division/country:us/state:al/place:langston,Langston town
ocd-division/country:us/state:al/place:leeds,Leeds city
ocd-division/country:us/state:al/place:leesburg,Leesburg town
ocd-division/country:us/state:al/place:leighton,Leighton town
ocd-division/country:us/state:al/place:lester,Lester town
ocd-division/country:us/state:al/place:level_plains,Level Plains town
ocd-division/country:us/state:al/place:lexington,Lexington town
ocd-division/country:us/state:al/place:libertyville,Libertyville town
ocd-division/country:us/state:al/place:lincoln,Lincoln city
ocd-division/country:us/state:al/place:linden,Linden city
ocd-division/country:us/state:al/place:lineville,Lineville city
ocd-division/country:us/state:al/place:lipscomb,Lipscomb city
ocd-division/country:us/state:al/place:lisman,Lisman town
ocd-division/country:us/state:al/place:littleville,Littleville town
ocd-division/country:us/state:al/place:livingston,Livingston city
ocd-division/country:us/state:al/place:loachapoka,Loachapoka town
ocd-division/country:us/state:al/place:lockhart,Lockhart town
ocd-division/country:us/state:al/place:locust_fork,Locust Fork town
ocd-division/country:us/state:al/place:louisville,Louisville town
ocd-division/country:us/state:al/place:lowndesboro,Lowndesboro town
ocd-division/country:us/state:al/place:loxley,Loxley town
ocd-division/country:us/state:al/place:luverne,Luverne city
ocd-division/country:us/state:al/place:lynn,Lynn town
ocd-division/country:us/state:al/place:madison,Madison city
ocd-division/country:us/state:al/place:madrid,Madrid town
ocd-division/country:us/state:al/place:magnolia_springs,Magnolia Springs town
ocd-division/country:us/state:al/place:malvern,Malvern town
ocd-division/country:us/state:al/place:maplesville,Maplesville town
ocd-division/country:us/state:al/place:margaret,Margaret town
ocd-division/country:us/state:al/place:marion,Marion city
ocd-division/country:us/state:al/place:maytown,Maytown town
ocd-division/country:us/state:al/place:mcintosh,McIntosh town
ocd-division/country:us/state:al/place:mckenzie,McKenzie town
ocd-division/country:us/state:al/place:mcmullen,McMullen town
ocd-division/country:us/state:al/place:memphis,Memphis town
ocd-division/country:us/state:al/place:mentone,Mentone town
ocd-division/country:us/state:al/place:midfield,Midfield city
ocd-division/country:us/state:al/place:midland_city,Midland City town
ocd-division/country:us/state:al/place:midway,Midway town
ocd-division/country:us/state:al/place:millbrook,Millbrook city
ocd-division/country:us/state:al/place:millport,Millport town
ocd-division/country:us/state:al/place:millry,Millry town
ocd-division/country:us/state:al/place:mobile,Mobile city
ocd-division/country:us/state:al/place:monroeville,Monroeville city
ocd-division/country:us/state:al/place:montevallo,Montevallo city
ocd-division/country:us/state:al/place:montgomery,Montgomery city
ocd-division/country:us/state:al/place:moody,Moody city
ocd-division/country:us/state:al/place:mooresville,Mooresville town
ocd-division/country:us/state:al/place:morris,Morris town
ocd-division/country:us/state:al/place:mosses,Mosses town
ocd-division/country:us/state:al/place:moulton,Moulton city
ocd-division/country:us/state:al/place:moundville,Moundville town
ocd-division/country:us/state:al/place:mount_vernon,Mount Vernon town
ocd-division/country:us/state:al/place:mountain_brook,Mountain Brook city
ocd-division/country:us/state:al/place:mulga,Mulga town
ocd-division/country:us/state:al/place:munford,Munford town
ocd-division/country:us/state:al/place:muscle_shoals,Muscle Shoals city
ocd-division/country:us/state:al/place:myrtlewood,Myrtlewood town
ocd-division/country:us/state:al/place:napier_field,Napier Field town
ocd-division/country:us/state:al/place:natural_bridge,Natural Bridge town
ocd-division/country:us/state:al/place:nauvoo,Nauvoo town
ocd-division/country:us/state:al/place:nectar,Nectar town
ocd-division/country:us/state:al/place:needham,Needham town
ocd-division/country:us/state:al/place:new_brockton,New Brockton town
ocd-division/country:us/state:al/place:new_hope,New Hope city
ocd-division/country:us/state:al/place:new_site,New Site town
ocd-division/country:us/state:al/place:newbern,Newbern town
ocd-division/country:us/state:al/place:newton,Newton town
ocd-division/country:us/state:al/place:newville,Newville town
ocd-division/country:us/state:al/place:north_courtland,North Courtland town
ocd-division/country:us/state:al/place:north_johns,North Johns town
ocd-division/country:us/state:al/place:northport,Northport city
ocd-division/country:us/state:al/place:notasulga,Notasulga town
ocd-division/country:us/state:al/place:oak_grove,Oak Grove town
ocd-division/country:us/state:al/place:oak_hill,Oak Hill town
ocd-division/country:us/state:al/place:oakman,Oakman town
ocd-division/country:us/state:al/place:odenville,Odenville town
ocd-division/country:us/state:al/place:ohatchee,Ohatchee town
ocd-division/country:us/state:al/place:oneonta,Oneonta city
ocd-division/country:us/state:al/place:onycha,Onycha town
ocd-division/country:us/state:al/place:opelika,Opelika city
ocd-division/country:us/state:al/place:opp,Opp city
ocd-division/country:us/state:al/place:orange_beach,Orange Beach city
ocd-division/country:us/state:al/place:orrville,Orrville town
ocd-division/country:us/state:al/place:owens_cross_roads,Owens Cross Roads town
ocd-division/country:us/state:al/place:oxford,Oxford city
ocd-division/country:us/state:al/place:ozark,Ozark city
ocd-division/country:us/state:al/place:paint_rock,Paint Rock town
ocd-division/country:us/state:al/place:parrish,Parrish town
ocd-division/country:us/state:al/place:pelham,Pelham city
ocd-division/country:us/state:al/place:pell_city,Pell City city
ocd-division/country:us/state:al/place:pennington,Pennington town
ocd-division/country:us/state:al/place:perdido_beach,Perdido Beach town
ocd-division/country:us/state:al/place:petrey,Petrey town
ocd-division/country:us/state:al/place:phenix_city,Phenix City city
ocd-division/country:us/state:al/place:phil_campbell,Phil Campbell town
ocd-division/country:us/state:al/place:pickensville,Pickensville town
ocd-division/country:us/state:al/place:piedmont,Piedmont city
ocd-division/country:us/state:al/place:pike_road,Pike Road town
ocd-division/country:us/state:al/place:pinckard,Pinckard town
ocd-division/country:us/state:al/place:pine_apple,Pine Apple town
ocd-division/country:us/state:al/place:pine_hill,Pine Hill town
ocd-division/country:us/state:al/place:pine_ridge,Pine Ridge town
ocd-division/country:us/state:al/place:pinson,Pinson city
ocd-division/country:us/state:al/place:pisgah,Pisgah town
ocd-division/country:us/state:al/place:pleasant_grove,Pleasant Grove city
ocd-division/country:us/state:al/place:pleasant_groves,Pleasant Groves town
ocd-division/country:us/state:al/place:pollard,Pollard town
ocd-division/country:us/state:al/place:powell,Powell town
ocd-division/country:us/state:al/place:prattville,Prattville city
ocd-division/country:us/state:al/place:priceville,Priceville town
ocd-division/country:us/state:al/place:prichard,Prichard city
ocd-division/country:us/state:al/place:providence,Providence town
ocd-division/country:us/state:al/place:ragland,Ragland town
ocd-division/country:us/state:al/place:rainbow_city,Rainbow City city
ocd-division/country:us/state:al/place:rainsville,Rainsville city
ocd-division/country:us/state:al/place:ranburne,Ranburne town
ocd-division/country:us/state:al/place:red_bay,Red Bay city
ocd-division/country:us/state:al/place:red_level,Red Level town
ocd-division/country:us/state:al/place:reece_city,Reece City town
ocd-division/country:us/state:al/place:reform,Reform town
ocd-division/country:us/state:al/place:rehobeth,Rehobeth town
ocd-division/country:us/state:al/place:repton,Repton town
ocd-division/country:us/state:al/place:ridgeville,Ridgeville town
ocd-division/country:us/state:al/place:river_falls,River Falls town
ocd-division/country:us/state:al/place:riverside,Riverside town
ocd-division/country:us/state:al/place:riverview,Riverview town
ocd-division/country:us/state:al/place:roanoke,Roanoke city
ocd-division/country:us/state:al/place:robertsdale,Robertsdale city
ocd-division/country:us/state:al/place:rockford,Rockford town
ocd-division/country:us/state:al/place:rogersville,Rogersville town
ocd-division/country:us/state:al/place:rosa,Rosa town
ocd-division/country:us/state:al/place:russellville,Russellville city
ocd-division/country:us/state:al/place:rutledge,Rutledge town
ocd-division/country:us/state:al/place:samson,Samson city
ocd-division/country:us/state:al/place:sand_rock,Sand Rock town
ocd-division/country:us/state:al/place:sanford,Sanford town
ocd-division/country:us/state:al/place:saraland,Saraland city
ocd-division/country:us/state:al/place:sardis_city,Sardis City town
ocd-division/country:us/state:al/place:satsuma,Satsuma city
ocd-division/country:us/state:al/place:scottsboro,Scottsboro city
ocd-division/country:us/state:al/place:section,Section town
ocd-division/country:us/state:al/place:selma,Selma city
ocd-division/country:us/state:al/place:sheffield,Sheffield city
ocd-division/country:us/state:al/place:shiloh,Shiloh town
ocd-division/country:us/state:al/place:shorter,Shorter town
ocd-division/country:us/state:al/place:silas,Silas town
ocd-division/country:us/state:al/place:silverhill,Silverhill town
ocd-division/country:us/state:al/place:sipsey,Sipsey town
ocd-division/country:us/state:al/place:skyline,Skyline town
ocd-division/country:us/state:al/place:slocomb,Slocomb city
ocd-division/country:us/state:al/place:smiths_station,Smiths Station city
ocd-division/country:us/state:al/place:snead,Snead town
ocd-division/country:us/state:al/place:somerville,Somerville town
ocd-division/country:us/state:al/place:south_vinemont,South Vinemont town
ocd-division/country:us/state:al/place:southside,Southside city
ocd-division/country:us/state:al/place:spanish_fort,Spanish Fort city
ocd-division/country:us/state:al/place:springville,Springville city
ocd-division/country:us/state:al/place:st_florian,St. Florian town
ocd-division/country:us/state:al/place:steele,Steele town
ocd-division/country:us/state:al/place:stevenson,Stevenson city
ocd-division/country:us/state:al/place:sulligent,Sulligent city
ocd-division/country:us/state:al/place:sumiton,Sumiton city
ocd-division/country:us/state:al/place:summerdale,Summerdale town
ocd-division/country:us/state:al/place:susan_moore,Susan Moore town
ocd-division/country:us/state:al/place:sweet_water,Sweet Water town
ocd-division/country:us/state:al/place:sylacauga,Sylacauga city
ocd-division/country:us/state:al/place:sylvan_springs,Sylvan Springs town
ocd-division/country:us/state:al/place:sylvania,Sylvania town
ocd-division/country:us/state:al/place:talladega,Talladega city
ocd-division/country:us/state:al/place:talladega_springs,Talladega Springs town
ocd-division/country:us/state:al/place:tallassee,Tallassee city
ocd-division/country:us/state:al/place:tarrant,Tarrant city
ocd-division/country:us/state:al/place:taylor,Taylor town
ocd-division/country:us/state:al/place:thomaston,Thomaston town
ocd-division/country:us/state:al/place:thomasville,Thomasville city
ocd-division/country:us/state:al/place:thorsby,Thorsby town
ocd-division/country:us/state:al/place:town_creek,Town Creek town
ocd-division/country:us/state:al/place:toxey,Toxey town
ocd-division/country:us/state:al/place:trafford,Trafford town
ocd-division/country:us/state:al/place:triana,Triana town
ocd-division/country:us/state:al/place:trinity,Trinity town
ocd-division/country:us/state:al/place:troy,Troy city
ocd-division/country:us/state:al/place:trussville,Trussville city
ocd-division/country:us/state:al/place:tuscaloosa,Tuscaloosa city
ocd-division/country:us/state:al/place:tuscumbia,Tuscumbia city
ocd-division/country:us/state:al/place:tuskegee,Tuskegee city
ocd-division/country:us/state:al/place:twin,Twin town
ocd-division/country:us/state:al/place:union,Union town
ocd-division/country:us/state:al/place:union_grove,Union Grove town
ocd-division/country:us/state:al/place:union_springs,Union Springs city
ocd-division/country:us/state:al/place:uniontown,Uniontown town
ocd-division/country:us/state:al/place:valley,Valley city
ocd-division/country:us/state:al/place:valley_grande,Valley Grande city
ocd-division/country:us/state:al/place:valley_head,Valley Head town
ocd-division/country:us/state:al/place:vance,Vance town
ocd-division/country:us/state:al/place:vernon,Vernon city
ocd-division/country:us/state:al/place:vestavia_hills,Vestavia Hills city
ocd-division/country:us/state:al/place:vina,Vina town
ocd-division/country:us/state:al/place:vincent,Vincent town
ocd-division/country:us/state:al/place:vredenburgh,Vredenburgh town
ocd-division/country:us/state:al/place:wadley,Wadley town
ocd-division/country:us/state:al/place:waldo,Waldo town
ocd-division/country:us/state:al/place:walnut_grove,Walnut Grove town
ocd-division/country:us/state:al/place:warrior,Warrior city
ocd-division/country:us/state:al/place:waterloo,Waterloo town
ocd-division/country:us/state:al/place:waverly,Waverly town
ocd-division/country:us/state:al/place:weaver,Weaver city
ocd-division/country:us/state:al/place:webb,Webb town
ocd-division/country:us/state:al/place:wedowee,Wedowee town
ocd-division/country:us/state:al/place:west_blocton,West Blocton town
ocd-division/country:us/state:al/place:west_jefferson,West Jefferson town
ocd-division/country:us/state:al/place:west_point,West Point town
ocd-division/country:us/state:al/place:westover,Westover town
ocd-division/country:us/state:al/place:wetumpka,Wetumpka city
ocd-division/country:us/state:al/place:white_hall,White Hall town
ocd-division/country:us/state:al/place:wilsonville,Wilsonville town
ocd-division/country:us/state:al/place:wilton,Wilton town
ocd-division/country:us/state:al/place:winfield,Winfield city
ocd-division/country:us/state:al/place:woodland,Woodland town
ocd-division/country:us/state:al/place:woodstock,Woodstock town
ocd-division/country:us/state:al/place:woodville,Woodville town
ocd-division/country:us/state:al/place:yellow_bluff,Yellow Bluff town
ocd-division/country:us/state:al/place:york,York city
