ocd-division/country:us/state:me/place:auburn/precinct:1-1,Auburn Precinct 1-1
ocd-division/country:us/state:me/place:auburn/precinct:2-1,Auburn Precinct 2-1
ocd-division/country:us/state:me/place:auburn/precinct:3-1,Auburn Precinct 3-1
ocd-division/country:us/state:me/place:auburn/precinct:4-1,Auburn Precinct 4-1
ocd-division/country:us/state:me/place:auburn/precinct:5-1,Auburn Precinct 5-1
ocd-division/country:us/state:me/place:durham/precinct:1-1,Durham Precinct 1-1
ocd-division/country:us/state:me/place:greene/precinct:1-1,Greene Precinct 1-1
ocd-division/country:us/state:me/place:leeds/precinct:1-1,Leeds Precinct 1-1
ocd-division/country:us/state:me/place:lewiston/precinct:1-1,Lewiston Precinct 1-1
ocd-division/country:us/state:me/place:lewiston/precinct:2-1,Lewiston Precinct 2-1
ocd-division/country:us/state:me/place:lewiston/precinct:3-1,Lewiston Precinct 3-1
ocd-division/country:us/state:me/place:lewiston/precinct:4-1,Lewiston Precinct 4-1
ocd-division/country:us/state:me/place:lewiston/precinct:5-1,Lewiston Precinct 5-1
ocd-division/country:us/state:me/place:lewiston/precinct:6-1,Lewiston Precinct 6-1
ocd-division/country:us/state:me/place:lewiston/precinct:7-1,Lewiston Precinct 7-1
ocd-division/country:us/state:me/place:lisbon/precinct:1-1,Lisbon Precinct 1-1
ocd-division/country:us/state:me/place:lisbon/precinct:2-1,Lisbon Precinct 2-1
ocd-division/country:us/state:me/place:livermore/precinct:1-1,Livermore Precinct 1-1
ocd-division/country:us/state:me/place:livermore_falls/precinct:1-1,Livermore Falls Precinct 1-1
ocd-division/country:us/state:me/place:mechanic_falls/precinct:1-1,Mechanic Falls Precinct 1-1
ocd-division/country:us/state:me/place:minot/precinct:1-1,Minot Precinct 1-1
ocd-division/country:us/state:me/place:poland/precinct:1-1,Poland Precinct 1-1
ocd-division/country:us/state:me/place:sabattus/precinct:1-1,Sabattus Precinct 1-1
ocd-division/country:us/state:me/place:turner/precinct:1-1,Turner Precinct 1-1
ocd-division/country:us/state:me/place:wales/precinct:1-1,Wales Precinct 1-1
ocd-division/country:us/state:me/place:allagash/precinct:1-1,Allagash Precinct 1-1
ocd-division/country:us/state:me/place:amity/precinct:1-1,Amity Precinct 1-1
ocd-division/country:us/state:me/place:ashland/precinct:1-1,Ashland Precinct 1-1
ocd-division/country:us/state:me/place:bancroft/precinct:1-1,Bancroft Precinct 1-1
ocd-division/country:us/state:me/place:benedicta/precinct:1-1,Benedicta Twp Precinct 1-1
ocd-division/country:us/state:me/place:blaine/precinct:1-1,Blaine Precinct 1-1
ocd-division/country:us/state:me/place:bridgewater/precinct:1-1,Bridgewater Precinct 1-1
ocd-division/country:us/state:me/place:caribou/precinct:1-1,Caribou Precinct 1-1
ocd-division/country:us/state:me/place:cary/precinct:1-1,Cary Precinct 1-1
ocd-division/country:us/state:me/place:castle_hill/precinct:1-1,Castle Hill Precinct 1-1
ocd-division/country:us/state:me/place:caswell/precinct:1-1,Caswell Precinct 1-1
ocd-division/country:us/state:me/place:chapman/precinct:1-1,Chapman Precinct 1-1
ocd-division/country:us/state:me/place:connor/precinct:1-1,Connor Twp Precinct 1-1
ocd-division/country:us/state:me/place:cross_lake/precinct:1-1,Cross Lake Twp Precinct 1-1
ocd-division/country:us/state:me/place:crystal/precinct:1-1,Crystal Precinct 1-1
ocd-division/country:us/state:me/place:cyr/precinct:1-1,Cyr Precinct 1-1
ocd-division/country:us/state:me/place:dyer_brook/precinct:1-1,Dyer Brook Precinct 1-1
ocd-division/country:us/state:me/place:eagle_lake/precinct:1-1,Eagle Lake Precinct 1-1
ocd-division/country:us/state:me/place:easton/precinct:1-1,Easton Precinct 1-1
ocd-division/country:us/state:me/place:fort_fairfield/precinct:1-1,Fort Fairfield Precinct 1-1
ocd-division/country:us/state:me/place:fort_kent/precinct:1-10,Fort Kent Precinct 1-10
ocd-division/country:us/state:me/place:fort_kent/precinct:1-11,Fort Kent Precinct 1-11
ocd-division/country:us/state:me/place:fort_kent/precinct:1-2,Fort Kent Precinct 1-2
ocd-division/country:us/state:me/place:fort_kent/precinct:1-3,Fort Kent Precinct 1-3
ocd-division/country:us/state:me/place:fort_kent/precinct:1-4,Fort Kent Precinct 1-4
ocd-division/country:us/state:me/place:fort_kent/precinct:1-5,Fort Kent Precinct 1-5
ocd-division/country:us/state:me/place:fort_kent/precinct:1-6,Fort Kent Precinct 1-6
ocd-division/country:us/state:me/place:fort_kent/precinct:1-7,Fort Kent Precinct 1-7
ocd-division/country:us/state:me/place:fort_kent/precinct:1-8,Fort Kent Precinct 1-8
ocd-division/country:us/state:me/place:frenchville/precinct:1-1,Frenchville Precinct 1-1
ocd-division/country:us/state:me/place:garfield/precinct:1-1,Garfield Precinct 1-1
ocd-division/country:us/state:me/place:glenwood/precinct:1-1,Glenwood Precinct 1-1
ocd-division/country:us/state:me/place:grand_isle/precinct:1-1,Grand Isle Precinct 1-1
ocd-division/country:us/state:me/place:hamlin/precinct:1-1,Hamlin Precinct 1-1
ocd-division/country:us/state:me/place:hammond/precinct:1-1,Hammond Precinct 1-1
ocd-division/country:us/state:me/place:haynesville/precinct:1-1,Haynesville Precinct 1-1
ocd-division/country:us/state:me/place:hersey/precinct:1-1,Hersey Precinct 1-1
ocd-division/country:us/state:me/place:hodgdon/precinct:1-1,Hodgdon Precinct 1-1
ocd-division/country:us/state:me/place:houlton/precinct:1-1,Houlton Precinct 1-1
ocd-division/country:us/state:me/place:island_falls/precinct:1-1,Island Falls Precinct 1-1
ocd-division/country:us/state:me/place:limestone/precinct:1-1,Limestone Precinct 1-1
ocd-division/country:us/state:me/place:linneus/precinct:1-1,Linneus Precinct 1-1
ocd-division/country:us/state:me/place:littleton/precinct:1-1,Littleton Precinct 1-1
ocd-division/country:us/state:me/place:ludlow/precinct:1-1,Ludlow Precinct 1-1
ocd-division/country:us/state:me/place:macwahoc/precinct:1-1,Macwahoc Precinct 1-1
ocd-division/country:us/state:me/place:madawaska/precinct:1-1,Madawaska Precinct 1-1
ocd-division/country:us/state:me/place:madawaska_lake/precinct:1-1,Madawaska Lake Twp Precinct 1-1
ocd-division/country:us/state:me/place:mapleton/precinct:1-1,Mapleton Precinct 1-1
ocd-division/country:us/state:me/place:mapleton/precinct:1-2,Mapleton Precinct 1-2
ocd-division/country:us/state:me/place:mapleton/precinct:1-3,Mapleton Precinct 1-3
ocd-division/country:us/state:me/place:mars_hill/precinct:1-1,Mars Hill Precinct 1-1
ocd-division/country:us/state:me/place:masardis/precinct:1-1,Masardis Precinct 1-1
ocd-division/country:us/state:me/place:merrill/precinct:1-1,Merrill Precinct 1-1
ocd-division/country:us/state:me/place:monticello/precinct:1-1,Monticello Precinct 1-1
ocd-division/country:us/state:me/place:moro/precinct:1-1,Moro Precinct 1-1
ocd-division/country:us/state:me/place:nashville/precinct:1-1,Nashville Precinct 1-1
ocd-division/country:us/state:me/place:new_canada/precinct:1-1,New Canada Precinct 1-1
ocd-division/country:us/state:me/place:new_limerick/precinct:1-1,New Limerick Precinct 1-1
ocd-division/country:us/state:me/place:new_sweden/precinct:1-1,New Sweden Precinct 1-1
ocd-division/country:us/state:me/place:oakfield/precinct:1-1,Oakfield Precinct 1-1
ocd-division/country:us/state:me/place:orient/precinct:1-1,Orient Precinct 1-1
ocd-division/country:us/state:me/place:oxbow/precinct:1-1,Oxbow Precinct 1-1
ocd-division/country:us/state:me/place:perham/precinct:1-1,Perham Precinct 1-1
ocd-division/country:us/state:me/place:portage_lake/precinct:1-1,Portage Lake Precinct 1-1
ocd-division/country:us/state:me/place:presque_isle/precinct:1-10,Presque Isle Precinct 1-10
ocd-division/country:us/state:me/place:presque_isle/precinct:1-11,Presque Isle Precinct 1-11
ocd-division/country:us/state:me/place:presque_isle/precinct:1-12,Presque Isle Precinct 1-12
ocd-division/country:us/state:me/place:presque_isle/precinct:1-13,Presque Isle Precinct 1-13
ocd-division/country:us/state:me/place:presque_isle/precinct:1-14,Presque Isle Precinct 1-14
ocd-division/country:us/state:me/place:presque_isle/precinct:1-15,Presque Isle Precinct 1-15
ocd-division/country:us/state:me/place:presque_isle/precinct:1-16,Presque Isle Precinct 1-16
ocd-division/country:us/state:me/place:presque_isle/precinct:1-3,Presque Isle Precinct 1-3
ocd-division/country:us/state:me/place:presque_isle/precinct:1-4,Presque Isle Precinct 1-4
ocd-division/country:us/state:me/place:presque_isle/precinct:1-5,Presque Isle Precinct 1-5
ocd-division/country:us/state:me/place:presque_isle/precinct:1-6,Presque Isle Precinct 1-6
ocd-division/country:us/state:me/place:presque_isle/precinct:1-7,Presque Isle Precinct 1-7
ocd-division/country:us/state:me/place:presque_isle/precinct:1-8,Presque Isle Precinct 1-8
ocd-division/country:us/state:me/place:presque_isle/precinct:1-9,Presque Isle Precinct 1-9
ocd-division/country:us/state:me/place:presque_isle/precinct:2-17,Presque Isle Precinct 2-17
ocd-division/country:us/state:me/place:presque_isle/precinct:2-4,Presque Isle Precinct 2-4
ocd-division/country:us/state:me/place:presque_isle/precinct:2-5,Presque Isle Precinct 2-5
ocd-division/country:us/state:me/place:reed/precinct:1-1,Reed Precinct 1-1
ocd-division/country:us/state:me/place:st_agatha/precinct:1-1,St Agatha Precinct 1-1
ocd-division/country:us/state:me/place:st_francis/precinct:1-1,St Francis Precinct 1-1
ocd-division/country:us/state:me/place:st_john/precinct:1-1,St John Precinct 1-1
ocd-division/country:us/state:me/place:sherman/precinct:1-1,Sherman Precinct 1-1
ocd-division/country:us/state:me/place:silver_ridge/precinct:1-1,Silver Ridge Twp Precinct 1-1
ocd-division/country:us/state:me/place:sinclair/precinct:1-1,Sinclair Precinct 1-1
ocd-division/country:us/state:me/place:smyrna/precinct:1-1,Smyrna Precinct 1-1
ocd-division/country:us/state:me/place:stockholm/precinct:1-1,Stockholm Precinct 1-1
ocd-division/country:us/state:me/place:van_buren/precinct:1-1,Van Buren Precinct 1-1
ocd-division/country:us/state:me/place:wade/precinct:1-1,Wade Precinct 1-1
ocd-division/country:us/state:me/place:wallagrass/precinct:1-1,Wallagrass Precinct 1-1
ocd-division/country:us/state:me/place:washburn/precinct:1-1,Washburn Precinct 1-1
ocd-division/country:us/state:me/place:westfield/precinct:1-1,Westfield Precinct 1-1
ocd-division/country:us/state:me/place:westmanland/precinct:1-1,Westmanland Precinct 1-1
ocd-division/country:us/state:me/place:weston/precinct:1-1,Weston Precinct 1-1
ocd-division/country:us/state:me/place:winterville/precinct:1-1,Winterville Precinct 1-1
ocd-division/country:us/state:me/place:woodland/precinct:1-1,Woodland Precinct 1-1
ocd-division/country:us/state:me/place:baldwin/precinct:1-1,Baldwin Precinct 1-1
ocd-division/country:us/state:me/place:bridgton/precinct:1-1,Bridgton Precinct 1-1
ocd-division/country:us/state:me/place:brunswick/precinct:1-1,Brunswick Precinct 1-1
ocd-division/country:us/state:me/place:brunswick/precinct:2-1,Brunswick Precinct 2-1
ocd-division/country:us/state:me/place:brunswick/precinct:3-1,Brunswick Precinct 3-1
ocd-division/country:us/state:me/place:brunswick/precinct:4-1,Brunswick Precinct 4-1
ocd-division/country:us/state:me/place:brunswick/precinct:5-1,Brunswick Precinct 5-1
ocd-division/country:us/state:me/place:brunswick/precinct:6-1,Brunswick Precinct 6-1
ocd-division/country:us/state:me/place:brunswick/precinct:7-1,Brunswick Precinct 7-1
ocd-division/country:us/state:me/place:cape_elizabeth/precinct:1-1,Cape Elizabeth Precinct 1-1
ocd-division/country:us/state:me/place:casco/precinct:1-1,Casco Precinct 1-1
ocd-division/country:us/state:me/place:chebeague_island/precinct:1-1,Chebeague Island Precinct 1-1
ocd-division/country:us/state:me/place:cumberland/precinct:1-1,Cumberland Precinct 1-1
ocd-division/country:us/state:me/place:falmouth/precinct:1-1,Falmouth Precinct 1-1
ocd-division/country:us/state:me/place:freeport/precinct:1-1,Freeport Precinct 1-1
ocd-division/country:us/state:me/place:freeport/precinct:2-1,Freeport Precinct 2-1
ocd-division/country:us/state:me/place:freeport/precinct:3-1,Freeport Precinct 3-1
ocd-division/country:us/state:me/place:freeport/precinct:4-1,Freeport Precinct 4-1
ocd-division/country:us/state:me/place:frye_island/precinct:1-1,Frye Island Precinct 1-1
ocd-division/country:us/state:me/place:gorham/precinct:1-1,Gorham Precinct 1-1
ocd-division/country:us/state:me/place:gorham/precinct:2-1,Gorham Precinct 2-1
ocd-division/country:us/state:me/place:gray/precinct:1-1,Gray Precinct 1-1
ocd-division/country:us/state:me/place:harpswell/precinct:1-1,Harpswell Precinct 1-1
ocd-division/country:us/state:me/place:harpswell/precinct:2-1,Harpswell Precinct 2-1
ocd-division/country:us/state:me/place:harpswell/precinct:3-1,Harpswell Precinct 3-1
ocd-division/country:us/state:me/place:harrison/precinct:1-1,Harrison Precinct 1-1
ocd-division/country:us/state:me/place:long_island/precinct:1-1,Long Island Precinct 1-1
ocd-division/country:us/state:me/place:naples/precinct:1-1,Naples Precinct 1-1
ocd-division/country:us/state:me/place:new_gloucester/precinct:1-1,New Gloucester Precinct 1-1
ocd-division/country:us/state:me/place:north_yarmouth/precinct:1-1,North Yarmouth Precinct 1-1
ocd-division/country:us/state:me/place:portland/precinct:1-1,Portland Precinct 1-1
ocd-division/country:us/state:me/place:portland/precinct:1-2,Portland Precinct 1-2
ocd-division/country:us/state:me/place:portland/precinct:1-3,Portland Precinct 1-3
ocd-division/country:us/state:me/place:portland/precinct:1-45,Portland Precinct 1-45
ocd-division/country:us/state:me/place:portland/precinct:2-1,Portland Precinct 2-1
ocd-division/country:us/state:me/place:portland/precinct:2-2,Portland Precinct 2-2
ocd-division/country:us/state:me/place:portland/precinct:3-1,Portland Precinct 3-1
ocd-division/country:us/state:me/place:portland/precinct:3-2,Portland Precinct 3-2
ocd-division/country:us/state:me/place:portland/precinct:4-1,Portland Precinct 4-1
ocd-division/country:us/state:me/place:portland/precinct:4-2,Portland Precinct 4-2
ocd-division/country:us/state:me/place:portland/precinct:5-1,Portland Precinct 5-1
ocd-division/country:us/state:me/place:portland/precinct:5-2,Portland Precinct 5-2
ocd-division/country:us/state:me/place:pownal/precinct:1-1,Pownal Precinct 1-1
ocd-division/country:us/state:me/place:raymond/precinct:1-1,Raymond Precinct 1-1
ocd-division/country:us/state:me/place:scarborough/precinct:1-1,Scarborough Precinct 1-1
ocd-division/country:us/state:me/place:sebago/precinct:1-1,Sebago Precinct 1-1
ocd-division/country:us/state:me/place:south_portland/precinct:1-1,South Portland Precinct 1-1
ocd-division/country:us/state:me/place:south_portland/precinct:2-1,South Portland Precinct 2-1
ocd-division/country:us/state:me/place:south_portland/precinct:3-1,South Portland Precinct 3-1
ocd-division/country:us/state:me/place:south_portland/precinct:4-1,South Portland Precinct 4-1
ocd-division/country:us/state:me/place:south_portland/precinct:5-1,South Portland Precinct 5-1
ocd-division/country:us/state:me/place:standish/precinct:1-1,Standish Precinct 1-1
ocd-division/country:us/state:me/place:westbrook/precinct:1-1,Westbrook Precinct 1-1
ocd-division/country:us/state:me/place:westbrook/precinct:2-1,Westbrook Precinct 2-1
ocd-division/country:us/state:me/place:westbrook/precinct:3-1,Westbrook Precinct 3-1
ocd-division/country:us/state:me/place:westbrook/precinct:4-1,Westbrook Precinct 4-1
ocd-division/country:us/state:me/place:westbrook/precinct:5-1,Westbrook Precinct 5-1
ocd-division/country:us/state:me/place:windham/precinct:1-1,Windham Precinct 1-1
ocd-division/country:us/state:me/place:yarmouth/precinct:1-1,Yarmouth Precinct 1-1
ocd-division/country:us/state:me/place:avon/precinct:1-1,Avon Precinct 1-1
ocd-division/country:us/state:me/place:carrabassett_valley/precinct:1-1,Carrabassett Valley Precinct 1-1
ocd-division/country:us/state:me/place:carthage/precinct:1-1,Carthage Precinct 1-1
ocd-division/country:us/state:me/place:chesterville/precinct:1-1,Chesterville Precinct 1-1
ocd-division/country:us/state:me/place:coplin/precinct:1-1,Coplin Precinct 1-1
ocd-division/country:us/state:me/place:dallas/precinct:1-1,Dallas Precinct 1-1
ocd-division/country:us/state:me/place:eustis/precinct:1-1,Eustis Precinct 1-1
ocd-division/country:us/state:me/place:farmington/precinct:1-1,Farmington Precinct 1-1
ocd-division/country:us/state:me/place:industry/precinct:1-1,Industry Precinct 1-1
ocd-division/country:us/state:me/place:jay/precinct:1-1,Jay Precinct 1-1
ocd-division/country:us/state:me/place:kingfield/precinct:1-1,Kingfield Precinct 1-1
ocd-division/country:us/state:me/place:new_sharon/precinct:1-1,New Sharon Precinct 1-1
ocd-division/country:us/state:me/place:new_vineyard/precinct:1-1,New Vineyard Precinct 1-1
ocd-division/country:us/state:me/place:phillips/precinct:1-1,Phillips Precinct 1-1
ocd-division/country:us/state:me/place:rangeley_town/precinct:1-1,Rangeley Town Precinct 1-1
ocd-division/country:us/state:me/place:rangeley_plantation/precinct:1-1,Rangeley Plantation Precinct 1-1
ocd-division/country:us/state:me/place:sandy_river/precinct:1-1,Sandy River Precinct 1-1
ocd-division/country:us/state:me/place:strong/precinct:1-1,Strong Precinct 1-1
ocd-division/country:us/state:me/place:temple/precinct:1-1,Temple Precinct 1-1
ocd-division/country:us/state:me/place:weld/precinct:1-1,Weld Precinct 1-1
ocd-division/country:us/state:me/place:wilton/precinct:1-1,Wilton Precinct 1-1
ocd-division/country:us/state:me/place:amherst/precinct:1-1,Amherst Precinct 1-1
ocd-division/country:us/state:me/place:aurora/precinct:1-1,Aurora Precinct 1-1
ocd-division/country:us/state:me/place:bar_harbor/precinct:1-1,Bar Harbor Precinct 1-1
ocd-division/country:us/state:me/place:blue_hill/precinct:1-1,Blue Hill Precinct 1-1
ocd-division/country:us/state:me/place:brooklin/precinct:1-1,Brooklin Precinct 1-1
ocd-division/country:us/state:me/place:brooksville/precinct:1-1,Brooksville Precinct 1-1
ocd-division/country:us/state:me/place:bucksport/precinct:1-1,Bucksport Precinct 1-1
ocd-division/country:us/state:me/place:castine/precinct:1-1,Castine Precinct 1-1
ocd-division/country:us/state:me/place:cranberry_isles/precinct:1-1,Cranberry Isles Precinct 1-1
ocd-division/country:us/state:me/place:cranberry_isles/precinct:2-1,Cranberry Isles Precinct 2-1
ocd-division/country:us/state:me/place:dedham/precinct:1-1,Dedham Precinct 1-1
ocd-division/country:us/state:me/place:deer_isle/precinct:1-1,Deer Isle Precinct 1-1
ocd-division/country:us/state:me/place:eastbrook/precinct:1-1,Eastbrook Precinct 1-1
ocd-division/country:us/state:me/place:ellsworth/precinct:1-1,Ellsworth Precinct 1-1
ocd-division/country:us/state:me/place:ellsworth/precinct:2-1,Ellsworth Precinct 2-1
ocd-division/country:us/state:me/place:ellsworth/precinct:3-1,Ellsworth Precinct 3-1
ocd-division/country:us/state:me/place:ellsworth/precinct:4-1,Ellsworth Precinct 4-1
ocd-division/country:us/state:me/place:franklin/precinct:1-1,Franklin Precinct 1-1
ocd-division/country:us/state:me/place:frenchboro/precinct:1-1,Frenchboro Precinct 1-1
ocd-division/country:us/state:me/place:gouldsboro/precinct:1-1,Gouldsboro Precinct 1-1
ocd-division/country:us/state:me/place:great_pond/precinct:1-1,Great Pond Precinct 1-1
ocd-division/country:us/state:me/place:hancock/precinct:1-1,Hancock Precinct 1-1
ocd-division/country:us/state:me/place:lamoine/precinct:1-1,Lamoine Precinct 1-1
ocd-division/country:us/state:me/place:mariaville/precinct:1-1,Mariaville Precinct 1-1
ocd-division/country:us/state:me/place:mount_desert/precinct:1-1,Mount Desert Precinct 1-1
ocd-division/country:us/state:me/place:orland/precinct:1-1,Orland Precinct 1-1
ocd-division/country:us/state:me/place:osborn/precinct:1-1,Osborn Precinct 1-1
ocd-division/country:us/state:me/place:otis/precinct:1-1,Otis Precinct 1-1
ocd-division/country:us/state:me/place:penobscot/precinct:1-1,Penobscot Precinct 1-1
ocd-division/country:us/state:me/place:sedgwick/precinct:1-1,Sedgwick Precinct 1-1
ocd-division/country:us/state:me/place:sorrento/precinct:1-1,Sorrento Precinct 1-1
ocd-division/country:us/state:me/place:southwest_harbor/precinct:1-1,Southwest Harbor Precinct 1-1
ocd-division/country:us/state:me/place:stonington/precinct:1-1,Stonington Precinct 1-1
ocd-division/country:us/state:me/place:sullivan/precinct:1-1,Sullivan Precinct 1-1
ocd-division/country:us/state:me/place:surry/precinct:1-1,Surry Precinct 1-1
ocd-division/country:us/state:me/place:swans_island/precinct:1-1,Swans Island Precinct 1-1
ocd-division/country:us/state:me/place:tremont/precinct:1-1,Tremont Precinct 1-1
ocd-division/country:us/state:me/place:trenton/precinct:1-1,Trenton Precinct 1-1
ocd-division/country:us/state:me/place:verona_island/precinct:1-1,Verona Island Precinct 1-1
ocd-division/country:us/state:me/place:waltham/precinct:1-1,Waltham Precinct 1-1
ocd-division/country:us/state:me/place:winter_harbor/precinct:1-1,Winter Harbor Precinct 1-1
ocd-division/country:us/state:me/place:albion/precinct:1-1,Albion Precinct 1-1
ocd-division/country:us/state:me/place:augusta/precinct:1-1,Augusta Precinct 1-1
ocd-division/country:us/state:me/place:augusta/precinct:2-1,Augusta Precinct 2-1
ocd-division/country:us/state:me/place:augusta/precinct:3-1,Augusta Precinct 3-1
ocd-division/country:us/state:me/place:augusta/precinct:4-1,Augusta Precinct 4-1
ocd-division/country:us/state:me/place:belgrade/precinct:1-1,Belgrade Precinct 1-1
ocd-division/country:us/state:me/place:benton/precinct:1-1,Benton Precinct 1-1
ocd-division/country:us/state:me/place:chelsea/precinct:1-1,Chelsea Precinct 1-1
ocd-division/country:us/state:me/place:china/precinct:1-1,China Precinct 1-1
ocd-division/country:us/state:me/place:clinton/precinct:1-1,Clinton Precinct 1-1
ocd-division/country:us/state:me/place:farmingdale/precinct:1-1,Farmingdale Precinct 1-1
ocd-division/country:us/state:me/place:fayette/precinct:1-1,Fayette Precinct 1-1
ocd-division/country:us/state:me/place:gardiner/precinct:1-1,Gardiner Precinct 1-1
ocd-division/country:us/state:me/place:gardiner/precinct:2-1,Gardiner Precinct 2-1
ocd-division/country:us/state:me/place:gardiner/precinct:3-1,Gardiner Precinct 3-1
ocd-division/country:us/state:me/place:gardiner/precinct:4-1,Gardiner Precinct 4-1
ocd-division/country:us/state:me/place:hallowell/precinct:1-1,Hallowell Precinct 1-1
ocd-division/country:us/state:me/place:hallowell/precinct:2-1,Hallowell Precinct 2-1
ocd-division/country:us/state:me/place:hallowell/precinct:3-1,Hallowell Precinct 3-1
ocd-division/country:us/state:me/place:hallowell/precinct:4-1,Hallowell Precinct 4-1
ocd-division/country:us/state:me/place:hallowell/precinct:5-1,Hallowell Precinct 5-1
ocd-division/country:us/state:me/place:litchfield/precinct:1-1,Litchfield Precinct 1-1
ocd-division/country:us/state:me/place:manchester/precinct:1-1,Manchester Precinct 1-1
ocd-division/country:us/state:me/place:monmouth/precinct:1-1,Monmouth Precinct 1-1
ocd-division/country:us/state:me/place:mount_vernon/precinct:1-1,Mount Vernon Precinct 1-1
ocd-division/country:us/state:me/place:oakland/precinct:1-1,Oakland Precinct 1-1
ocd-division/country:us/state:me/place:pittston/precinct:1-1,Pittston Precinct 1-1
ocd-division/country:us/state:me/place:randolph/precinct:1-1,Randolph Precinct 1-1
ocd-division/country:us/state:me/place:readfield/precinct:1-1,Readfield Precinct 1-1
ocd-division/country:us/state:me/place:rome/precinct:1-1,Rome Precinct 1-1
ocd-division/country:us/state:me/place:sidney/precinct:1-1,Sidney Precinct 1-1
ocd-division/country:us/state:me/place:vassalboro/precinct:1-1,Vassalboro Precinct 1-1
ocd-division/country:us/state:me/place:vienna/precinct:1-1,Vienna Precinct 1-1
ocd-division/country:us/state:me/place:waterville/precinct:1-1,Waterville Precinct 1-1
ocd-division/country:us/state:me/place:waterville/precinct:2-1,Waterville Precinct 2-1
ocd-division/country:us/state:me/place:waterville/precinct:3-1,Waterville Precinct 3-1
ocd-division/country:us/state:me/place:waterville/precinct:4-1,Waterville Precinct 4-1
ocd-division/country:us/state:me/place:waterville/precinct:5-1,Waterville Precinct 5-1
ocd-division/country:us/state:me/place:waterville/precinct:6-1,Waterville Precinct 6-1
ocd-division/country:us/state:me/place:waterville/precinct:7-1,Waterville Precinct 7-1
ocd-division/country:us/state:me/place:wayne/precinct:1-1,Wayne Precinct 1-1
ocd-division/country:us/state:me/place:west_gardiner/precinct:1-1,West Gardiner Precinct 1-1
ocd-division/country:us/state:me/place:windsor/precinct:1-1,Windsor Precinct 1-1
ocd-division/country:us/state:me/place:winslow/precinct:1-1,Winslow Precinct 1-1
ocd-division/country:us/state:me/place:winslow/precinct:2-1,Winslow Precinct 2-1
ocd-division/country:us/state:me/place:winslow/precinct:3-1,Winslow Precinct 3-1
ocd-division/country:us/state:me/place:winslow/precinct:4-1,Winslow Precinct 4-1
ocd-division/country:us/state:me/place:winslow/precinct:5-1,Winslow Precinct 5-1
ocd-division/country:us/state:me/place:winthrop/precinct:1-1,Winthrop Precinct 1-1
ocd-division/country:us/state:me/place:appleton/precinct:1-1,Appleton Precinct 1-1
ocd-division/country:us/state:me/place:camden/precinct:1-1,Camden Precinct 1-1
ocd-division/country:us/state:me/place:cushing/precinct:1-1,Cushing Precinct 1-1
ocd-division/country:us/state:me/place:friendship/precinct:1-1,Friendship Precinct 1-1
ocd-division/country:us/state:me/place:hope/precinct:1-1,Hope Precinct 1-1
ocd-division/country:us/state:me/place:isle_au_haut/precinct:1-1,Isle Au Haut Precinct 1-1
ocd-division/country:us/state:me/place:matinicus_isle/precinct:1-1,Matinicus Isle Precinct 1-1
ocd-division/country:us/state:me/place:north_haven/precinct:1-1,North Haven Precinct 1-1
ocd-division/country:us/state:me/place:owls_head/precinct:1-1,Owls Head Precinct 1-1
ocd-division/country:us/state:me/place:rockland/precinct:1-1,Rockland Precinct 1-1
ocd-division/country:us/state:me/place:rockport/precinct:1-1,Rockport Precinct 1-1
ocd-division/country:us/state:me/place:st_george/precinct:1-1,St George Precinct 1-1
ocd-division/country:us/state:me/place:south_thomaston/precinct:1-1,South Thomaston Precinct 1-1
ocd-division/country:us/state:me/place:thomaston/precinct:1-1,Thomaston Precinct 1-1
ocd-division/country:us/state:me/place:union/precinct:1-1,Union Precinct 1-1
ocd-division/country:us/state:me/place:vinalhaven/precinct:1-1,Vinalhaven Precinct 1-1
ocd-division/country:us/state:me/place:warren/precinct:1-1,Warren Precinct 1-1
ocd-division/country:us/state:me/place:washington/precinct:1-1,Washington Precinct 1-1
ocd-division/country:us/state:me/place:alna/precinct:1-1,Alna Precinct 1-1
ocd-division/country:us/state:me/place:boothbay/precinct:1-1,Boothbay Precinct 1-1
ocd-division/country:us/state:me/place:boothbay_harbor/precinct:1-1,Boothbay Harbor Precinct 1-1
ocd-division/country:us/state:me/place:bremen/precinct:1-1,Bremen Precinct 1-1
ocd-division/country:us/state:me/place:bristol/precinct:1-1,Bristol Precinct 1-1
ocd-division/country:us/state:me/place:damariscotta/precinct:1-1,Damariscotta Precinct 1-1
ocd-division/country:us/state:me/place:dresden/precinct:1-1,Dresden Precinct 1-1
ocd-division/country:us/state:me/place:edgecomb/precinct:1-1,Edgecomb Precinct 1-1
ocd-division/country:us/state:me/place:jefferson/precinct:1-1,Jefferson Precinct 1-1
ocd-division/country:us/state:me/place:monhegan/precinct:1-1,Monhegan Precinct 1-1
ocd-division/country:us/state:me/place:newcastle/precinct:1-1,Newcastle Precinct 1-1
ocd-division/country:us/state:me/place:nobleboro/precinct:1-1,Nobleboro Precinct 1-1
ocd-division/country:us/state:me/place:somerville/precinct:1-1,Somerville Precinct 1-1
ocd-division/country:us/state:me/place:south_bristol/precinct:1-1,South Bristol Precinct 1-1
ocd-division/country:us/state:me/place:southport/precinct:1-1,Southport Precinct 1-1
ocd-division/country:us/state:me/place:waldoboro/precinct:1-1,Waldoboro Precinct 1-1
ocd-division/country:us/state:me/place:westport_island/precinct:1-1,Westport Island Precinct 1-1
ocd-division/country:us/state:me/place:whitefield/precinct:1-1,Whitefield Precinct 1-1
ocd-division/country:us/state:me/place:wiscasset/precinct:1-1,Wiscasset Precinct 1-1
ocd-division/country:us/state:me/place:albany/precinct:1-1,Albany Twp Precinct 1-1
ocd-division/country:us/state:me/place:andover/precinct:1-1,Andover Precinct 1-1
ocd-division/country:us/state:me/place:bethel/precinct:1-1,Bethel Precinct 1-1
ocd-division/country:us/state:me/place:brownfield/precinct:1-1,Brownfield Precinct 1-1
ocd-division/country:us/state:me/place:buckfield/precinct:1-1,Buckfield Precinct 1-1
ocd-division/country:us/state:me/place:byron/precinct:1-1,Byron Precinct 1-1
ocd-division/country:us/state:me/place:canton/precinct:1-1,Canton Precinct 1-1
ocd-division/country:us/state:me/place:denmark/precinct:1-1,Denmark Precinct 1-1
ocd-division/country:us/state:me/place:dixfield/precinct:1-1,Dixfield Precinct 1-1
ocd-division/country:us/state:me/place:fryeburg/precinct:1-1,Fryeburg Precinct 1-1
ocd-division/country:us/state:me/place:gilead/precinct:1-1,Gilead Precinct 1-1
ocd-division/country:us/state:me/place:greenwood/precinct:1-1,Greenwood Precinct 1-1
ocd-division/country:us/state:me/place:hanover/precinct:1-1,Hanover Precinct 1-1
ocd-division/country:us/state:me/place:hartford/precinct:1-1,Hartford Precinct 1-1
ocd-division/country:us/state:me/place:hebron/precinct:1-1,Hebron Precinct 1-1
ocd-division/country:us/state:me/place:hiram/precinct:1-1,Hiram Precinct 1-1
ocd-division/country:us/state:me/place:lincoln_plantation/precinct:1-1,Lincoln Plantation Precinct 1-1
ocd-division/country:us/state:me/place:lovell/precinct:1-1,Lovell Precinct 1-1
ocd-division/country:us/state:me/place:magalloway/precinct:1-1,Magalloway Precinct 1-1
ocd-division/country:us/state:me/place:mexico/precinct:1-1,Mexico Precinct 1-1
ocd-division/country:us/state:me/place:newry/precinct:1-1,Newry Precinct 1-1
ocd-division/country:us/state:me/place:norway/precinct:1-1,Norway Precinct 1-1
ocd-division/country:us/state:me/place:otisfield/precinct:1-1,Otisfield Precinct 1-1
ocd-division/country:us/state:me/place:oxford/precinct:1-1,Oxford Precinct 1-1
ocd-division/country:us/state:me/place:paris/precinct:1-1,Paris Precinct 1-1
ocd-division/country:us/state:me/place:peru/precinct:1-1,Peru Precinct 1-1
ocd-division/country:us/state:me/place:porter/precinct:1-1,Porter Precinct 1-1
ocd-division/country:us/state:me/place:roxbury/precinct:1-1,Roxbury Precinct 1-1
ocd-division/country:us/state:me/place:rumford/precinct:1-1,Rumford Precinct 1-1
ocd-division/country:us/state:me/place:stoneham/precinct:1-1,Stoneham Precinct 1-1
ocd-division/country:us/state:me/place:stow/precinct:1-1,Stow Precinct 1-1
ocd-division/country:us/state:me/place:sumner/precinct:1-1,Sumner Precinct 1-1
ocd-division/country:us/state:me/place:sweden/precinct:1-1,Sweden Precinct 1-1
ocd-division/country:us/state:me/place:upton/precinct:1-1,Upton Precinct 1-1
ocd-division/country:us/state:me/place:waterford/precinct:1-1,Waterford Precinct 1-1
ocd-division/country:us/state:me/place:west_paris/precinct:1-1,West Paris Precinct 1-1
ocd-division/country:us/state:me/place:woodstock/precinct:1-1,Woodstock Precinct 1-1
ocd-division/country:us/state:me/place:alton/precinct:1-1,Alton Precinct 1-1
ocd-division/country:us/state:me/place:bangor/precinct:1-1,Bangor Precinct 1-1
ocd-division/country:us/state:me/place:bradford/precinct:1-1,Bradford Precinct 1-1
ocd-division/country:us/state:me/place:bradley/precinct:1-1,Bradley Precinct 1-1
ocd-division/country:us/state:me/place:brewer/precinct:1-1,Brewer Precinct 1-1
ocd-division/country:us/state:me/place:burlington/precinct:1-1,Burlington Precinct 1-1
ocd-division/country:us/state:me/place:carmel/precinct:1-1,Carmel Precinct 1-1
ocd-division/country:us/state:me/place:carroll/precinct:1-1,Carroll Precinct 1-1
ocd-division/country:us/state:me/place:charleston/precinct:1-1,Charleston Precinct 1-1
ocd-division/country:us/state:me/place:chester/precinct:1-1,Chester Precinct 1-1
ocd-division/country:us/state:me/place:clifton/precinct:1-1,Clifton Precinct 1-1
ocd-division/country:us/state:me/place:corinna/precinct:1-1,Corinna Precinct 1-1
ocd-division/country:us/state:me/place:corinth/precinct:1-1,Corinth Precinct 1-1
ocd-division/country:us/state:me/place:dexter/precinct:1-1,Dexter Precinct 1-1
ocd-division/country:us/state:me/place:dixmont/precinct:1-1,Dixmont Precinct 1-1
ocd-division/country:us/state:me/place:drew/precinct:1-1,Drew Precinct 1-1
ocd-division/country:us/state:me/place:east_millinocket/precinct:1-1,East Millinocket Precinct 1-1
ocd-division/country:us/state:me/place:eddington/precinct:1-1,Eddington Precinct 1-1
ocd-division/country:us/state:me/place:edinburg/precinct:1-1,Edinburg Precinct 1-1
ocd-division/country:us/state:me/place:enfield/precinct:1-1,Enfield Precinct 1-1
ocd-division/country:us/state:me/place:etna/precinct:1-1,Etna Precinct 1-1
ocd-division/country:us/state:me/place:exeter/precinct:1-1,Exeter Precinct 1-1
ocd-division/country:us/state:me/place:garland/precinct:1-1,Garland Precinct 1-1
ocd-division/country:us/state:me/place:glenburn/precinct:1-1,Glenburn Precinct 1-1
ocd-division/country:us/state:me/place:greenbush/precinct:1-1,Greenbush Precinct 1-1
ocd-division/country:us/state:me/place:hampden/precinct:1-1,Hampden Precinct 1-1
ocd-division/country:us/state:me/place:hampden/precinct:2-1,Hampden Precinct 2-1
ocd-division/country:us/state:me/place:hampden/precinct:3-1,Hampden Precinct 3-1
ocd-division/country:us/state:me/place:hampden/precinct:4-1,Hampden Precinct 4-1
ocd-division/country:us/state:me/place:hermon/precinct:1-1,Hermon Precinct 1-1
ocd-division/country:us/state:me/place:holden/precinct:1-1,Holden Precinct 1-1
ocd-division/country:us/state:me/place:howland/precinct:1-1,Howland Precinct 1-1
ocd-division/country:us/state:me/place:hudson/precinct:1-1,Hudson Precinct 1-1
ocd-division/country:us/state:me/place:kenduskeag/precinct:1-1,Kenduskeag Precinct 1-1
ocd-division/country:us/state:me/place:kingman/precinct:1-1,Kingman Twp Precinct 1-1
ocd-division/country:us/state:me/place:lagrange/precinct:1-1,Lagrange Precinct 1-1
ocd-division/country:us/state:me/place:lakeville/precinct:1-1,Lakeville Precinct 1-1
ocd-division/country:us/state:me/place:lee/precinct:1-1,Lee Precinct 1-1
ocd-division/country:us/state:me/place:levant/precinct:1-1,Levant Precinct 1-1
ocd-division/country:us/state:me/place:lincoln_town/precinct:1-1,Lincoln Town Precinct 1-1
ocd-division/country:us/state:me/place:lowell/precinct:1-1,Lowell Precinct 1-1
ocd-division/country:us/state:me/place:mattawamkeag/precinct:1-1,Mattawamkeag Precinct 1-1
ocd-division/country:us/state:me/place:maxfield/precinct:1-1,Maxfield Precinct 1-1
ocd-division/country:us/state:me/place:medway/precinct:1-1,Medway Precinct 1-1
ocd-division/country:us/state:me/place:milford/precinct:1-1,Milford Precinct 1-1
ocd-division/country:us/state:me/place:millinocket/precinct:1-1,Millinocket Precinct 1-1
ocd-division/country:us/state:me/place:millinocket/precinct:1-2,Millinocket Precinct 1-2
ocd-division/country:us/state:me/place:mount_chase/precinct:1-1,Mount Chase Precinct 1-1
ocd-division/country:us/state:me/place:newburgh/precinct:1-1,Newburgh Precinct 1-1
ocd-division/country:us/state:me/place:newport/precinct:1-1,Newport Precinct 1-1
ocd-division/country:us/state:me/place:old_town/precinct:1-1,Old Town Precinct 1-1
ocd-division/country:us/state:me/place:old_town/precinct:5-1,Old Town Precinct 5-1
ocd-division/country:us/state:me/place:orono/precinct:1-1,Orono Precinct 1-1
ocd-division/country:us/state:me/place:orono/precinct:1-2,Orono Precinct 1-2
ocd-division/country:us/state:me/place:orono/precinct:1-3,Orono Precinct 1-3
ocd-division/country:us/state:me/place:orrington/precinct:1-1,Orrington Precinct 1-1
ocd-division/country:us/state:me/place:passadumkeag/precinct:1-1,Passadumkeag Precinct 1-1
ocd-division/country:us/state:me/place:patten/precinct:1-1,Patten Precinct 1-1
ocd-division/country:us/state:me/place:penobscot_nation/precinct:1-1,Penobscot Nation Precinct 1-1
ocd-division/country:us/state:me/place:plymouth/precinct:1-1,Plymouth Precinct 1-1
ocd-division/country:us/state:me/place:prentiss/precinct:1-1,Prentiss Twp Precinct 1-1
ocd-division/country:us/state:me/place:seboeis/precinct:1-1,Seboeis Precinct 1-1
ocd-division/country:us/state:me/place:springfield/precinct:1-1,Springfield Precinct 1-1
ocd-division/country:us/state:me/place:stacyville/precinct:1-1,Stacyville Precinct 1-1
ocd-division/country:us/state:me/place:stetson/precinct:1-1,Stetson Precinct 1-1
ocd-division/country:us/state:me/place:veazie/precinct:1-1,Veazie Precinct 1-1
ocd-division/country:us/state:me/place:webster/precinct:1-1,Webster Precinct 1-1
ocd-division/country:us/state:me/place:winn/precinct:1-1,Winn Precinct 1-1
ocd-division/country:us/state:me/place:woodville/precinct:1-1,Woodville Precinct 1-1
ocd-division/country:us/state:me/place:abbot/precinct:1-1,Abbot Precinct 1-1
ocd-division/country:us/state:me/place:atkinson/precinct:1-1,Atkinson Precinct 1-1
ocd-division/country:us/state:me/place:beaver_cove/precinct:1-1,Beaver Cove Precinct 1-1
ocd-division/country:us/state:me/place:bowerbank/precinct:1-1,Bowerbank Precinct 1-1
ocd-division/country:us/state:me/place:brownville/precinct:1-1,Brownville Precinct 1-1
ocd-division/country:us/state:me/place:dover-foxcroft/precinct:1-1,Dover-Foxcroft Precinct 1-1
ocd-division/country:us/state:me/place:greenville/precinct:1-1,Greenville Precinct 1-1
ocd-division/country:us/state:me/place:guilford/precinct:1-1,Guilford Precinct 1-1
ocd-division/country:us/state:me/place:kingsbury/precinct:1-1,Kingsbury Precinct 1-1
ocd-division/country:us/state:me/place:lake_view/precinct:1-1,Lake View Precinct 1-1
ocd-division/country:us/state:me/place:medford/precinct:1-1,Medford Precinct 1-1
ocd-division/country:us/state:me/place:milo/precinct:1-1,Milo Precinct 1-1
ocd-division/country:us/state:me/place:monson/precinct:1-1,Monson Precinct 1-1
ocd-division/country:us/state:me/place:parkman/precinct:1-1,Parkman Precinct 1-1
ocd-division/country:us/state:me/place:sangerville/precinct:1-1,Sangerville Precinct 1-1
ocd-division/country:us/state:me/place:sebec/precinct:1-1,Sebec Precinct 1-1
ocd-division/country:us/state:me/place:shirley/precinct:1-1,Shirley Precinct 1-1
ocd-division/country:us/state:me/place:wellington/precinct:1-1,Wellington Precinct 1-1
ocd-division/country:us/state:me/place:willimantic/precinct:1-1,Willimantic Precinct 1-1
ocd-division/country:us/state:me/place:arrowsic/precinct:1-1,Arrowsic Precinct 1-1
ocd-division/country:us/state:me/place:bath/precinct:1-1,Bath Precinct 1-1
ocd-division/country:us/state:me/place:bath/precinct:2-1,Bath Precinct 2-1
ocd-division/country:us/state:me/place:bath/precinct:3-1,Bath Precinct 3-1
ocd-division/country:us/state:me/place:bath/precinct:4-1,Bath Precinct 4-1
ocd-division/country:us/state:me/place:bath/precinct:5-1,Bath Precinct 5-1
ocd-division/country:us/state:me/place:bath/precinct:6-1,Bath Precinct 6-1
ocd-division/country:us/state:me/place:bath/precinct:7-1,Bath Precinct 7-1
ocd-division/country:us/state:me/place:bowdoin/precinct:1-1,Bowdoin Precinct 1-1
ocd-division/country:us/state:me/place:bowdoinham/precinct:1-1,Bowdoinham Precinct 1-1
ocd-division/country:us/state:me/place:georgetown/precinct:1-1,Georgetown Precinct 1-1
ocd-division/country:us/state:me/place:phippsburg/precinct:1-5,Phippsburg Precinct 1-5
ocd-division/country:us/state:me/place:phippsburg/precinct:1-7,Phippsburg Precinct 1-7
ocd-division/country:us/state:me/place:richmond/precinct:1-1,Richmond Precinct 1-1
ocd-division/country:us/state:me/place:topsham/precinct:1-1,Topsham Precinct 1-1
ocd-division/country:us/state:me/place:west_bath/precinct:1-2,West Bath Precinct 1-2
ocd-division/country:us/state:me/place:west_bath/precinct:1-4,West Bath Precinct 1-4
ocd-division/country:us/state:me/place:woolwich/precinct:1-1,Woolwich Precinct 1-1
ocd-division/country:us/state:me/place:woolwich/precinct:1-3,Woolwich Precinct 1-3
ocd-division/country:us/state:me/place:anson/precinct:1-1,Anson Precinct 1-1
ocd-division/country:us/state:me/place:athens/precinct:1-1,Athens Precinct 1-1
ocd-division/country:us/state:me/place:bingham/precinct:1-1,Bingham Precinct 1-1
ocd-division/country:us/state:me/place:brighton/precinct:1-1,Brighton Precinct 1-1
ocd-division/country:us/state:me/place:cambridge/precinct:1-1,Cambridge Precinct 1-1
ocd-division/country:us/state:me/place:canaan/precinct:1-1,Canaan Precinct 1-1
ocd-division/country:us/state:me/place:caratunk/precinct:1-1,Caratunk Precinct 1-1
ocd-division/country:us/state:me/place:cornville/precinct:1-1,Cornville Precinct 1-1
ocd-division/country:us/state:me/place:dennistown/precinct:1-1,Dennistown Precinct 1-1
ocd-division/country:us/state:me/place:detroit/precinct:1-1,Detroit Precinct 1-1
ocd-division/country:us/state:me/place:embden/precinct:1-1,Embden Precinct 1-1
ocd-division/country:us/state:me/place:fairfield/precinct:1-1,Fairfield Precinct 1-1
ocd-division/country:us/state:me/place:harmony/precinct:1-1,Harmony Precinct 1-1
ocd-division/country:us/state:me/place:hartland/precinct:1-1,Hartland Precinct 1-1
ocd-division/country:us/state:me/place:highland/precinct:1-1,Highland Precinct 1-1
ocd-division/country:us/state:me/place:jackman/precinct:1-1,Jackman Precinct 1-1
ocd-division/country:us/state:me/place:jackman/precinct:1-2,Jackman Precinct 1-2
ocd-division/country:us/state:me/place:madison/precinct:1-1,Madison Precinct 1-1
ocd-division/country:us/state:me/place:mercer/precinct:1-1,Mercer Precinct 1-1
ocd-division/country:us/state:me/place:moose_river/precinct:1-1,Moose River Precinct 1-1
ocd-division/country:us/state:me/place:moscow/precinct:1-1,Moscow Precinct 1-1
ocd-division/country:us/state:me/place:new_portland/precinct:1-1,New Portland Precinct 1-1
ocd-division/country:us/state:me/place:norridgewock/precinct:1-1,Norridgewock Precinct 1-1
ocd-division/country:us/state:me/place:palmyra/precinct:1-1,Palmyra Precinct 1-1
ocd-division/country:us/state:me/place:pittsfield/precinct:1-1,Pittsfield Precinct 1-1
ocd-division/country:us/state:me/place:pittsfield/precinct:1-2,Pittsfield Precinct 1-2
ocd-division/country:us/state:me/place:pittsfield/precinct:1-3,Pittsfield Precinct 1-3
ocd-division/country:us/state:me/place:pittsfield/precinct:1-4,Pittsfield Precinct 1-4
ocd-division/country:us/state:me/place:pleasant_ridge/precinct:1-1,Pleasant Ridge Precinct 1-1
ocd-division/country:us/state:me/place:ripley/precinct:1-1,Ripley Precinct 1-1
ocd-division/country:us/state:me/place:rockwood_strip/precinct:1-1,Rockwood Strip Twp Precinct 1-1
ocd-division/country:us/state:me/place:st_albans/precinct:1-1,St Albans Precinct 1-1
ocd-division/country:us/state:me/place:skowhegan/precinct:1-1,Skowhegan Precinct 1-1
ocd-division/country:us/state:me/place:smithfield/precinct:1-1,Smithfield Precinct 1-1
ocd-division/country:us/state:me/place:solon/precinct:1-1,Solon Precinct 1-1
ocd-division/country:us/state:me/place:starks/precinct:1-1,Starks Precinct 1-1
ocd-division/country:us/state:me/place:the_forks/precinct:1-1,The Forks Precinct 1-1
ocd-division/country:us/state:me/place:west_forks/precinct:1-1,West Forks Precinct 1-1
ocd-division/country:us/state:me/place:belfast/precinct:1-1,Belfast Precinct 1-1
ocd-division/country:us/state:me/place:belfast/precinct:2-1,Belfast Precinct 2-1
ocd-division/country:us/state:me/place:belfast/precinct:3-1,Belfast Precinct 3-1
ocd-division/country:us/state:me/place:belfast/precinct:4-1,Belfast Precinct 4-1
ocd-division/country:us/state:me/place:belfast/precinct:5-1,Belfast Precinct 5-1
ocd-division/country:us/state:me/place:belmont/precinct:1-1,Belmont Precinct 1-1
ocd-division/country:us/state:me/place:brooks/precinct:1-1,Brooks Precinct 1-1
ocd-division/country:us/state:me/place:burnham/precinct:1-1,Burnham Precinct 1-1
ocd-division/country:us/state:me/place:frankfort/precinct:1-1,Frankfort Precinct 1-1
ocd-division/country:us/state:me/place:freedom/precinct:1-1,Freedom Precinct 1-1
ocd-division/country:us/state:me/place:islesboro/precinct:1-1,Islesboro Precinct 1-1
ocd-division/country:us/state:me/place:jackson/precinct:1-1,Jackson Precinct 1-1
ocd-division/country:us/state:me/place:knox/precinct:1-1,Knox Precinct 1-1
ocd-division/country:us/state:me/place:liberty/precinct:1-1,Liberty Precinct 1-1
ocd-division/country:us/state:me/place:lincolnville/precinct:1-1,Lincolnville Precinct 1-1
ocd-division/country:us/state:me/place:monroe/precinct:1-1,Monroe Precinct 1-1
ocd-division/country:us/state:me/place:montville/precinct:1-1,Montville Precinct 1-1
ocd-division/country:us/state:me/place:morrill/precinct:1-1,Morrill Precinct 1-1
ocd-division/country:us/state:me/place:northport/precinct:1-1,Northport Precinct 1-1
ocd-division/country:us/state:me/place:palermo/precinct:1-1,Palermo Precinct 1-1
ocd-division/country:us/state:me/place:prospect/precinct:1-1,Prospect Precinct 1-1
ocd-division/country:us/state:me/place:searsmont/precinct:1-1,Searsmont Precinct 1-1
ocd-division/country:us/state:me/place:searsport/precinct:1-1,Searsport Precinct 1-1
ocd-division/country:us/state:me/place:stockton_springs/precinct:1-1,Stockton Springs Precinct 1-1
ocd-division/country:us/state:me/place:swanville/precinct:1-1,Swanville Precinct 1-1
ocd-division/country:us/state:me/place:thorndike/precinct:1-1,Thorndike Precinct 1-1
ocd-division/country:us/state:me/place:troy/precinct:1-1,Troy Precinct 1-1
ocd-division/country:us/state:me/place:unity/precinct:1-1,Unity Precinct 1-1
ocd-division/country:us/state:me/place:waldo/precinct:1-1,Waldo Precinct 1-1
ocd-division/country:us/state:me/place:winterport/precinct:1-1,Winterport Precinct 1-1
ocd-division/country:us/state:me/place:addison/precinct:1-1,Addison Precinct 1-1
ocd-division/country:us/state:me/place:alexander/precinct:1-1,Alexander Precinct 1-1
ocd-division/country:us/state:me/place:baileyville/precinct:1-1,Baileyville Precinct 1-1
ocd-division/country:us/state:me/place:baring/precinct:1-1,Baring Precinct 1-1
ocd-division/country:us/state:me/place:beals/precinct:1-1,Beals Precinct 1-1
ocd-division/country:us/state:me/place:beddington/precinct:1-1,Beddington Precinct 1-1
ocd-division/country:us/state:me/place:big_lake/precinct:1-1,Big Lake Twp Precinct 1-1
ocd-division/country:us/state:me/place:brookton/precinct:1-1,Brookton Twp Precinct 1-1
ocd-division/country:us/state:me/place:calais/precinct:1-1,Calais Precinct 1-1
ocd-division/country:us/state:me/place:charlotte/precinct:1-1,Charlotte Precinct 1-1
ocd-division/country:us/state:me/place:cherryfield/precinct:1-1,Cherryfield Precinct 1-1
ocd-division/country:us/state:me/place:codyville/precinct:1-1,Codyville Precinct 1-1
ocd-division/country:us/state:me/place:columbia/precinct:1-1,Columbia Precinct 1-1
ocd-division/country:us/state:me/place:columbia_falls/precinct:1-1,Columbia Falls Precinct 1-1
ocd-division/country:us/state:me/place:cooper/precinct:1-1,Cooper Precinct 1-1
ocd-division/country:us/state:me/place:crawford/precinct:1-1,Crawford Precinct 1-1
ocd-division/country:us/state:me/place:cutler/precinct:1-1,Cutler Precinct 1-1
ocd-division/country:us/state:me/place:danforth/precinct:1-1,Danforth Precinct 1-1
ocd-division/country:us/state:me/place:deblois/precinct:1-1,Deblois Precinct 1-1
ocd-division/country:us/state:me/place:dennysville/precinct:1-1,Dennysville Precinct 1-1
ocd-division/country:us/state:me/place:east_machias/precinct:1-1,East Machias Precinct 1-1
ocd-division/country:us/state:me/place:eastport/precinct:1-1,Eastport Precinct 1-1
ocd-division/country:us/state:me/place:edmunds/precinct:1-1,Edmunds Twp Precinct 1-1
ocd-division/country:us/state:me/place:grand_lake_stream/precinct:1-1,Grand Lake Stream Precinct 1-1
ocd-division/country:us/state:me/place:harrington/precinct:1-1,Harrington Precinct 1-1
ocd-division/country:us/state:me/place:indian_township/precinct:1-1,Indian Township Precinct 1-1
ocd-division/country:us/state:me/place:jonesboro/precinct:1-1,Jonesboro Precinct 1-1
ocd-division/country:us/state:me/place:jonesport/precinct:1-1,Jonesport Precinct 1-1
ocd-division/country:us/state:me/place:lubec/precinct:1-1,Lubec Precinct 1-1
ocd-division/country:us/state:me/place:machias/precinct:1-1,Machias Precinct 1-1
ocd-division/country:us/state:me/place:machiasport/precinct:1-1,Machiasport Precinct 1-1
ocd-division/country:us/state:me/place:marshfield/precinct:1-1,Marshfield Precinct 1-1
ocd-division/country:us/state:me/place:meddybemps/precinct:1-1,Meddybemps Precinct 1-1
ocd-division/country:us/state:me/place:milbridge/precinct:1-1,Milbridge Precinct 1-1
ocd-division/country:us/state:me/place:northfield/precinct:1-1,Northfield Precinct 1-1
ocd-division/country:us/state:me/place:pembroke/precinct:1-1,Pembroke Precinct 1-1
ocd-division/country:us/state:me/place:perry/precinct:1-1,Perry Precinct 1-1
ocd-division/country:us/state:me/place:pleasant_point/precinct:1-1,Pleasant Point Precinct 1-1
ocd-division/country:us/state:me/place:princeton/precinct:1-1,Princeton Precinct 1-1
ocd-division/country:us/state:me/place:princeton/precinct:1-2,Princeton Precinct 1-2
ocd-division/country:us/state:me/place:robbinston/precinct:1-1,Robbinston Precinct 1-1
ocd-division/country:us/state:me/place:roque_bluffs/precinct:1-1,Roque Bluffs Precinct 1-1
ocd-division/country:us/state:me/place:steuben/precinct:1-1,Steuben Precinct 1-1
ocd-division/country:us/state:me/place:talmadge/precinct:1-1,Talmadge Precinct 1-1
ocd-division/country:us/state:me/place:topsfield/precinct:1-1,Topsfield Precinct 1-1
ocd-division/country:us/state:me/place:vanceboro/precinct:1-1,Vanceboro Precinct 1-1
ocd-division/country:us/state:me/place:waite/precinct:1-1,Waite Precinct 1-1
ocd-division/country:us/state:me/place:wesley/precinct:1-1,Wesley Precinct 1-1
ocd-division/country:us/state:me/place:whiting/precinct:1-1,Whiting Precinct 1-1
ocd-division/country:us/state:me/place:whitneyville/precinct:1-1,Whitneyville Precinct 1-1
ocd-division/country:us/state:me/place:acton/precinct:1-1,Acton Precinct 1-1
ocd-division/country:us/state:me/place:alfred/precinct:1-1,Alfred Precinct 1-1
ocd-division/country:us/state:me/place:alfred/precinct:1-2,Alfred Precinct 1-2
ocd-division/country:us/state:me/place:arundel/precinct:1-1,Arundel Precinct 1-1
ocd-division/country:us/state:me/place:berwick/precinct:1-1,Berwick Precinct 1-1
ocd-division/country:us/state:me/place:biddeford/precinct:1-1,Biddeford Precinct 1-1
ocd-division/country:us/state:me/place:biddeford/precinct:2-1,Biddeford Precinct 2-1
ocd-division/country:us/state:me/place:biddeford/precinct:3-1,Biddeford Precinct 3-1
ocd-division/country:us/state:me/place:biddeford/precinct:4-1,Biddeford Precinct 4-1
ocd-division/country:us/state:me/place:biddeford/precinct:5-1,Biddeford Precinct 5-1
ocd-division/country:us/state:me/place:biddeford/precinct:6-1,Biddeford Precinct 6-1
ocd-division/country:us/state:me/place:biddeford/precinct:7-1,Biddeford Precinct 7-1
ocd-division/country:us/state:me/place:buxton/precinct:1-1,Buxton Precinct 1-1
ocd-division/country:us/state:me/place:cornish/precinct:1-1,Cornish Precinct 1-1
ocd-division/country:us/state:me/place:dayton/precinct:1-1,Dayton Precinct 1-1
ocd-division/country:us/state:me/place:eliot/precinct:1-1,Eliot Precinct 1-1
ocd-division/country:us/state:me/place:hollis/precinct:1-1,Hollis Precinct 1-1
ocd-division/country:us/state:me/place:kennebunk/precinct:1-1,Kennebunk Precinct 1-1
ocd-division/country:us/state:me/place:kennebunk/precinct:1-2,Kennebunk Precinct 1-2
ocd-division/country:us/state:me/place:kennebunkport/precinct:1-1,Kennebunkport Precinct 1-1
ocd-division/country:us/state:me/place:kittery/precinct:1-1,Kittery Precinct 1-1
ocd-division/country:us/state:me/place:lebanon/precinct:1-1,Lebanon Precinct 1-1
ocd-division/country:us/state:me/place:limerick/precinct:1-1,Limerick Precinct 1-1
ocd-division/country:us/state:me/place:limington/precinct:1-1,Limington Precinct 1-1
ocd-division/country:us/state:me/place:lyman/precinct:1-1,Lyman Precinct 1-1
ocd-division/country:us/state:me/place:newfield/precinct:1-1,Newfield Precinct 1-1
ocd-division/country:us/state:me/place:north_berwick/precinct:1-1,North Berwick Precinct 1-1
ocd-division/country:us/state:me/place:ogunquit/precinct:1-1,Ogunquit Precinct 1-1
ocd-division/country:us/state:me/place:old_orchard_beach/precinct:1-1,Old Orchard Beach Precinct 1-1
ocd-division/country:us/state:me/place:parsonsfield/precinct:1-1,Parsonsfield Precinct 1-1
ocd-division/country:us/state:me/place:saco/precinct:1-1,Saco Precinct 1-1
ocd-division/country:us/state:me/place:saco/precinct:2-1,Saco Precinct 2-1
ocd-division/country:us/state:me/place:saco/precinct:3-1,Saco Precinct 3-1
ocd-division/country:us/state:me/place:saco/precinct:4-1,Saco Precinct 4-1
ocd-division/country:us/state:me/place:saco/precinct:5-1,Saco Precinct 5-1
ocd-division/country:us/state:me/place:saco/precinct:6-1,Saco Precinct 6-1
ocd-division/country:us/state:me/place:saco/precinct:7-1,Saco Precinct 7-1
ocd-division/country:us/state:me/place:sanford/precinct:1-1,Sanford Precinct 1-1
ocd-division/country:us/state:me/place:sanford/precinct:2-1,Sanford Precinct 2-1
ocd-division/country:us/state:me/place:sanford/precinct:3-1,Sanford Precinct 3-1
ocd-division/country:us/state:me/place:shapleigh/precinct:1-1,Shapleigh Precinct 1-1
ocd-division/country:us/state:me/place:south_berwick/precinct:1-1,South Berwick Precinct 1-1
ocd-division/country:us/state:me/place:waterboro/precinct:1-1,Waterboro Precinct 1-1
ocd-division/country:us/state:me/place:waterboro/precinct:2-1,Waterboro Precinct 2-1
ocd-division/country:us/state:me/place:wells/precinct:1-1,Wells Precinct 1-1
ocd-division/country:us/state:me/place:york/precinct:1-1,York Precinct 1-1
