id,name
ocd-division/country:my/state:01/ed:ayer_hitam,Ayer Hitam
ocd-division/country:my/state:01/ed:bakri,Bakri
ocd-division/country:my/state:01/ed:batu_pahat,Batu Pahat
ocd-division/country:my/state:01/ed:gelang_patah,Gelang Patah
ocd-division/country:my/state:01/ed:iskandar_puteri,Iskandar Puteri
ocd-division/country:my/state:01/ed:johor_bahru,Johor Bahru
ocd-division/country:my/state:01/ed:kluang,Kluang
ocd-division/country:my/state:01/ed:kota_tinggi,Kota Tinggi
ocd-division/country:my/state:01/ed:kulai,Kulai
ocd-division/country:my/state:01/ed:labis,Labis
ocd-division/country:my/state:01/ed:ledang,Ledang
ocd-division/country:my/state:01/ed:mersing,Mersing
ocd-division/country:my/state:01/ed:muar,Muar
ocd-division/country:my/state:01/ed:pagoh,Pagoh
ocd-division/country:my/state:01/ed:parit_sulong,Parit Sulong
ocd-division/country:my/state:01/ed:pasir_gudang,Pasir Gudang
ocd-division/country:my/state:01/ed:pengerang,Pengerang
ocd-division/country:my/state:01/ed:pontian,Pontian
ocd-division/country:my/state:01/ed:pulai,Pulai
ocd-division/country:my/state:01/ed:segamat,Segamat
ocd-division/country:my/state:01/ed:sekijang,Sekijang
ocd-division/country:my/state:01/ed:sembrong,Sembrong
ocd-division/country:my/state:01/ed:simpang_renggam,Simpang Renggam
ocd-division/country:my/state:01/ed:sri_gading,Sri Gading
ocd-division/country:my/state:01/ed:tanjong_piai,Tanjong Piai
ocd-division/country:my/state:01/ed:tebrau,Tebrau
ocd-division/country:my/state:01/ed:tenggara,Tenggara
ocd-division/country:my/state:02/ed:alor_setar,Alor Setar
ocd-division/country:my/state:02/ed:baling,Baling
ocd-division/country:my/state:02/ed:jerai,Jerai
ocd-division/country:my/state:02/ed:jerlun,Jerlun
ocd-division/country:my/state:02/ed:kuala_kedah,Kuala Kedah
ocd-division/country:my/state:02/ed:kubang_pasu,Kubang Pasu
ocd-division/country:my/state:02/ed:kulim-bandar_baharu,Kulim-Bandar Baharu
ocd-division/country:my/state:02/ed:langkawi,Langkawi
ocd-division/country:my/state:02/ed:merbok,Merbok
ocd-division/country:my/state:02/ed:padang_serai,Padang Serai
ocd-division/country:my/state:02/ed:padang_terap,Padang Terap
ocd-division/country:my/state:02/ed:pendang,Pendang
ocd-division/country:my/state:02/ed:pokok_sena,Pokok Sena
ocd-division/country:my/state:02/ed:sik,Sik
ocd-division/country:my/state:02/ed:sungai_petani,Sungai Petani
ocd-division/country:my/state:03/ed:bachok,Bachok
ocd-division/country:my/state:03/ed:gua_musang,Gua Musang
ocd-division/country:my/state:03/ed:jeli,Jeli
ocd-division/country:my/state:03/ed:ketereh,Ketereh
ocd-division/country:my/state:03/ed:kota_bharu,Kota Bharu
ocd-division/country:my/state:03/ed:kuala_krai,Kuala Krai
ocd-division/country:my/state:03/ed:kubang_kerian,Kubang Kerian
ocd-division/country:my/state:03/ed:machang,Machang
ocd-division/country:my/state:03/ed:pasir_mas,Pasir Mas
ocd-division/country:my/state:03/ed:pasir_puteh,Pasir Puteh
ocd-division/country:my/state:03/ed:pengkalan_chepa,Pengkalan Chepa
ocd-division/country:my/state:03/ed:rantau_panjang,Rantau Panjang
ocd-division/country:my/state:03/ed:tanah_merah,Tanah Merah
ocd-division/country:my/state:03/ed:tumpat,Tumpat
ocd-division/country:my/state:04/ed:alor_gajah,Alor Gajah
ocd-division/country:my/state:04/ed:bukit_katil,Bukit Katil
ocd-division/country:my/state:04/ed:hang_tuah_jaya,Hang Tuah Jaya
ocd-division/country:my/state:04/ed:jasin,Jasin
ocd-division/country:my/state:04/ed:kota_melaka,Kota Melaka
ocd-division/country:my/state:04/ed:masjid_tanah,Masjid Tanah
ocd-division/country:my/state:04/ed:tangga_batu,Tangga Batu
ocd-division/country:my/state:05/ed:jelebu,Jelebu
ocd-division/country:my/state:05/ed:jempol,Jempol
ocd-division/country:my/state:05/ed:kuala_pilah,Kuala Pilah
ocd-division/country:my/state:05/ed:port_dickson,Port Dickson
ocd-division/country:my/state:05/ed:rasah,Rasah
ocd-division/country:my/state:05/ed:rembau,Rembau
ocd-division/country:my/state:05/ed:seremban,Seremban
ocd-division/country:my/state:05/ed:tampin,Tampin
ocd-division/country:my/state:05/ed:telok_kemang,Telok Kemang
ocd-division/country:my/state:06/ed:bentong,Bentong
ocd-division/country:my/state:06/ed:bera,Bera
ocd-division/country:my/state:06/ed:cameron_highlands,Cameron Highlands
ocd-division/country:my/state:06/ed:indera_mahkota,Indera Mahkota
ocd-division/country:my/state:06/ed:jerantut,Jerantut
ocd-division/country:my/state:06/ed:kuala_krau,Kuala Krau
ocd-division/country:my/state:06/ed:kuantan,Kuantan
ocd-division/country:my/state:06/ed:lipis,Lipis
ocd-division/country:my/state:06/ed:maran,Maran
ocd-division/country:my/state:06/ed:paya_besar,Paya Besar
ocd-division/country:my/state:06/ed:pekan,Pekan
ocd-division/country:my/state:06/ed:raub,Raub
ocd-division/country:my/state:06/ed:rompin,Rompin
ocd-division/country:my/state:06/ed:temerloh,Temerloh
ocd-division/country:my/state:07/ed:bagan,Bagan
ocd-division/country:my/state:07/ed:balik_pulau,Balik Pulau
ocd-division/country:my/state:07/ed:batu_kawan,Batu Kawan
ocd-division/country:my/state:07/ed:bayan_baru,Bayan Baru
ocd-division/country:my/state:07/ed:bukit_bendera,Bukit Bendera
ocd-division/country:my/state:07/ed:bukit_gelugor,Bukit Gelugor
ocd-division/country:my/state:07/ed:bukit_mertajam,Bukit Mertajam
ocd-division/country:my/state:07/ed:jelutong,Jelutong
ocd-division/country:my/state:07/ed:kepala_batas,Kepala Batas
ocd-division/country:my/state:07/ed:nibong_tebal,Nibong Tebal
ocd-division/country:my/state:07/ed:permatang_pauh,Permatang Pauh
ocd-division/country:my/state:07/ed:tanjong,Tanjong
ocd-division/country:my/state:07/ed:tasek_gelugor,Tasek Gelugor
ocd-division/country:my/state:08/ed:bagan_datok,Bagan Datok
ocd-division/country:my/state:08/ed:bagan_serai,Bagan Serai
ocd-division/country:my/state:08/ed:batu_gajah,Batu Gajah
ocd-division/country:my/state:08/ed:beruas,Beruas
ocd-division/country:my/state:08/ed:bukit_gantang,Bukit Gantang
ocd-division/country:my/state:08/ed:gerik,Gerik
ocd-division/country:my/state:08/ed:gopeng,Gopeng
ocd-division/country:my/state:08/ed:ipoh_barat,Ipoh Barat
ocd-division/country:my/state:08/ed:ipoh_timor,Ipoh Timor
ocd-division/country:my/state:08/ed:kampar,Kampar
ocd-division/country:my/state:08/ed:kuala_kangsar,Kuala Kangsar
ocd-division/country:my/state:08/ed:larut,Larut
ocd-division/country:my/state:08/ed:lenggong,Lenggong
ocd-division/country:my/state:08/ed:lumut,Lumut
ocd-division/country:my/state:08/ed:padang_rengas,Padang Rengas
ocd-division/country:my/state:08/ed:parit,Parit
ocd-division/country:my/state:08/ed:parit_buntar,Parit Buntar
ocd-division/country:my/state:08/ed:pasir_salak,Pasir Salak
ocd-division/country:my/state:08/ed:sungai_siput,Sungai Siput
ocd-division/country:my/state:08/ed:taiping,Taiping
ocd-division/country:my/state:08/ed:tambun,Tambun
ocd-division/country:my/state:08/ed:tanjong_malim,Tanjong Malim
ocd-division/country:my/state:08/ed:tapah,Tapah
ocd-division/country:my/state:08/ed:telok_intan,Telok Intan
ocd-division/country:my/state:09/ed:arau,Arau
ocd-division/country:my/state:09/ed:kangar,Kangar
ocd-division/country:my/state:09/ed:padang_besar,Padang Besar
ocd-division/country:my/state:10/ed:ampang,Ampang
ocd-division/country:my/state:10/ed:bangi,Bangi
ocd-division/country:my/state:10/ed:damansara,Damansara
ocd-division/country:my/state:10/ed:gombak,Gombak
ocd-division/country:my/state:10/ed:hulu_langat,Hulu Langat
ocd-division/country:my/state:10/ed:hulu_selangor,Hulu Selangor
ocd-division/country:my/state:10/ed:kapar,Kapar
ocd-division/country:my/state:10/ed:kelana_jaya,Kelana Jaya
ocd-division/country:my/state:10/ed:klang,Klang
ocd-division/country:my/state:10/ed:kota_raja,Kota Raja
ocd-division/country:my/state:10/ed:kuala_langat,Kuala Langat
ocd-division/country:my/state:10/ed:kuala_selangor,Kuala Selangor
ocd-division/country:my/state:10/ed:pandan,Pandan
ocd-division/country:my/state:10/ed:petaling_jaya,Petaling Jaya
ocd-division/country:my/state:10/ed:petaling_jaya_selatan,Petaling Jaya Selatan
ocd-division/country:my/state:10/ed:petaling_jaya_utara,Petaling Jaya Utara
ocd-division/country:my/state:10/ed:puchong,Puchong
ocd-division/country:my/state:10/ed:sabak_bernam,Sabak Bernam
ocd-division/country:my/state:10/ed:selayang,Selayang
ocd-division/country:my/state:10/ed:sepang,Sepang
ocd-division/country:my/state:10/ed:serdang,Serdang
ocd-division/country:my/state:10/ed:shah_alam,Shah Alam
ocd-division/country:my/state:10/ed:subang,Subang
ocd-division/country:my/state:10/ed:sungai_besar,Sungai Besar
ocd-division/country:my/state:10/ed:sungai_buloh,Sungai Buloh
ocd-division/country:my/state:10/ed:tanjong_karang,Tanjong Karang
ocd-division/country:my/state:11/ed:besut,Besut
ocd-division/country:my/state:11/ed:dungun,Dungun
ocd-division/country:my/state:11/ed:hulu_terengganu,Hulu Terengganu
ocd-division/country:my/state:11/ed:kemaman,Kemaman
ocd-division/country:my/state:11/ed:kuala_nerus,Kuala Nerus
ocd-division/country:my/state:11/ed:kuala_terengganu,Kuala Terengganu
ocd-division/country:my/state:11/ed:marang,Marang
ocd-division/country:my/state:11/ed:setiu,Setiu
ocd-division/country:my/state:12/ed:batu_sapi,Batu Sapi
ocd-division/country:my/state:12/ed:beaufort,Beaufort
ocd-division/country:my/state:12/ed:beluran,Beluran
ocd-division/country:my/state:12/ed:kalabakan,Kalabakan
ocd-division/country:my/state:12/ed:keningau,Keningau
ocd-division/country:my/state:12/ed:kimanis,Kimanis
ocd-division/country:my/state:12/ed:kinabatangan,Kinabatangan
ocd-division/country:my/state:12/ed:kota_belud,Kota Belud
ocd-division/country:my/state:12/ed:kota_kinabalu,Kota Kinabalu
ocd-division/country:my/state:12/ed:kota_marudu,Kota Marudu
ocd-division/country:my/state:12/ed:kudat,Kudat
ocd-division/country:my/state:12/ed:lahad_datu,Lahad Datu
ocd-division/country:my/state:12/ed:libaran,Libaran
ocd-division/country:my/state:12/ed:papar,Papar
ocd-division/country:my/state:12/ed:penampang,Penampang
ocd-division/country:my/state:12/ed:pensiangan,Pensiangan
ocd-division/country:my/state:12/ed:putatan,Putatan
ocd-division/country:my/state:12/ed:ranau,Ranau
ocd-division/country:my/state:12/ed:sandakan,Sandakan
ocd-division/country:my/state:12/ed:semporna,Semporna
ocd-division/country:my/state:12/ed:sepanggar,Sepanggar
ocd-division/country:my/state:12/ed:silam,Silam
ocd-division/country:my/state:12/ed:sipitang,Sipitang
ocd-division/country:my/state:12/ed:tawau,Tawau
ocd-division/country:my/state:12/ed:tenom,Tenom
ocd-division/country:my/state:12/ed:tuaran,Tuaran
ocd-division/country:my/state:13/ed:bandar_kuching,Bandar Kuching
ocd-division/country:my/state:13/ed:baram,Baram
ocd-division/country:my/state:13/ed:batang_lupar,Batang Lupar
ocd-division/country:my/state:13/ed:batang_sadong,Batang Sadong
ocd-division/country:my/state:13/ed:betong,Betong
ocd-division/country:my/state:13/ed:bintulu,Bintulu
ocd-division/country:my/state:13/ed:hulu_rajang,Hulu Rajang
ocd-division/country:my/state:13/ed:igan,Igan
ocd-division/country:my/state:13/ed:julau,Julau
ocd-division/country:my/state:13/ed:kanowit,Kanowit
ocd-division/country:my/state:13/ed:kapit,Kapit
ocd-division/country:my/state:13/ed:kota_samarahan,Kota Samarahan
ocd-division/country:my/state:13/ed:lanang,Lanang
ocd-division/country:my/state:13/ed:lawas,Lawas
ocd-division/country:my/state:13/ed:limbang,Limbang
ocd-division/country:my/state:13/ed:lubok_antu,Lubok Antu
ocd-division/country:my/state:13/ed:mambong,Mambong
ocd-division/country:my/state:13/ed:mas_gading,Mas Gading
ocd-division/country:my/state:13/ed:miri,Miri
ocd-division/country:my/state:13/ed:mukah,Mukah
ocd-division/country:my/state:13/ed:petra_jaya,Petra Jaya
ocd-division/country:my/state:13/ed:puncak_borneo,Puncak Borneo
ocd-division/country:my/state:13/ed:santubong,Santubong
ocd-division/country:my/state:13/ed:saratok,Saratok
ocd-division/country:my/state:13/ed:sarikei,Sarikei
ocd-division/country:my/state:13/ed:selangau,Selangau
ocd-division/country:my/state:13/ed:serian,Serian
ocd-division/country:my/state:13/ed:sibu,Sibu
ocd-division/country:my/state:13/ed:sibuti,Sibuti
ocd-division/country:my/state:13/ed:sri_aman,Sri Aman
ocd-division/country:my/state:13/ed:stampin,Stampin
ocd-division/country:my/state:13/ed:tanjong_manis,Tanjong Manis
ocd-division/country:my/territory:14/ed:bandar_tun_razak,Bandar Tun Razak
ocd-division/country:my/territory:14/ed:batu,Batu
ocd-division/country:my/territory:14/ed:bukit_bintang,Bukit Bintang
ocd-division/country:my/territory:14/ed:cheras,Cheras
ocd-division/country:my/territory:14/ed:kepong,Kepong
ocd-division/country:my/territory:14/ed:lembah_pantai,Lembah Pantai
ocd-division/country:my/territory:14/ed:segambut,Segambut
ocd-division/country:my/territory:14/ed:seputeh,Seputeh
ocd-division/country:my/territory:14/ed:setiawangsa,Setiawangsa
ocd-division/country:my/territory:14/ed:titiwangsa,Titiwangsa
ocd-division/country:my/territory:14/ed:wangsa_maju,Wangsa Maju
ocd-division/country:my/territory:15/ed:labuan,Labuan
ocd-division/country:my/territory:16/ed:putrajaya,Putrajaya